Priority,State,County,Action,Phone,Email,Website,Instructions,Status,Notes,Date Completed
HIGH,AK,Aleutians East Borough,EMAIL_FOIA,(907) 383-2699,brosete@aeboro.org,,"Send FOIA email requesting current excess proceeds/surplus funds list for Aleutians East Borough, Alaska. Ask for Excel/PDF format. Template in county_email_outreach.py.",NOT STARTED,,
HIGH,AK,Aleutians West Census Area,EMAIL_FOIA,(907) 269-8872,dan.nelson@alaska.gov,https://www.commerce.alaska.gov/web/dcra/OfficeoftheStateAssessor,"Send FOIA email requesting current excess proceeds/surplus funds list for Aleutians West Census Area, Alaska. Ask for Excel/PDF format. Template in county_email_outreach.py.",NOT STARTED,,
HIGH,AK,Anchorage Borough,EMAIL_FOIA,(907) 343-6770,propappcs@muni.org,https://www.commerce.alaska.gov/web/dcra/OfficeoftheStateAssessor/TaxJurisdictions.aspx,"Send FOIA email requesting current excess proceeds/surplus funds list for Anchorage Borough, Alaska. Ask for Excel/PDF format. Template in county_email_outreach.py.",NOT STARTED,,
HIGH,AK,Bethel Census Area,EMAIL_FOIA,(907) 543-2047,sgaroutte@kodiakak.us,https://publicrecords.netronline.com/state/AK/county/bethel,"Send FOIA email requesting current excess proceeds/surplus funds list for Bethel Census Area, Alaska. Ask for Excel/PDF format. Template in county_email_outreach.py.",NOT STARTED,,
HIGH,AK,Bristol Bay Borough,EMAIL_FOIA,(907) 246-4224,clerk@bbbak.us,https://www.bristolbayboroughak.us/how_do_i/contact_us.php,"Send FOIA email requesting current excess proceeds/surplus funds list for Bristol Bay Borough, Alaska. Ask for Excel/PDF format. Template in county_email_outreach.py.",NOT STARTED,,
MEDIUM,AK,Denali Borough,EMAIL_FOIA,(907) 683-1330,sgaroutte@kodiakak.us,https://www.commerce.alaska.gov/web/dcra/LocalGovernmentResourceDesk/,"Send FOIA email requesting current excess proceeds/surplus funds list for Denali Borough, Alaska. Ask for Excel/PDF format. Template in county_email_outreach.py.",NOT STARTED,,
MEDIUM,AK,Dillingham Census Area,PHONE_REQUEST,(907) 842-5211,,https://www.dillinghamak.us/finance/page/property-tax-information,Call county office and request excess proceeds list. Ask: 1) Do you have an excess proceeds or surplus funds list? 2) Can you email it to claim@usforeclosurerecovery.com? 3) Is it available online?,NOT STARTED,,
MEDIUM,AK,Fairbanks North Star Borough,PHONE_REQUEST,(907) 459-1429,,https://www.fnsb.gov/166/Real-Property-Assessment-Tax-Information,Call county office and request excess proceeds list. Ask: 1) Do you have an excess proceeds or surplus funds list? 2) Can you email it to claim@usforeclosurerecovery.com? 3) Is it available online?,NOT STARTED,,
MEDIUM,AK,Haines Borough,EMAIL_FOIA,(907) 766-6400,dlambert@haines.ak.us,https://www.hainesalaska.gov/administration,"Send FOIA email requesting current excess proceeds/surplus funds list for Haines Borough, Alaska. Ask for Excel/PDF format. Template in county_email_outreach.py.",NOT STARTED,,
MEDIUM,AK,Hoonah-Angoon,EMAIL_FOIA,(907) 945-3663,finance@cityofhoonah.org,https://alaska.propertychecker.com/hoonah-angoon-borough-county,"Send FOIA email requesting current excess proceeds/surplus funds list for Hoonah-Angoon, Alaska. Ask for Excel/PDF format. Template in county_email_outreach.py.",NOT STARTED,,
MEDIUM,AK,Juneau Borough,EMAIL_FOIA,(907) 586-5215,assessor.office@juneau.gov,https://www.commerce.alaska.gov/web/dcra/OfficeoftheStateAssessor/TaxJurisdictions.aspx,"Send FOIA email requesting current excess proceeds/surplus funds list for Juneau Borough, Alaska. Ask for Excel/PDF format. Template in county_email_outreach.py.",NOT STARTED,,
MEDIUM,AK,Kenai Peninsula Borough,EMAIL_FOIA,(907) 714-2230,assessing@kpb.us,https://www.kpb.us/departments/assessing-department/assessing-contact,"Send FOIA email requesting current excess proceeds/surplus funds list for Kenai Peninsula Borough, Alaska. Ask for Excel/PDF format. Template in county_email_outreach.py.",NOT STARTED,,
MEDIUM,AK,Ketchikan Gateway Borough,EMAIL_FOIA,(907) 228-6620,awilcox@kpd.us,https://www.kgbak.us/directory.aspx?did=8,"Send FOIA email requesting current excess proceeds/surplus funds list for Ketchikan Gateway Borough, Alaska. Ask for Excel/PDF format. Template in county_email_outreach.py.",NOT STARTED,,
MEDIUM,AK,Kodiak Island Borough,EMAIL_FOIA,(907) 486-9353,sgaroutte@kodiakak.us,https://www.kodiakak.us/69/Assessing,"Send FOIA email requesting current excess proceeds/surplus funds list for Kodiak Island Borough, Alaska. Ask for Excel/PDF format. Template in county_email_outreach.py.",NOT STARTED,,
MEDIUM,AK,Kusivak,EMAIL_FOIA,(907) 459-1428,sgaroutte@kodiakak.us,https://fnsb.gov/Faq.aspx?QID=85,"Send FOIA email requesting current excess proceeds/surplus funds list for Kusivak, Alaska. Ask for Excel/PDF format. Template in county_email_outreach.py.",NOT STARTED,,
LOW,AK,Lake and Peninsula Borough,EMAIL_FOIA,(907) 246-3421,taxquestions@kpb.us,https://www.kpb.us/departments/property-tax/property-tax-contact,"Send FOIA email requesting current excess proceeds/surplus funds list for Lake and Peninsula Borough, Alaska. Ask for Excel/PDF format. Template in county_email_outreach.py.",NOT STARTED,,
LOW,AK,Matanuska-Susitna Borough,EMAIL_FOIA,(907) 861-8610,collections@matsugov.us,https://matsugov.us/contacts,"Send FOIA email requesting current excess proceeds/surplus funds list for Matanuska-Susitna Borough, Alaska. Ask for Excel/PDF format. Template in county_email_outreach.py.",NOT STARTED,,
LOW,AK,Nome Census Area,EMAIL_FOIA,(907) 443-6663,Taxrequest@nomealaska.org,https://www.commerce.alaska.gov/web/dcra/OfficeoftheStateAssessor/TaxJurisdictions.aspx,"Send FOIA email requesting current excess proceeds/surplus funds list for Nome Census Area, Alaska. Ask for Excel/PDF format. Template in county_email_outreach.py.",NOT STARTED,,
LOW,AK,North Slope Borough,EMAIL_FOIA,(907) 852-2611,krista.king@matsugov.us,https://www.commerce.alaska.gov/web/dcra/LocalGovernmentResourceDesk/,"Send FOIA email requesting current excess proceeds/surplus funds list for North Slope Borough, Alaska. Ask for Excel/PDF format. Template in county_email_outreach.py.",NOT STARTED,,
LOW,AK,Northwest Arctic Borough,EMAIL_FOIA,(907) 442-2500,sgaroutte@kodiakak.us,https://www.commerce.alaska.gov/web/dcra/OfficeoftheStateAssessor/TaxJurisdictions.aspx,"Send FOIA email requesting current excess proceeds/surplus funds list for Northwest Arctic Borough, Alaska. Ask for Excel/PDF format. Template in county_email_outreach.py.",NOT STARTED,,
LOW,AK,Petersburg,EMAIL_FOIA,(907) 772-4425,acaulum@petersburgak.gov,https://www.petersburgak.gov/finance/custom-contact-page/finance-contact-information,"Send FOIA email requesting current excess proceeds/surplus funds list for Petersburg, Alaska. Ask for Excel/PDF format. Template in county_email_outreach.py.",NOT STARTED,,
LOW,AK,Prince of Wales-Hyder,EMAIL_FOIA,(907) 826-3275,sgaroutte@kodiakak.us,https://www.commerce.alaska.gov/web/dcra/OfficeoftheStateAssessor,"Send FOIA email requesting current excess proceeds/surplus funds list for Prince of Wales-Hyder, Alaska. Ask for Excel/PDF format. Template in county_email_outreach.py.",NOT STARTED,,
LOW,AK,Sitka Borough,EMAIL_FOIA,(907) 747-1822,sgaroutte@kodiakak.us,https://www.commerce.alaska.gov/web/dcra/OfficeoftheStateAssessor/TaxJurisdictions.aspx,"Send FOIA email requesting current excess proceeds/surplus funds list for Sitka Borough, Alaska. Ask for Excel/PDF format. Template in county_email_outreach.py.",NOT STARTED,,
LOW,AK,Skagway,EMAIL_FOIA,(907) 983-2297,s.anderson@skagway.org,https://www.commerce.alaska.gov/web/dcra/OfficeoftheStateAssessor/TaxJurisdictions.aspx,"Send FOIA email requesting current excess proceeds/surplus funds list for Skagway, Alaska. Ask for Excel/PDF format. Template in county_email_outreach.py.",NOT STARTED,,
LOW,AK,Southeast Fairbanks Census Area,EMAIL_FOIA,(907) 459-1428,sgaroutte@kodiakak.us,https://alaska.propertychecker.com/southeast-fairbanks-census-area-county,"Send FOIA email requesting current excess proceeds/surplus funds list for Southeast Fairbanks Census Area, Alaska. Ask for Excel/PDF format. Template in county_email_outreach.py.",NOT STARTED,,
LOW,AK,Valdez-Cordova Census Area,EMAIL_FOIA,(907) 269-1029,james.greeley@alaska.gov,https://www.commerce.alaska.gov/web/dcra/OfficeoftheStateAssessor/TaxJurisdictions.aspx,"Send FOIA email requesting current excess proceeds/surplus funds list for Valdez-Cordova Census Area, Alaska. Ask for Excel/PDF format. Template in county_email_outreach.py.",NOT STARTED,,
LOW,AK,Wrangell,EMAIL_FOIA,(907) 874-2381,sales.tax.office@juneau.gov,https://www.commerce.alaska.gov/web/dcra/OfficeoftheStateAssessor/TaxJurisdictions.aspx,"Send FOIA email requesting current excess proceeds/surplus funds list for Wrangell, Alaska. Ask for Excel/PDF format. Template in county_email_outreach.py.",NOT STARTED,,
LOW,AK,Yakutat Borough,EMAIL_FOIA,(907) 784-3323,clerk@yakutatak.us,https://www.commerce.alaska.gov/web/dcra/OfficeoftheStateAssessor/TaxJurisdictions.aspx,"Send FOIA email requesting current excess proceeds/surplus funds list for Yakutat Borough, Alaska. Ask for Excel/PDF format. Template in county_email_outreach.py.",NOT STARTED,,
LOW,AK,Yukon-Koyukuk Census Area,EMAIL_FOIA,(907) 662-2477,sgaroutte@kodiakak.us,https://www.citydirectory.us/census-area-yukon-koyukuk.html,"Send FOIA email requesting current excess proceeds/surplus funds list for Yukon-Koyukuk Census Area, Alaska. Ask for Excel/PDF format. Template in county_email_outreach.py.",NOT STARTED,,
HIGH,AL,Autauga,PHONE_REQUEST,(334) 358-6750,,https://www.countyoffice.org/autauga-county-revenue-commissioners-office-prattville-al-1b7,Call county office and request excess proceeds list. Ask: 1) Do you have an excess proceeds or surplus funds list? 2) Can you email it to claim@usforeclosurerecovery.com? 3) Is it available online?,NOT STARTED,,
HIGH,AL,Baldwin,EMAIL_FOIA,(251) 937-0245,RevenueCommissioner@baldwincountyal.gov,https://baldwincountyal.gov/government/revenue-commission/contact-us,"Send FOIA email requesting current excess proceeds/surplus funds list for Baldwin, Alabama. Ask for Excel/PDF format. Template in county_email_outreach.py.",NOT STARTED,,
HIGH,AL,Barbour,PHONE_REQUEST,(334) 687-7639,,https://www.tax-rates.org/alabama/property-tax/barbour-county-assessor,Call county office and request excess proceeds list. Ask: 1) Do you have an excess proceeds or surplus funds list? 2) Can you email it to claim@usforeclosurerecovery.com? 3) Is it available online?,NOT STARTED,,
HIGH,AL,Bibb,PHONE_REQUEST,(205) 926-3105,,https://www.maconbibbtax.us,Call county office and request excess proceeds list. Ask: 1) Do you have an excess proceeds or surplus funds list? 2) Can you email it to claim@usforeclosurerecovery.com? 3) Is it available online?,NOT STARTED,,
HIGH,AL,Blount,EMAIL_FOIA,(205) 973-0285,garmstrong@blountcountyal.gov,https://blountcountyal.gov/government/staff-directory,"Send FOIA email requesting current excess proceeds/surplus funds list for Blount, Alabama. Ask for Excel/PDF format. Template in county_email_outreach.py.",NOT STARTED,,
MEDIUM,AL,Bullock,EMAIL_FOIA,(334) 738-2888,onespot@revenue.alabama.gov,https://www.revenue.alabama.gov/property-tax/county-offices-appraisal-assessment-records,"Send FOIA email requesting current excess proceeds/surplus funds list for Bullock, Alabama. Ask for Excel/PDF format. Template in county_email_outreach.py.",NOT STARTED,,
MEDIUM,AL,Butler,PHONE_REQUEST,(334) 382-3221,,https://alabamacountyoffices.com/butler/treasurer-tax-collector-offices,Call county office and request excess proceeds list. Ask: 1) Do you have an excess proceeds or surplus funds list? 2) Can you email it to claim@usforeclosurerecovery.com? 3) Is it available online?,NOT STARTED,,
MEDIUM,AL,Calhoun,EMAIL_FOIA,(256) 241-2840,onespot@revenue.alabama.gov,https://www.calhouncounty.org/revenue,"Send FOIA email requesting current excess proceeds/surplus funds list for Calhoun, Alabama. Ask for Excel/PDF format. Template in county_email_outreach.py.",NOT STARTED,,
MEDIUM,AL,Chambers,EMAIL_FOIA,(334) 864-4390,Beth.Abney@ChambersCountyAL.gov,https://www.chamberscountyrevenue.com/Default.asp?ID=312&pg=Contact+Us,"Send FOIA email requesting current excess proceeds/surplus funds list for Chambers, Alabama. Ask for Excel/PDF format. Template in county_email_outreach.py.",NOT STARTED,,
MEDIUM,AL,Cherokee,EMAIL_FOIA,(256) 927-5527,dustinstclair@cherokeecounty-al.gov,https://cherokeecounty-al.gov/revenue-commission,"Send FOIA email requesting current excess proceeds/surplus funds list for Cherokee, Alabama. Ask for Excel/PDF format. Template in county_email_outreach.py.",NOT STARTED,,
MEDIUM,AL,Chilton,EMAIL_FOIA,(205) 755-1249,revenuecommissioner@chiltoncounty.org,https://www.chiltoncountyrevenue.com/Default.asp?ID=344&pg=Contact+Us,"Send FOIA email requesting current excess proceeds/surplus funds list for Chilton, Alabama. Ask for Excel/PDF format. Template in county_email_outreach.py.",NOT STARTED,,
MEDIUM,AL,Choctaw,EMAIL_FOIA,(580) 326-6142,choctawcotreasurer16@yahoo.com,https://oktaxrolls.com/county/choctaw,"Send FOIA email requesting current excess proceeds/surplus funds list for Choctaw, Alabama. Ask for Excel/PDF format. Template in county_email_outreach.py.",NOT STARTED,,
MEDIUM,AL,Clarke,EMAIL_FOIA,(251) 275-3376,montana.prescott@yahoo.com,https://clarkecountyal.com/revenue-commissioner-clarke-co,"Send FOIA email requesting current excess proceeds/surplus funds list for Clarke, Alabama. Ask for Excel/PDF format. Template in county_email_outreach.py.",NOT STARTED,,
MEDIUM,AL,Clay,PHONE_REQUEST,(251) 344-4737,,https://www.claycountytax.com/about_us/contact_information.php,Call county office and request excess proceeds list. Ask: 1) Do you have an excess proceeds or surplus funds list? 2) Can you email it to claim@usforeclosurerecovery.com? 3) Is it available online?,NOT STARTED,,
MEDIUM,AL,Cleburne,EMAIL_FOIA,(256) 463-2873,jfuller@cleburnecounty.us,https://cleburnecountyal.com/revenue-commission,"Send FOIA email requesting current excess proceeds/surplus funds list for Cleburne, Alabama. Ask for Excel/PDF format. Template in county_email_outreach.py.",NOT STARTED,,
LOW,AL,Coffee,PHONE_REQUEST,(334) 894-5556,,https://www.coffeecountyrevenue.com,Call county office and request excess proceeds list. Ask: 1) Do you have an excess proceeds or surplus funds list? 2) Can you email it to claim@usforeclosurerecovery.com? 3) Is it available online?,NOT STARTED,,
LOW,AL,Colbert,EMAIL_FOIA,(256) 386-8530,onespot@revenue.alabama.gov,https://alabamacountyoffices.com/colbert/treasurer-tax-collector-offices,"Send FOIA email requesting current excess proceeds/surplus funds list for Colbert, Alabama. Ask for Excel/PDF format. Template in county_email_outreach.py.",NOT STARTED,,
LOW,AL,Conecuh,EMAIL_FOIA,(251) 578-1890,onespot@revenue.alabama.gov,https://www.revenue.alabama.gov/faqs/i-am-over-65-do-i-have-to-pay-property-taxes,"Send FOIA email requesting current excess proceeds/surplus funds list for Conecuh, Alabama. Ask for Excel/PDF format. Template in county_email_outreach.py.",NOT STARTED,,
LOW,AL,Coosa,EMAIL_FOIA,(256) 377-4916,debralamberth13@gmail.com,https://www.coosacountyal.com/revenue-commissioner,"Send FOIA email requesting current excess proceeds/surplus funds list for Coosa, Alabama. Ask for Excel/PDF format. Template in county_email_outreach.py.",NOT STARTED,,
LOW,AL,Covington,EMAIL_FOIA,(334) 428-2546,chuck.patterson@covcounty.com,https://www.covingtoncountyal.gov/254/Revenue-Commissioner---George-Chuck-Patt,"Send FOIA email requesting current excess proceeds/surplus funds list for Covington, Alabama. Ask for Excel/PDF format. Template in county_email_outreach.py.",NOT STARTED,,
LOW,AL,Crenshaw,EMAIL_FOIA,(334) 335-6568,onespot@revenue.alabama.gov,https://www.crenshawcountyalonline.com/taxes.html,"Send FOIA email requesting current excess proceeds/surplus funds list for Crenshaw, Alabama. Ask for Excel/PDF format. Template in county_email_outreach.py.",NOT STARTED,,
LOW,AL,Cullman,EMAIL_FOIA,(256) 775-4776,revenue@co.cullman.al.us,https://cullmanproperty.countygovservices.com,"Send FOIA email requesting current excess proceeds/surplus funds list for Cullman, Alabama. Ask for Excel/PDF format. Template in county_email_outreach.py.",NOT STARTED,,
LOW,AL,Dale,EMAIL_FOIA,(334) 774-2226,sheila.waller@dalecountyal.gov,https://www.dalecountyrevenue.com/Default.asp?ID=312&pg=Contact+Us,"Send FOIA email requesting current excess proceeds/surplus funds list for Dale, Alabama. Ask for Excel/PDF format. Template in county_email_outreach.py.",NOT STARTED,,
LOW,AL,Dallas,EMAIL_FOIA,(214) 653-7321,propertytax@dallascounty.org,https://www.dallascounty.org/departments/treasurer,"Send FOIA email requesting current excess proceeds/surplus funds list for Dallas, Alabama. Ask for Excel/PDF format. Template in county_email_outreach.py.",NOT STARTED,,
LOW,AL,DeKalb,EMAIL_FOIA,(866) 576-6531,onespot@revenue.alabama.gov,https://www.revenue.alabama.gov/sales-use/contact-information-for-self-administered-localities,"Send FOIA email requesting current excess proceeds/surplus funds list for DeKalb, Alabama. Ask for Excel/PDF format. Template in county_email_outreach.py.",NOT STARTED,,
LOW,AL,Elmore,EMAIL_FOIA,(334) 567-1184,support@avenuinsights.com,https://www.revenue.alabama.gov/sales-use/contact-information-for-self-administered-localities,"Send FOIA email requesting current excess proceeds/surplus funds list for Elmore, Alabama. Ask for Excel/PDF format. Template in county_email_outreach.py.",NOT STARTED,,
LOW,AL,Escambia,EMAIL_FOIA,(251) 867-0300,ectc@EscambiaTaxCollector.com,https://countyinfo.hoursguide.com/brewton-al-treasurer-tax-collector-office-127006,"Send FOIA email requesting current excess proceeds/surplus funds list for Escambia, Alabama. Ask for Excel/PDF format. Template in county_email_outreach.py.",NOT STARTED,,
LOW,AL,Etowah,PHONE_REQUEST,(256) 549-5481,,https://www.countyoffice.org/etowah-county-revenue-commissioners-office-gadsden-al-a50,Call county office and request excess proceeds list. Ask: 1) Do you have an excess proceeds or surplus funds list? 2) Can you email it to claim@usforeclosurerecovery.com? 3) Is it available online?,NOT STARTED,,
LOW,AL,Fayette,PHONE_REQUEST,(205) 932-6081,,https://www.countyoffice.org/fayette-county-revenue-commissioners-office-fayette-al-933,Call county office and request excess proceeds list. Ask: 1) Do you have an excess proceeds or surplus funds list? 2) Can you email it to claim@usforeclosurerecovery.com? 3) Is it available online?,NOT STARTED,,
LOW,AL,Franklin,EMAIL_FOIA,(256) 332-8833,onespot@revenue.alabama.gov,https://franklincountyrevenue.com,"Send FOIA email requesting current excess proceeds/surplus funds list for Franklin, Alabama. Ask for Excel/PDF format. Template in county_email_outreach.py.",NOT STARTED,,
LOW,AL,Geneva,EMAIL_FOIA,(334) 684-5650,info@genevacountyal.gov,https://genevacountyal.gov/revenue,"Send FOIA email requesting current excess proceeds/surplus funds list for Geneva, Alabama. Ask for Excel/PDF format. Template in county_email_outreach.py.",NOT STARTED,,
LOW,AL,Greene,EMAIL_FOIA,(205) 372-6908,onespot@revenue.alabama.gov,https://greenecountycommission.com/directory,"Send FOIA email requesting current excess proceeds/surplus funds list for Greene, Alabama. Ask for Excel/PDF format. Template in county_email_outreach.py.",NOT STARTED,,
LOW,AL,Hale,EMAIL_FOIA,(800) 556-7274,onespot@revenue.alabama.gov,https://www.halecountyal.gov/tax-collector,"Send FOIA email requesting current excess proceeds/surplus funds list for Hale, Alabama. Ask for Excel/PDF format. Template in county_email_outreach.py.",NOT STARTED,,
LOW,AL,Henry,PHONE_REQUEST,(334) 585-3043,,https://www.henrycountyal.com,Call county office and request excess proceeds list. Ask: 1) Do you have an excess proceeds or surplus funds list? 2) Can you email it to claim@usforeclosurerecovery.com? 3) Is it available online?,NOT STARTED,,
LOW,AL,Houston,EMAIL_FOIA,(334) 677-4715,jeculpepper@houstoncountyal.gov,https://houstoncountyal.gov/revenue,"Send FOIA email requesting current excess proceeds/surplus funds list for Houston, Alabama. Ask for Excel/PDF format. Template in county_email_outreach.py.",NOT STARTED,,
LOW,AL,Jackson,PHONE_REQUEST,(850) 482-9653,,https://www.jacksoncountytaxcollector.com,Call county office and request excess proceeds list. Ask: 1) Do you have an excess proceeds or surplus funds list? 2) Can you email it to claim@usforeclosurerecovery.com? 3) Is it available online?,NOT STARTED,,
LOW,AL,Jefferson,EMAIL_FOIA,(205) 325-5500,brownbo@jccal.org,https://treasury.alabama.gov/contact-us,"Send FOIA email requesting current excess proceeds/surplus funds list for Jefferson, Alabama. Ask for Excel/PDF format. Template in county_email_outreach.py.",NOT STARTED,,
LOW,AL,Lamar,EMAIL_FOIA,(205) 695-9139,onespot@revenue.alabama.gov,https://lamarcountyal.gov/revenue,"Send FOIA email requesting current excess proceeds/surplus funds list for Lamar, Alabama. Ask for Excel/PDF format. Template in county_email_outreach.py.",NOT STARTED,,
LOW,AL,Lauderdale,EMAIL_FOIA,(601) 482-9786,dspidle@lauderdalecounty.org,https://www.lauderdalecounty.org/county-departments/tax-collector,"Send FOIA email requesting current excess proceeds/surplus funds list for Lauderdale, Alabama. Ask for Excel/PDF format. Template in county_email_outreach.py.",NOT STARTED,,
LOW,AL,Lawrence,EMAIL_FOIA,(256) 974-2473,onespot@revenue.alabama.gov,https://lawrencecountyrevenue.com/template_home.mobile.html,"Send FOIA email requesting current excess proceeds/surplus funds list for Lawrence, Alabama. Ask for Excel/PDF format. Template in county_email_outreach.py.",NOT STARTED,,
LOW,AL,Lee,PHONE_REQUEST,(334) 737-3655,,https://www.leecountyrevenuecommissioner.com/Default.asp?ID=312&pg=Contact+Us,Call county office and request excess proceeds list. Ask: 1) Do you have an excess proceeds or surplus funds list? 2) Can you email it to claim@usforeclosurerecovery.com? 3) Is it available online?,NOT STARTED,,
LOW,AL,Limestone,PHONE_REQUEST,(256) 233-6433,,https://www.limestonecounty-al.gov/Departments/Revenue-Commission,Call county office and request excess proceeds list. Ask: 1) Do you have an excess proceeds or surplus funds list? 2) Can you email it to claim@usforeclosurerecovery.com? 3) Is it available online?,NOT STARTED,,
LOW,AL,Lowndes,EMAIL_FOIA,(334) 548-2175,onespot@revenue.alabama.gov,https://www.lowndes-al.gov/government/departments/tax_collectors_office.php,"Send FOIA email requesting current excess proceeds/surplus funds list for Lowndes, Alabama. Ask for Excel/PDF format. Template in county_email_outreach.py.",NOT STARTED,,
LOW,AL,Macon,EMAIL_FOIA,(334) 724-2603,gandy.revenuecommissioner@gmail.com,https://maconcountyal.com/revenue-commissioner,"Send FOIA email requesting current excess proceeds/surplus funds list for Macon, Alabama. Ask for Excel/PDF format. Template in county_email_outreach.py.",NOT STARTED,,
LOW,AL,Madison,EMAIL_FOIA,(256) 532-3300,kcaputo@madisoncountyal.gov,https://www.madisoncountyal.gov/departments/tax-collector,"Send FOIA email requesting current excess proceeds/surplus funds list for Madison, Alabama. Ask for Excel/PDF format. Template in county_email_outreach.py.",NOT STARTED,,
LOW,AL,Marengo,EMAIL_FOIA,(334) 295-2214,beth.abney@chamberscountyal.gov,https://www.marengocountyal.com/Default.asp?ID=76&pg=Revenue,"Send FOIA email requesting current excess proceeds/surplus funds list for Marengo, Alabama. Ask for Excel/PDF format. Template in county_email_outreach.py.",NOT STARTED,,
LOW,AL,Marion,EMAIL_FOIA,(352) 368-8200,onespot@revenue.alabama.gov,https://www.countyoffice.org/marion-county-tax-collectors-office-hamilton-al-8eb,"Send FOIA email requesting current excess proceeds/surplus funds list for Marion, Alabama. Ask for Excel/PDF format. Template in county_email_outreach.py.",NOT STARTED,,
LOW,AL,Marshall,EMAIL_FOIA,(256) 571-7743,revenue@marshallco.org,https://www.ownwell.com/trends/alabama/marshall-county,"Send FOIA email requesting current excess proceeds/surplus funds list for Marshall, Alabama. Ask for Excel/PDF format. Template in county_email_outreach.py.",NOT STARTED,,
LOW,AL,Mobile,PHONE_REQUEST,(251) 574-8585,,https://www.countyoffice.org/mobile-county-treasurer-mobile-al-7b5,Call county office and request excess proceeds list. Ask: 1) Do you have an excess proceeds or surplus funds list? 2) Can you email it to claim@usforeclosurerecovery.com? 3) Is it available online?,NOT STARTED,,
LOW,AL,Monroe,EMAIL_FOIA,(251) 575-3400,robert.stewart@alsenate.gov,https://www.revenue.alabama.gov/faqs/i-am-over-65-do-i-have-to-pay-property-taxes,"Send FOIA email requesting current excess proceeds/surplus funds list for Monroe, Alabama. Ask for Excel/PDF format. Template in county_email_outreach.py.",NOT STARTED,,
LOW,AL,Montgomery,EMAIL_FOIA,(334) 832-1250,montgomery.treasurer@montgomeryal.gov,https://treasury.alabama.gov/contact-us,"Send FOIA email requesting current excess proceeds/surplus funds list for Montgomery, Alabama. Ask for Excel/PDF format. Template in county_email_outreach.py.",NOT STARTED,,
LOW,AL,Morgan,EMAIL_FOIA,(256) 351-4690,support@avenuinsights.com,https://www.morgancountyrevenue.com/contact-us,"Send FOIA email requesting current excess proceeds/surplus funds list for Morgan, Alabama. Ask for Excel/PDF format. Template in county_email_outreach.py.",NOT STARTED,,
LOW,AL,Perry,EMAIL_FOIA,(740) 342-1235,treasurer@perrycountyohio.net,https://www.perrycountyal.gov/government/revenue-commissioner-67,"Send FOIA email requesting current excess proceeds/surplus funds list for Perry, Alabama. Ask for Excel/PDF format. Template in county_email_outreach.py.",NOT STARTED,,
LOW,AL,Pickens,EMAIL_FOIA,(205) 367-2040,onespot@revenue.alabama.gov,https://www.revenue.alabama.gov/sales-use/contact-information-for-self-administered-localities,"Send FOIA email requesting current excess proceeds/surplus funds list for Pickens, Alabama. Ask for Excel/PDF format. Template in county_email_outreach.py.",NOT STARTED,,
LOW,AL,Pike,EMAIL_FOIA,(334) 566-1792,mmosleypikerevenue@yahoo.com,https://treasurer.pikecounty63.us,"Send FOIA email requesting current excess proceeds/surplus funds list for Pike, Alabama. Ask for Excel/PDF format. Template in county_email_outreach.py.",NOT STARTED,,
LOW,AL,Randolph,EMAIL_FOIA,(844) 342-6555,mlee@randolphcounty-mo.gov,https://www.randolphcountycollector.com,"Send FOIA email requesting current excess proceeds/surplus funds list for Randolph, Alabama. Ask for Excel/PDF format. Template in county_email_outreach.py.",NOT STARTED,,
LOW,AL,Russell,EMAIL_FOIA,(334) 298-6922,rcountypropertytax@rcrcproperty.com,https://www.russellcountyal.gov/contact_us/index.php,"Send FOIA email requesting current excess proceeds/surplus funds list for Russell, Alabama. Ask for Excel/PDF format. Template in county_email_outreach.py.",NOT STARTED,,
LOW,AL,Shelby,PHONE_REQUEST,(205) 670-6900,,https://al-shelbycounty.civicplus.com/contactus,Call county office and request excess proceeds list. Ask: 1) Do you have an excess proceeds or surplus funds list? 2) Can you email it to claim@usforeclosurerecovery.com? 3) Is it available online?,NOT STARTED,,
LOW,AL,St. Clair,EMAIL_FOIA,(205) 338-9461,revenue@stclairco.com,https://www.revenue.alabama.gov/sales-use/contact-information-for-self-administered-localities,"Send FOIA email requesting current excess proceeds/surplus funds list for St. Clair, Alabama. Ask for Excel/PDF format. Template in county_email_outreach.py.",NOT STARTED,,
LOW,AL,Sumter,EMAIL_FOIA,(205) 652-2251,taxcollectorsc@yahoo.com,https://sumtercountyal.com/tax-collector,"Send FOIA email requesting current excess proceeds/surplus funds list for Sumter, Alabama. Ask for Excel/PDF format. Template in county_email_outreach.py.",NOT STARTED,,
LOW,AL,Talladega,EMAIL_FOIA,(256) 761-2123,cindy.pennington@talladegacountyal.org,https://www.talladegacountyal.org/departments/revenue_commission_-_new/contact_us.php,"Send FOIA email requesting current excess proceeds/surplus funds list for Talladega, Alabama. Ask for Excel/PDF format. Template in county_email_outreach.py.",NOT STARTED,,
LOW,AL,Tallapoosa,EMAIL_FOIA,(256) 825-7818,emiddlebrooks@tallaco.com,https://www.revenue.alabama.gov/sales-use/contact-information-for-self-administered-localities,"Send FOIA email requesting current excess proceeds/surplus funds list for Tallapoosa, Alabama. Ask for Excel/PDF format. Template in county_email_outreach.py.",NOT STARTED,,
LOW,AL,Tuscaloosa,EMAIL_FOIA,(205) 464-8230,collector@tuscco.com,https://www.tuscco.com/government/county-officials/tax-collector,"Send FOIA email requesting current excess proceeds/surplus funds list for Tuscaloosa, Alabama. Ask for Excel/PDF format. Template in county_email_outreach.py.",NOT STARTED,,
LOW,AL,Walker,EMAIL_FOIA,(205) 384-7267,walkertaxcollector@walkercountyal.us,https://www.walkercountyrevenue.com/Default.asp?ID=56&pg=Contact,"Send FOIA email requesting current excess proceeds/surplus funds list for Walker, Alabama. Ask for Excel/PDF format. Template in county_email_outreach.py.",NOT STARTED,,
LOW,AL,Washington,EMAIL_FOIA,(251) 847-2915,onespot@revenue.alabama.gov,https://www.revenue.alabama.gov/faqs/i-am-over-65-do-i-have-to-pay-property-taxes,"Send FOIA email requesting current excess proceeds/surplus funds list for Washington, Alabama. Ask for Excel/PDF format. Template in county_email_outreach.py.",NOT STARTED,,
LOW,AL,Wilcox,PHONE_REQUEST,(334) 234-3528,,https://www.revenue.alabama.gov/faqs/how-do-i-make-a-payment-can-i-pay-online,Call county office and request excess proceeds list. Ask: 1) Do you have an excess proceeds or surplus funds list? 2) Can you email it to claim@usforeclosurerecovery.com? 3) Is it available online?,NOT STARTED,,
LOW,AL,Winston,EMAIL_FOIA,(205) 489-5166,revenue@winstonal.gov,https://www.winstonal.gov/new_page1/revenue_commissioner/revenue_commissioner.php,"Send FOIA email requesting current excess proceeds/surplus funds list for Winston, Alabama. Ask for Excel/PDF format. Template in county_email_outreach.py.",NOT STARTED,,
HIGH,AR,Arkansas,EMAIL_FOIA,(870) 541-5302,jeffersontrevgoodw@sbcglobal.net,https://www.jeffersoncountyar.gov/government/county-treasurer,"Send FOIA email requesting current excess proceeds/surplus funds list for Arkansas, Arkansas. Ask for Excel/PDF format. Template in county_email_outreach.py.",NOT STARTED,,
HIGH,AR,Ashley,EMAIL_FOIA,(870) 853-2010,bethr@ashleycountyar.com,https://www.ashleycountyar.com/treasurer,"Send FOIA email requesting current excess proceeds/surplus funds list for Ashley, Arkansas. Ask for Excel/PDF format. Template in county_email_outreach.py.",NOT STARTED,,
HIGH,AR,Baxter,EMAIL_FOIA,(870) 425-3453,jenay.mize@baxtercountyar.gov,https://www.baxtercountyar.gov/treasurer.php,"Send FOIA email requesting current excess proceeds/surplus funds list for Baxter, Arkansas. Ask for Excel/PDF format. Template in county_email_outreach.py.",NOT STARTED,,
HIGH,AR,Benton,EMAIL_FOIA,(479) 271-1018,Treasurer@BentonCountyAR.gov,https://bentoncountyar.gov/treasurer,"Send FOIA email requesting current excess proceeds/surplus funds list for Benton, Arkansas. Ask for Excel/PDF format. Template in county_email_outreach.py.",NOT STARTED,,
HIGH,AR,Boone,EMAIL_FOIA,(870) 741-3068,boonecountytreasurer@gmail.com,https://www.boonecountyar.com/treasurer,"Send FOIA email requesting current excess proceeds/surplus funds list for Boone, Arkansas. Ask for Excel/PDF format. Template in county_email_outreach.py.",NOT STARTED,,
MEDIUM,AR,Bradley,EMAIL_FOIA,(870) 226-8402,stephanie.bigham@bradleyassessor.com,https://portal.arkansas.gov/counties/bradley,"Send FOIA email requesting current excess proceeds/surplus funds list for Bradley, Arkansas. Ask for Excel/PDF format. Template in county_email_outreach.py.",NOT STARTED,,
MEDIUM,AR,Calhoun,EMAIL_FOIA,(870) 798-2827,calcoassessor@calhouncountyar.org,https://www.dfa.arkansas.gov/office/arkansas-assessment-coordination-division/county-officials,"Send FOIA email requesting current excess proceeds/surplus funds list for Calhoun, Arkansas. Ask for Excel/PDF format. Template in county_email_outreach.py.",NOT STARTED,,
MEDIUM,AR,Carroll,EMAIL_FOIA,(870) 423-3189,jdavidson@co.carroll.ar.us,https://www.berryvillechamber.com/list/member/carroll-county-treasurer-1979.htm,"Send FOIA email requesting current excess proceeds/surplus funds list for Carroll, Arkansas. Ask for Excel/PDF format. Template in county_email_outreach.py.",NOT STARTED,,
MEDIUM,AR,Chicot,EMAIL_FOIA,(870) 265-8040,collector@chicotcounty.org,https://countyservices.azurewebsites.net/Home/County/84,"Send FOIA email requesting current excess proceeds/surplus funds list for Chicot, Arkansas. Ask for Excel/PDF format. Template in county_email_outreach.py.",NOT STARTED,,
MEDIUM,AR,Clark,EMAIL_FOIA,(870) 246-4361,karen@clarkcountyarkansas.com,https://clarkcountyar.gov/treasurer,"Send FOIA email requesting current excess proceeds/surplus funds list for Clark, Arkansas. Ask for Excel/PDF format. Template in county_email_outreach.py.",NOT STARTED,,
MEDIUM,AR,Clay,EMAIL_FOIA,(870) 598-3879,dneighbors.clayco@gmail.com,https://www.claycountyarkansas.org/departments/clay-county-treasurer,"Send FOIA email requesting current excess proceeds/surplus funds list for Clay, Arkansas. Ask for Excel/PDF format. Template in county_email_outreach.py.",NOT STARTED,,
MEDIUM,AR,Cleburne,EMAIL_FOIA,(501) 362-8124,cdc@cleburnecoar.gov,https://www.cleburnecountyar.com/contact-us,"Send FOIA email requesting current excess proceeds/surplus funds list for Cleburne, Arkansas. Ask for Excel/PDF format. Template in county_email_outreach.py.",NOT STARTED,,
MEDIUM,AR,Cleveland,EMAIL_FOIA,(870) 325-6681,clevelandcountytreasurer@gmail.com,https://www.clevelandcountyherald.com/local-contacts,"Send FOIA email requesting current excess proceeds/surplus funds list for Cleveland, Arkansas. Ask for Excel/PDF format. Template in county_email_outreach.py.",NOT STARTED,,
MEDIUM,AR,Columbia,PHONE_REQUEST,(870) 235-3704,,https://www.arcounties.org/member-associations/arkansas-county-treasurers-association,Call county office and request excess proceeds list. Ask: 1) Do you have an excess proceeds or surplus funds list? 2) Can you email it to claim@usforeclosurerecovery.com? 3) Is it available online?,NOT STARTED,,
MEDIUM,AR,Conway,EMAIL_FOIA,(501) 354-9600,norbertg@conwaycounty.org,https://conwaycountyar.com/home/county-collector,"Send FOIA email requesting current excess proceeds/surplus funds list for Conway, Arkansas. Ask for Excel/PDF format. Template in county_email_outreach.py.",NOT STARTED,,
LOW,AR,Craighead,EMAIL_FOIA,(870) 933-4540,Info@craigheadcollector.org,https://www.arcounties.org/member-associations/arkansas-county-treasurers-association,"Send FOIA email requesting current excess proceeds/surplus funds list for Craighead, Arkansas. Ask for Excel/PDF format. Template in county_email_outreach.py.",NOT STARTED,,
LOW,AR,Crawford,EMAIL_FOIA,(479) 474-1111,treasurer@crawford-county.org,https://www.taxsaleresources.com/counties/crawford-county-arkansas,"Send FOIA email requesting current excess proceeds/surplus funds list for Crawford, Arkansas. Ask for Excel/PDF format. Template in county_email_outreach.py.",NOT STARTED,,
LOW,AR,Crittenden,EMAIL_FOIA,(870) 739-4112,mthompson@crittco.com,https://www.crittendencountyar.org/copy-of-county-judge-1,"Send FOIA email requesting current excess proceeds/surplus funds list for Crittenden, Arkansas. Ask for Excel/PDF format. Template in county_email_outreach.py.",NOT STARTED,,
LOW,AR,Cross,EMAIL_FOIA,(870) 238-5725,phess@crosscountyar.org,https://www.crosscountyar.org/treasurer,"Send FOIA email requesting current excess proceeds/surplus funds list for Cross, Arkansas. Ask for Excel/PDF format. Template in county_email_outreach.py.",NOT STARTED,,
LOW,AR,Dallas,EMAIL_FOIA,(870) 352-2333,propertytax@dallascounty.org,https://www.dallascounty.org/departments/tax/deadlines-delinquency.php,"Send FOIA email requesting current excess proceeds/surplus funds list for Dallas, Arkansas. Ask for Excel/PDF format. Template in county_email_outreach.py.",NOT STARTED,,
LOW,AR,Desha,EMAIL_FOIA,(870) 877-2525,mona@clarkcountyarkansas.com,https://portal.arkansas.gov/counties/desha,"Send FOIA email requesting current excess proceeds/surplus funds list for Desha, Arkansas. Ask for Excel/PDF format. Template in county_email_outreach.py.",NOT STARTED,,
LOW,AR,Drew,EMAIL_FOIA,(870) 460-6225,drewcotrea@sbcglobal.net,https://mobile.countyservice.net/Home/County/97,"Send FOIA email requesting current excess proceeds/surplus funds list for Drew, Arkansas. Ask for Excel/PDF format. Template in county_email_outreach.py.",NOT STARTED,,
LOW,AR,Faulkner,EMAIL_FOIA,(501) 450-4902,damon.edwards@faulknercounty.org,https://www.faulknercountyar.gov/government/departments-2/treasurer,"Send FOIA email requesting current excess proceeds/surplus funds list for Faulkner, Arkansas. Ask for Excel/PDF format. Template in county_email_outreach.py.",NOT STARTED,,
LOW,AR,Franklin,EMAIL_FOIA,(479) 667-2415,fcassessor@centurytel.net,https://portal.arkansas.gov/counties/franklin,"Send FOIA email requesting current excess proceeds/surplus funds list for Franklin, Arkansas. Ask for Excel/PDF format. Template in county_email_outreach.py.",NOT STARTED,,
LOW,AR,Fulton,EMAIL_FOIA,(870) 895-3522,fultoncotreasurer@gmail.com,https://www.fultoncountyar.gov/treasurer,"Send FOIA email requesting current excess proceeds/surplus funds list for Fulton, Arkansas. Ask for Excel/PDF format. Template in county_email_outreach.py.",NOT STARTED,,
LOW,AR,Garland,EMAIL_FOIA,(501) 622-3650,tstockdale@garlandcounty.org,https://garlandcountytreasurer.weebly.com/contact-us.html,"Send FOIA email requesting current excess proceeds/surplus funds list for Garland, Arkansas. Ask for Excel/PDF format. Template in county_email_outreach.py.",NOT STARTED,,
LOW,AR,Grant,EMAIL_FOIA,(870) 942-2031,granttreas@windstream.net,https://grantcountyar.com/treasurers-office,"Send FOIA email requesting current excess proceeds/surplus funds list for Grant, Arkansas. Ask for Excel/PDF format. Template in county_email_outreach.py.",NOT STARTED,,
LOW,AR,Greene,EMAIL_FOIA,(870) 239-6304,jwheeler@grnco.net,https://mobile.countyservice.net/Home/County/103,"Send FOIA email requesting current excess proceeds/surplus funds list for Greene, Arkansas. Ask for Excel/PDF format. Template in county_email_outreach.py.",NOT STARTED,,
LOW,AR,Hempstead,EMAIL_FOIA,(870) 777-3141,treasurer@hempsteadcountyar.com,https://hempsteadcountyar.com/county-treasurer,"Send FOIA email requesting current excess proceeds/surplus funds list for Hempstead, Arkansas. Ask for Excel/PDF format. Template in county_email_outreach.py.",NOT STARTED,,
LOW,AR,Hot Spring,EMAIL_FOIA,(501) 337-7411,gthornton@hotspringcounty.org,https://hotspringcounty.org/county-treasurer,"Send FOIA email requesting current excess proceeds/surplus funds list for Hot Spring, Arkansas. Ask for Excel/PDF format. Template in county_email_outreach.py.",NOT STARTED,,
LOW,AR,Howard,EMAIL_FOIA,(870) 845-7500,dtassessor@yahoo.com,https://www.treasurer.howardcounty34.us,"Send FOIA email requesting current excess proceeds/surplus funds list for Howard, Arkansas. Ask for Excel/PDF format. Template in county_email_outreach.py.",NOT STARTED,,
LOW,AR,Independence,EMAIL_FOIA,(870) 793-8899,treasurer.treadway@independencecounty.com,https://www.independencecounty.com/county-treasurer,"Send FOIA email requesting current excess proceeds/surplus funds list for Independence, Arkansas. Ask for Excel/PDF format. Template in county_email_outreach.py.",NOT STARTED,,
LOW,AR,Izard,EMAIL_FOIA,(870) 368-4394,josh.izardcountycollector@gmail.com,https://www.izardcountyar.org/contact-us,"Send FOIA email requesting current excess proceeds/surplus funds list for Izard, Arkansas. Ask for Excel/PDF format. Template in county_email_outreach.py.",NOT STARTED,,
LOW,AR,Jackson,EMAIL_FOIA,(870) 523-7401,jacksoncircuitclerk@yahoo.com,https://jacksoncountyar.com/index.php/county-treasurer,"Send FOIA email requesting current excess proceeds/surplus funds list for Jackson, Arkansas. Ask for Excel/PDF format. Template in county_email_outreach.py.",NOT STARTED,,
LOW,AR,Jefferson,EMAIL_FOIA,(870) 541-5302,jeffersontrevgoodw@sbcglobal.net,https://www.jeffersoncountyar.gov/government/county-treasurer,"Send FOIA email requesting current excess proceeds/surplus funds list for Jefferson, Arkansas. Ask for Excel/PDF format. Template in county_email_outreach.py.",NOT STARTED,,
LOW,AR,Johnson,EMAIL_FOIA,(479) 754-3056,mac@JohnsonCountyAr.org,https://johnsoncounty.arkansas.gov/treasurer,"Send FOIA email requesting current excess proceeds/surplus funds list for Johnson, Arkansas. Ask for Excel/PDF format. Template in county_email_outreach.py.",NOT STARTED,,
LOW,AR,Lafayette,EMAIL_FOIA,(870) 921-4755,bbarnes4@sbcglobal.net,https://mobile.countyservice.net/Home/County/112,"Send FOIA email requesting current excess proceeds/surplus funds list for Lafayette, Arkansas. Ask for Excel/PDF format. Template in county_email_outreach.py.",NOT STARTED,,
LOW,AR,Lawrence,EMAIL_FOIA,(870) 886-1116,lawcoassessor@yahoo.com,https://lawrencecountyar.com,"Send FOIA email requesting current excess proceeds/surplus funds list for Lawrence, Arkansas. Ask for Excel/PDF format. Template in county_email_outreach.py.",NOT STARTED,,
LOW,AR,Lee,EMAIL_FOIA,(870) 295-7752,becky.hogan1@att.net,https://mobile.countyservice.net/Home/County/114,"Send FOIA email requesting current excess proceeds/surplus funds list for Lee, Arkansas. Ask for Excel/PDF format. Template in county_email_outreach.py.",NOT STARTED,,
LOW,AR,Lincoln,EMAIL_FOIA,(870) 628-4401,lincolncountyassessor@yahoo.com,https://portal.arkansas.gov/counties/lincoln,"Send FOIA email requesting current excess proceeds/surplus funds list for Lincoln, Arkansas. Ask for Excel/PDF format. Template in county_email_outreach.py.",NOT STARTED,,
LOW,AR,Little River,EMAIL_FOIA,(870) 898-7215,dguthrie@lrcounty.com,https://lrcounty.org/departments/treasurer,"Send FOIA email requesting current excess proceeds/surplus funds list for Little River, Arkansas. Ask for Excel/PDF format. Template in county_email_outreach.py.",NOT STARTED,,
LOW,AR,Logan,EMAIL_FOIA,(479) 963-2520,logantreasurer@outlook.com,https://www.logancoarcbec.gov/treasurer,"Send FOIA email requesting current excess proceeds/surplus funds list for Logan, Arkansas. Ask for Excel/PDF format. Template in county_email_outreach.py.",NOT STARTED,,
LOW,AR,Lonoke,EMAIL_FOIA,(501) 676-2333,locollect@aristotle.net,https://lonokecountycollector.com,"Send FOIA email requesting current excess proceeds/surplus funds list for Lonoke, Arkansas. Ask for Excel/PDF format. Template in county_email_outreach.py.",NOT STARTED,,
LOW,AR,Madison,EMAIL_FOIA,(479) 738-6514,madisonclerk@arkansasclerks.com,https://www.dfa.arkansas.gov/office/arkansas-assessment-coordination-division/county-officials,"Send FOIA email requesting current excess proceeds/surplus funds list for Madison, Arkansas. Ask for Excel/PDF format. Template in county_email_outreach.py.",NOT STARTED,,
LOW,AR,Marion,EMAIL_FOIA,(870) 449-6331,mctreasurer@marioncountyar.gov,https://marioncounty.arkansas.gov/Marion-County-Treasurer,"Send FOIA email requesting current excess proceeds/surplus funds list for Marion, Arkansas. Ask for Excel/PDF format. Template in county_email_outreach.py.",NOT STARTED,,
LOW,AR,Miller,PHONE_REQUEST,(870) 774-1301,,https://millercountyar.gov/treasurer,Call county office and request excess proceeds list. Ask: 1) Do you have an excess proceeds or surplus funds list? 2) Can you email it to claim@usforeclosurerecovery.com? 3) Is it available online?,NOT STARTED,,
LOW,AR,Mississippi,EMAIL_FOIA,(870) 763-6860,hlb_1949@yahoo.com,https://www.mississippicountyar.org/county-treasurer,"Send FOIA email requesting current excess proceeds/surplus funds list for Mississippi, Arkansas. Ask for Excel/PDF format. Template in county_email_outreach.py.",NOT STARTED,,
LOW,AR,Monroe,EMAIL_FOIA,(870) 747-3722,mona@clarkcountyarkansas.com,https://portal.arkansas.gov/counties/monroe,"Send FOIA email requesting current excess proceeds/surplus funds list for Monroe, Arkansas. Ask for Excel/PDF format. Template in county_email_outreach.py.",NOT STARTED,,
LOW,AR,Montgomery,EMAIL_FOIA,(870) 867-3411,montgomeryassessor@windstream.net,https://portal.arkansas.gov/counties/montgomery,"Send FOIA email requesting current excess proceeds/surplus funds list for Montgomery, Arkansas. Ask for Excel/PDF format. Template in county_email_outreach.py.",NOT STARTED,,
LOW,AR,Nevada,EMAIL_FOIA,(870) 887-2811,pambox2003@yahoo.com,https://mobile.countyservice.net/Home/County/125,"Send FOIA email requesting current excess proceeds/surplus funds list for Nevada, Arkansas. Ask for Excel/PDF format. Template in county_email_outreach.py.",NOT STARTED,,
LOW,AR,Newton,EMAIL_FOIA,(870) 446-2378,assessor@ritternet.com,https://mobile.countyservice.net/Home/County/126,"Send FOIA email requesting current excess proceeds/surplus funds list for Newton, Arkansas. Ask for Excel/PDF format. Template in county_email_outreach.py.",NOT STARTED,,
LOW,AR,Ouachita,EMAIL_FOIA,(870) 837-2250,ouachitatreas@cablelynx.com,https://mobile.countyservice.net/Home/County/127,"Send FOIA email requesting current excess proceeds/surplus funds list for Ouachita, Arkansas. Ask for Excel/PDF format. Template in county_email_outreach.py.",NOT STARTED,,
LOW,AR,Perry,EMAIL_FOIA,(501) 889-2710,mona@clarkcountyarkansas.com,https://portal.arkansas.gov/counties/perry,"Send FOIA email requesting current excess proceeds/surplus funds list for Perry, Arkansas. Ask for Excel/PDF format. Template in county_email_outreach.py.",NOT STARTED,,
LOW,AR,Phillips,EMAIL_FOIA,(870) 338-5510,csmithpctreas@gmail.com,https://treasurers.apprenticeis.com/countyinfo.asp?countyName=Phillips&printable=yes,"Send FOIA email requesting current excess proceeds/surplus funds list for Phillips, Arkansas. Ask for Excel/PDF format. Template in county_email_outreach.py.",NOT STARTED,,
LOW,AR,Pike,EMAIL_FOIA,(870) 285-2422,L.Rather@PikeCountyAR.org,https://pikecountyar.org/treasurer,"Send FOIA email requesting current excess proceeds/surplus funds list for Pike, Arkansas. Ask for Excel/PDF format. Template in county_email_outreach.py.",NOT STARTED,,
LOW,AR,Poinsett,EMAIL_FOIA,(870) 578-4405,treasurer@poinsettcounty.us,https://www.poinsettar.gov/government/treasurer.php,"Send FOIA email requesting current excess proceeds/surplus funds list for Poinsett, Arkansas. Ask for Excel/PDF format. Template in county_email_outreach.py.",NOT STARTED,,
LOW,AR,Polk,EMAIL_FOIA,(479) 394-8110,mona@clarkcountyarkansas.com,https://taxpayment.countyservice.net/County?name=polk,"Send FOIA email requesting current excess proceeds/surplus funds list for Polk, Arkansas. Ask for Excel/PDF format. Template in county_email_outreach.py.",NOT STARTED,,
LOW,AR,Pope,EMAIL_FOIA,(479) 968-2194,treasurer@popecountyar.gov,https://www.popecountyar.gov/treasurer,"Send FOIA email requesting current excess proceeds/surplus funds list for Pope, Arkansas. Ask for Excel/PDF format. Template in county_email_outreach.py.",NOT STARTED,,
LOW,AR,Prairie,EMAIL_FOIA,(870) 256-4786,pctreas@centurytel.net,https://www.hazen.ws/PrairieCounty.html,"Send FOIA email requesting current excess proceeds/surplus funds list for Prairie, Arkansas. Ask for Excel/PDF format. Template in county_email_outreach.py.",NOT STARTED,,
LOW,AR,Pulaski,EMAIL_FOIA,(501) 340-6040,treasurer@pulaskicountytreasurer.net,https://pulaskicountytreasurer.net/contact-us,"Send FOIA email requesting current excess proceeds/surplus funds list for Pulaski, Arkansas. Ask for Excel/PDF format. Template in county_email_outreach.py.",NOT STARTED,,
LOW,AR,Randolph,EMAIL_FOIA,(870) 892-5238,mona@clarkcountyarkansas.com,https://www.arcountydata.com/county.asp?county=Randolph,"Send FOIA email requesting current excess proceeds/surplus funds list for Randolph, Arkansas. Ask for Excel/PDF format. Template in county_email_outreach.py.",NOT STARTED,,
LOW,AR,Saline,EMAIL_FOIA,(501) 303-5633,holly.payne@salinecounty.org,https://www.salinecounty.org/government/treasurer/staff_directory.php,"Send FOIA email requesting current excess proceeds/surplus funds list for Saline, Arkansas. Ask for Excel/PDF format. Template in county_email_outreach.py.",NOT STARTED,,
LOW,AR,Scott,EMAIL_FOIA,(479) 637-2780,scottvreg@yahoo.com,https://scottcountyar.com/treasurer,"Send FOIA email requesting current excess proceeds/surplus funds list for Scott, Arkansas. Ask for Excel/PDF format. Template in county_email_outreach.py.",NOT STARTED,,
LOW,AR,Searcy,PHONE_REQUEST,(870) 448-3828,,https://searcyco.org/county-treasurer,Call county office and request excess proceeds list. Ask: 1) Do you have an excess proceeds or surplus funds list? 2) Can you email it to claim@usforeclosurerecovery.com? 3) Is it available online?,NOT STARTED,,
LOW,AR,Sebastian,EMAIL_FOIA,(479) 783-5646,collector@sebastiancountyar.gov,https://www.sebastiancountyar.gov/Departments/Treasurer-Collector,"Send FOIA email requesting current excess proceeds/surplus funds list for Sebastian, Arkansas. Ask for Excel/PDF format. Template in county_email_outreach.py.",NOT STARTED,,
LOW,AR,Sevier,EMAIL_FOIA,(870) 642-2425,scassessor@windstream.net,https://www.seviercountyar.org/government/departments/county-collector,"Send FOIA email requesting current excess proceeds/surplus funds list for Sevier, Arkansas. Ask for Excel/PDF format. Template in county_email_outreach.py.",NOT STARTED,,
LOW,AR,Sharp,PHONE_REQUEST,(870) 994-7334,,https://www.finduslocal.com/county-governmentfinance-taxation/arkansas/ash-flat/sharp-county-,Call county office and request excess proceeds list. Ask: 1) Do you have an excess proceeds or surplus funds list? 2) Can you email it to claim@usforeclosurerecovery.com? 3) Is it available online?,NOT STARTED,,
LOW,AR,St. Francis,EMAIL_FOIA,(870) 261-1700,cjonessfc@yahoo.com,https://www.stfranciscountysheriff.org/tax-collector,"Send FOIA email requesting current excess proceeds/surplus funds list for St. Francis, Arkansas. Ask for Excel/PDF format. Template in county_email_outreach.py.",NOT STARTED,,
LOW,AR,Stone,PHONE_REQUEST,(870) 269-8426,,https://www.stonecountyar.gov/treasurer,Call county office and request excess proceeds list. Ask: 1) Do you have an excess proceeds or surplus funds list? 2) Can you email it to claim@usforeclosurerecovery.com? 3) Is it available online?,NOT STARTED,,
LOW,AR,Union,EMAIL_FOIA,(870) 864-1928,treasurer@unioncountyar.com,https://www.unioncountyar.com/county-treasurer.php,"Send FOIA email requesting current excess proceeds/surplus funds list for Union, Arkansas. Ask for Excel/PDF format. Template in county_email_outreach.py.",NOT STARTED,,
LOW,AR,Van Buren,EMAIL_FOIA,(501) 745-2400,mistie_vbc@yahoo.com,http://www.vanburencountyar.com/officials.asp,"Send FOIA email requesting current excess proceeds/surplus funds list for Van Buren, Arkansas. Ask for Excel/PDF format. Template in county_email_outreach.py.",NOT STARTED,,
LOW,AR,Washington,EMAIL_FOIA,(479) 444-1526,shudspeth@co.washington.ar.us,https://www.washingtoncountyar.gov/government/departments-f-z/treasurer,"Send FOIA email requesting current excess proceeds/surplus funds list for Washington, Arkansas. Ask for Excel/PDF format. Template in county_email_outreach.py.",NOT STARTED,,
LOW,AR,White,PHONE_REQUEST,(501) 279-6202,,https://whitecounty.ar.gov/treasurer,Call county office and request excess proceeds list. Ask: 1) Do you have an excess proceeds or surplus funds list? 2) Can you email it to claim@usforeclosurerecovery.com? 3) Is it available online?,NOT STARTED,,
LOW,AR,Woodruff,EMAIL_FOIA,(870) 347-5152,woodruffcountyassessor@yahoo.com,https://www.woodruffcountyar.gov/collector,"Send FOIA email requesting current excess proceeds/surplus funds list for Woodruff, Arkansas. Ask for Excel/PDF format. Template in county_email_outreach.py.",NOT STARTED,,
LOW,AR,Yell,EMAIL_FOIA,(479) 495-4897,treasurer@yellcountyar.gov,https://yellcountyar.gov/elected-county-offices-officials/treasurers-office,"Send FOIA email requesting current excess proceeds/surplus funds list for Yell, Arkansas. Ask for Excel/PDF format. Template in county_email_outreach.py.",NOT STARTED,,
HIGH,AZ,Apache County,PHONE_REQUEST,(928) 337-7624,,https://eagleassessor.co.apache.az.us/assessor/web,Call county office and request excess proceeds list. Ask: 1) Do you have an excess proceeds or surplus funds list? 2) Can you email it to claim@usforeclosurerecovery.com? 3) Is it available online?,NOT STARTED,,
HIGH,AZ,Cochise County,EMAIL_FOIA,(520) 432-8400,trsweb@cochise.az.gov,https://www.cochise.az.gov/439/Treasurer,"Send FOIA email requesting current excess proceeds/surplus funds list for Cochise County, Arizona. Ask for Excel/PDF format. Template in county_email_outreach.py.",NOT STARTED,,
HIGH,AZ,Coconino County,EMAIL_FOIA,(928) 679-7962,assessor@coconino.az.gov,https://www.coconino.az.gov/119/Assessor,"Send FOIA email requesting current excess proceeds/surplus funds list for Coconino County, Arizona. Ask for Excel/PDF format. Template in county_email_outreach.py.",NOT STARTED,,
HIGH,AZ,Gila County,EMAIL_FOIA,(928) 402-8714,gilatreasurer@gilacountyaz.gov,https://www.gilacountyaz.gov/government/assessor/index.php,"Send FOIA email requesting current excess proceeds/surplus funds list for Gila County, Arizona. Ask for Excel/PDF format. Template in county_email_outreach.py.",NOT STARTED,,
HIGH,AZ,Graham County,PHONE_REQUEST,(928) 428-2828,,https://www.graham.az.gov/163/Assessor,Call county office and request excess proceeds list. Ask: 1) Do you have an excess proceeds or surplus funds list? 2) Can you email it to claim@usforeclosurerecovery.com? 3) Is it available online?,NOT STARTED,,
MEDIUM,AZ,Greenlee County,EMAIL_FOIA,(928) 865-5302,assessor@greenlee.az.gov,https://greenlee.az.gov/contact-1,"Send FOIA email requesting current excess proceeds/surplus funds list for Greenlee County, Arizona. Ask for Excel/PDF format. Template in county_email_outreach.py.",NOT STARTED,,
MEDIUM,AZ,La Paz County,EMAIL_FOIA,(928) 669-6165,assessor@lapazcountyaz.org,https://www.lapaz.gov/150/Assessor,"Send FOIA email requesting current excess proceeds/surplus funds list for La Paz County, Arizona. Ask for Excel/PDF format. Template in county_email_outreach.py.",NOT STARTED,,
MEDIUM,AZ,Maricopa County,PHONE_REQUEST,(602) 506-3406,,https://www.maricopa.gov/Directory.aspx?did=266,Call county office and request excess proceeds list. Ask: 1) Do you have an excess proceeds or surplus funds list? 2) Can you email it to claim@usforeclosurerecovery.com? 3) Is it available online?,NOT STARTED,,
MEDIUM,AZ,Mohave County,PHONE_REQUEST,(928) 753-0703,,https://www.mohave.gov/departments/assessor,Call county office and request excess proceeds list. Ask: 1) Do you have an excess proceeds or surplus funds list? 2) Can you email it to claim@usforeclosurerecovery.com? 3) Is it available online?,NOT STARTED,,
MEDIUM,AZ,Navajo County,EMAIL_FOIA,(928) 524-4086,assessor@navajocountyaz.gov,https://www.navajocountyaz.gov/635/Contact-Assessor,"Send FOIA email requesting current excess proceeds/surplus funds list for Navajo County, Arizona. Ask for Excel/PDF format. Template in county_email_outreach.py.",NOT STARTED,,
MEDIUM,AZ,Pima County,EMAIL_FOIA,(520) 724-8630,asrPC@pima.gov,https://www.asr.pima.gov,"Send FOIA email requesting current excess proceeds/surplus funds list for Pima County, Arizona. Ask for Excel/PDF format. Template in county_email_outreach.py.",NOT STARTED,,
MEDIUM,AZ,Pinal County,PHONE_REQUEST,(520) 866-6361,,https://www.pinal.gov/486/Assessor,Call county office and request excess proceeds list. Ask: 1) Do you have an excess proceeds or surplus funds list? 2) Can you email it to claim@usforeclosurerecovery.com? 3) Is it available online?,NOT STARTED,,
MEDIUM,AZ,Santa Cruz County,EMAIL_FOIA,(520) 375-8030,pramos@santacruzcountyaz.gov,https://www.santacruzcountyaz.gov/180/Assessor,"Send FOIA email requesting current excess proceeds/surplus funds list for Santa Cruz County, Arizona. Ask for Excel/PDF format. Template in county_email_outreach.py.",NOT STARTED,,
MEDIUM,AZ,Yavapai County,EMAIL_FOIA,(928) 771-3233,web.treasurer@yavapaiaz.gov,https://www.yavapaiaz.gov/Mapping-and-Properties/Property-Taxes/Treasurers-Office,"Send FOIA email requesting current excess proceeds/surplus funds list for Yavapai County, Arizona. Ask for Excel/PDF format. Template in county_email_outreach.py.",NOT STARTED,,
MEDIUM,AZ,Yuma County,PHONE_REQUEST,(928) 373-6040,,https://yumacountyaz-assessor.tylerhost.net/assessor/web,Call county office and request excess proceeds list. Ask: 1) Do you have an excess proceeds or surplus funds list? 2) Can you email it to claim@usforeclosurerecovery.com? 3) Is it available online?,NOT STARTED,,
HIGH,CA,Alameda County,EMAIL_FOIA,(510) 272-3787,AssessorWebResponse@acgov.org,https://www.alamedacountyca.gov/propertytax/inperson.htm,"Send FOIA email requesting current excess proceeds/surplus funds list for Alameda County, California. Ask for Excel/PDF format. Template in county_email_outreach.py.",NOT STARTED,,
HIGH,CA,Alpine County,PHONE_REQUEST,(530) 694-2283,,https://alpinecountyca.gov/141/Assessor-Recorder,Call county office and request excess proceeds list. Ask: 1) Do you have an excess proceeds or surplus funds list? 2) Can you email it to claim@usforeclosurerecovery.com? 3) Is it available online?,NOT STARTED,,
HIGH,CA,Amador County,EMAIL_FOIA,(209) 223-6364,jrooney@amadorgov.org,https://boe.ca.gov/proptaxes/countycontacts.htm,"Send FOIA email requesting current excess proceeds/surplus funds list for Amador County, California. Ask for Excel/PDF format. Template in county_email_outreach.py.",NOT STARTED,,
HIGH,CA,Butte County,EMAIL_FOIA,(530) 552-3800,assessorsoffice@buttecounty.net,https://www.buttecounty.net/222/Assessor,"Send FOIA email requesting current excess proceeds/surplus funds list for Butte County, California. Ask for Excel/PDF format. Template in county_email_outreach.py.",NOT STARTED,,
HIGH,CA,Calaveras County,EMAIL_FOIA,(209) 754-6356,tpublic@co.calaveras.ca.us,https://assessor.calaverasgov.us,"Send FOIA email requesting current excess proceeds/surplus funds list for Calaveras County, California. Ask for Excel/PDF format. Template in county_email_outreach.py.",NOT STARTED,,
MEDIUM,CA,Colusa County,PHONE_REQUEST,(530) 458-0440,,https://www.countyofcolusaca.gov/184/Treasurer-Tax-Collector,Call county office and request excess proceeds list. Ask: 1) Do you have an excess proceeds or surplus funds list? 2) Can you email it to claim@usforeclosurerecovery.com? 3) Is it available online?,NOT STARTED,,
MEDIUM,CA,Contra Costa County,EMAIL_FOIA,(925) 313-7400,DAOffice@contracostada.org,https://www.contracosta.ca.gov/191/Assessor,"Send FOIA email requesting current excess proceeds/surplus funds list for Contra Costa County, California. Ask for Excel/PDF format. Template in county_email_outreach.py.",NOT STARTED,,
MEDIUM,CA,Del Norte County,EMAIL_FOIA,(707) 464-7283,taxcollector@co.del-norte.ca.us,https://www.co.del-norte.ca.us/departments/treasurer,"Send FOIA email requesting current excess proceeds/surplus funds list for Del Norte County, California. Ask for Excel/PDF format. Template in county_email_outreach.py.",NOT STARTED,,
MEDIUM,CA,El Dorado County,EMAIL_FOIA,(530) 621-5719,assessor@edcgov.us,https://www.eldoradocounty.ca.gov/County-Government/County-Departments/Assessor/Contact-,"Send FOIA email requesting current excess proceeds/surplus funds list for El Dorado County, California. Ask for Excel/PDF format. Template in county_email_outreach.py.",NOT STARTED,,
MEDIUM,CA,Fresno County,EMAIL_FOIA,(559) 600-3534,Treasurer@fresnocountyca.gov,https://www.fresnocountyca.gov/Departments/Auditor-Controller-Treasurer-Tax-Collector/,"Send FOIA email requesting current excess proceeds/surplus funds list for Fresno County, California. Ask for Excel/PDF format. Template in county_email_outreach.py.",NOT STARTED,,
MEDIUM,CA,Glenn County,EMAIL_FOIA,(530) 934-6402,assessor@countyofglenn.net,https://www.countyofglenn.net/government/departments/assessor,"Send FOIA email requesting current excess proceeds/surplus funds list for Glenn County, California. Ask for Excel/PDF format. Template in county_email_outreach.py.",NOT STARTED,,
MEDIUM,CA,Humboldt County,EMAIL_FOIA,(707) 445-7663,ASSESSOR@CO.HUMBOLDT.CA.US,https://www.humboldtcountynv.gov/149/Assessor,"Send FOIA email requesting current excess proceeds/surplus funds list for Humboldt County, California. Ask for Excel/PDF format. Template in county_email_outreach.py.",NOT STARTED,,
MEDIUM,CA,Imperial County,EMAIL_FOIA,(442) 265-8805,assessor@co.imperial.ca.us,https://assessor.imperialcounty.org,"Send FOIA email requesting current excess proceeds/surplus funds list for Imperial County, California. Ask for Excel/PDF format. Template in county_email_outreach.py.",NOT STARTED,,
MEDIUM,CA,Inyo County,EMAIL_FOIA,(760) 878-0302,inyoassessor@inyocounty.us,https://www.inyocounty.us/services/assessor,"Send FOIA email requesting current excess proceeds/surplus funds list for Inyo County, California. Ask for Excel/PDF format. Template in county_email_outreach.py.",NOT STARTED,,
MEDIUM,CA,Kern County,EMAIL_FOIA,(661) 868-3485,assessor@kerncounty.com,https://www.kerncounty.com/government/departments/assessor-recorder/contact-about/contact-,"Send FOIA email requesting current excess proceeds/surplus funds list for Kern County, California. Ask for Excel/PDF format. Template in county_email_outreach.py.",NOT STARTED,,
LOW,CA,Kings County,EMAIL_FOIA,(559) 852-2486,Assessor@co.kings.ca.us,https://www.countyofkingsca.gov/departments/general-services/assessor-clerk-recorder/assessor,"Send FOIA email requesting current excess proceeds/surplus funds list for Kings County, California. Ask for Excel/PDF format. Template in county_email_outreach.py.",NOT STARTED,,
LOW,CA,Lake County,EMAIL_FOIA,(707) 263-2302,Ford@lakecountyca.gov,https://www.lakecountyca.gov/271/Assessor---Recorder,"Send FOIA email requesting current excess proceeds/surplus funds list for Lake County, California. Ask for Excel/PDF format. Template in county_email_outreach.py.",NOT STARTED,,
LOW,CA,Lassen County,EMAIL_FOIA,(530) 251-8241,assessorsoffice@co.lassen.ca.us,https://www.lassencounty.org/dept/assessor/assessor,"Send FOIA email requesting current excess proceeds/surplus funds list for Lassen County, California. Ask for Excel/PDF format. Template in county_email_outreach.py.",NOT STARTED,,
LOW,CA,Los Angeles County,EMAIL_FOIA,(213) 974-3211,helpdesk@assessor.lacounty.gov,https://www.propertytax.lacounty.gov/Home/ContactUs/0,"Send FOIA email requesting current excess proceeds/surplus funds list for Los Angeles County, California. Ask for Excel/PDF format. Template in county_email_outreach.py.",NOT STARTED,,
LOW,CA,Madera County,EMAIL_FOIA,(559) 675-7710,assessor@maderacounty.com,https://www.maderacounty.com/government/assessor,"Send FOIA email requesting current excess proceeds/surplus funds list for Madera County, California. Ask for Excel/PDF format. Template in county_email_outreach.py.",NOT STARTED,,
LOW,CA,Marin County,EMAIL_FOIA,(415) 499-6133,assessor@marincounty.gov,https://www.marincounty.org/depts/ar/contact-us?division=assessor,"Send FOIA email requesting current excess proceeds/surplus funds list for Marin County, California. Ask for Excel/PDF format. Template in county_email_outreach.py.",NOT STARTED,,
LOW,CA,Mariposa County,EMAIL_FOIA,(209) 966-2332,tguenthart@mariposacounty.org,https://www.mariposacounty.org/137/Treasurer-Tax-Collector,"Send FOIA email requesting current excess proceeds/surplus funds list for Mariposa County, California. Ask for Excel/PDF format. Template in county_email_outreach.py.",NOT STARTED,,
LOW,CA,Mendocino County,EMAIL_FOIA,(707) 234-6800,acr@mendocinocounty.gov,https://www.mendocinocounty.gov/government/assessor-county-clerk-recorder-elections,"Send FOIA email requesting current excess proceeds/surplus funds list for Mendocino County, California. Ask for Excel/PDF format. Template in county_email_outreach.py.",NOT STARTED,,
LOW,CA,Merced County,PHONE_REQUEST,(209) 385-7307,,https://www.countyofmerced.com/3882/Treasurer---Tax-Collector,Call county office and request excess proceeds list. Ask: 1) Do you have an excess proceeds or surplus funds list? 2) Can you email it to claim@usforeclosurerecovery.com? 3) Is it available online?,NOT STARTED,,
LOW,CA,Modoc County,EMAIL_FOIA,(530) 233-6218,ttc@co.modoc.ca.us,https://www.co.modoc.ca.us/departments/tax_collector/index.php,"Send FOIA email requesting current excess proceeds/surplus funds list for Modoc County, California. Ask for Excel/PDF format. Template in county_email_outreach.py.",NOT STARTED,,
LOW,CA,Mono County,EMAIL_FOIA,(760) 932-5480,treasurer@mono.ca.gov,https://monocounty.ca.gov/tax,"Send FOIA email requesting current excess proceeds/surplus funds list for Mono County, California. Ask for Excel/PDF format. Template in county_email_outreach.py.",NOT STARTED,,
LOW,CA,Monterey County,EMAIL_FOIA,(831) 755-5035,assessor@montereycounty.gov,https://www.countyofmonterey.gov/government/departments-a-h/assessor/assessor-county-clerk-,"Send FOIA email requesting current excess proceeds/surplus funds list for Monterey County, California. Ask for Excel/PDF format. Template in county_email_outreach.py.",NOT STARTED,,
LOW,CA,Napa County,EMAIL_FOIA,(707) 253-4312,taxcollector@countyofnapa.org,https://www.napacounty.gov/1227/Treasurer---Tax-Collector,"Send FOIA email requesting current excess proceeds/surplus funds list for Napa County, California. Ask for Excel/PDF format. Template in county_email_outreach.py.",NOT STARTED,,
LOW,CA,Nevada County,EMAIL_FOIA,(530) 265-1232,assessor@nevadacountyca.gov,https://www.nevadacountyca.gov/163/Assessor,"Send FOIA email requesting current excess proceeds/surplus funds list for Nevada County, California. Ask for Excel/PDF format. Template in county_email_outreach.py.",NOT STARTED,,
LOW,CA,Orange County,EMAIL_FOIA,(714) 834-2727,AskTaxCollector@octreasurer.gov,https://www.ocassessor.gov/contact-us,"Send FOIA email requesting current excess proceeds/surplus funds list for Orange County, California. Ask for Excel/PDF format. Template in county_email_outreach.py.",NOT STARTED,,
LOW,CA,Placer County,EMAIL_FOIA,(530) 889-4300,assessor@placer.ca.gov,https://www.placer.ca.gov/5871/Contact-Us,"Send FOIA email requesting current excess proceeds/surplus funds list for Placer County, California. Ask for Excel/PDF format. Template in county_email_outreach.py.",NOT STARTED,,
LOW,CA,Plumas County,EMAIL_FOIA,(530) 283-6380,cindiefroggatt@countyofplumas.com,https://www.plumascounty.us/75/Assessor,"Send FOIA email requesting current excess proceeds/surplus funds list for Plumas County, California. Ask for Excel/PDF format. Template in county_email_outreach.py.",NOT STARTED,,
LOW,CA,Riverside County,EMAIL_FOIA,(951) 955-3900,rcttc@rivco.org,https://countytreasurer.org/contact-us,"Send FOIA email requesting current excess proceeds/surplus funds list for Riverside County, California. Ask for Excel/PDF format. Template in county_email_outreach.py.",NOT STARTED,,
LOW,CA,Sacramento County,EMAIL_FOIA,(916) 875-0700,assessor@saccounty.gov,https://assessor.saccounty.gov/content/assessor/us/en/contact-us.html,"Send FOIA email requesting current excess proceeds/surplus funds list for Sacramento County, California. Ask for Excel/PDF format. Template in county_email_outreach.py.",NOT STARTED,,
LOW,CA,San Benito County,EMAIL_FOIA,(831) 636-4034,MCasillas@sanbenitocountyca.gov,https://www.sanbenitocountyca.gov/departments/treasurer-tax-collector-and-public-administrator,"Send FOIA email requesting current excess proceeds/surplus funds list for San Benito County, California. Ask for Excel/PDF format. Template in county_email_outreach.py.",NOT STARTED,,
LOW,CA,San Bernardino County,PHONE_REQUEST,(909) 387-8307,,https://arc.sbcounty.gov,Call county office and request excess proceeds list. Ask: 1) Do you have an excess proceeds or surplus funds list? 2) Can you email it to claim@usforeclosurerecovery.com? 3) Is it available online?,NOT STARTED,,
LOW,CA,San Diego County,EMAIL_FOIA,(619) 236-3771,ARCCHELP@sdcounty.ca.gov,https://www.sdarcc.gov/content/arcc/home/about/contactus.html,"Send FOIA email requesting current excess proceeds/surplus funds list for San Diego County, California. Ask for Excel/PDF format. Template in county_email_outreach.py.",NOT STARTED,,
LOW,CA,San Francisco County,EMAIL_FOIA,(415) 554-5596,assessor@sfgov.org,https://www.sf.gov/location--office-assessor-recorder-sample,"Send FOIA email requesting current excess proceeds/surplus funds list for San Francisco County, California. Ask for Excel/PDF format. Template in county_email_outreach.py.",NOT STARTED,,
LOW,CA,San Joaquin County,EMAIL_FOIA,(209) 468-2630,assessor@sjgov.org,https://californialocal.com/localnews/san-joaquin/ca/government/show/190-county-of-san-joaquin/,"Send FOIA email requesting current excess proceeds/surplus funds list for San Joaquin County, California. Ask for Excel/PDF format. Template in county_email_outreach.py.",NOT STARTED,,
LOW,CA,San Luis Obispo County,EMAIL_FOIA,(805) 781-5830,assessor@co.slo.ca.us,https://www.countyoffice.org/san-luis-obispo-county-treasurer-tax-collectors-office-san-luis-,"Send FOIA email requesting current excess proceeds/surplus funds list for San Luis Obispo County, California. Ask for Excel/PDF format. Template in county_email_outreach.py.",NOT STARTED,,
LOW,CA,San Mateo County,EMAIL_FOIA,(650) 363-4500,assessor@smcacre.gov,https://smcacre.gov/contact,"Send FOIA email requesting current excess proceeds/surplus funds list for San Mateo County, California. Ask for Excel/PDF format. Template in county_email_outreach.py.",NOT STARTED,,
LOW,CA,Santa Barbara County,PHONE_REQUEST,(805) 568-2920,,https://www.countyofsb.org/2838/Assessor,Call county office and request excess proceeds list. Ask: 1) Do you have an excess proceeds or surplus funds list? 2) Can you email it to claim@usforeclosurerecovery.com? 3) Is it available online?,NOT STARTED,,
LOW,CA,Santa Clara County,EMAIL_FOIA,(408) 808-7900,scctax@fin.sccgov.org,https://dtac.santaclaracounty.gov/about-us/our-office-location-and-operating-information,"Send FOIA email requesting current excess proceeds/surplus funds list for Santa Clara County, California. Ask for Excel/PDF format. Template in county_email_outreach.py.",NOT STARTED,,
LOW,CA,Santa Cruz County,EMAIL_FOIA,(831) 454-2002,asrwebmail@co.santa-cruz.ca.us,https://www.santacruzcountyca.gov/Departments/AssessorsOffice/ContacttheAssessorsOffice.aspx,"Send FOIA email requesting current excess proceeds/surplus funds list for Santa Cruz County, California. Ask for Excel/PDF format. Template in county_email_outreach.py.",NOT STARTED,,
LOW,CA,Shasta County,PHONE_REQUEST,(530) 225-3600,,https://www.shastacounty.gov/assessor,Call county office and request excess proceeds list. Ask: 1) Do you have an excess proceeds or surplus funds list? 2) Can you email it to claim@usforeclosurerecovery.com? 3) Is it available online?,NOT STARTED,,
LOW,CA,Sierra County,EMAIL_FOIA,(530) 289-3283,collector@sierracounty.ca.gov,https://www.sierracounty.ca.gov/170/Assessor,"Send FOIA email requesting current excess proceeds/surplus funds list for Sierra County, California. Ask for Excel/PDF format. Template in county_email_outreach.py.",NOT STARTED,,
LOW,CA,Siskiyou County,EMAIL_FOIA,(530) 842-8036,assessor@co.siskiyou.ca.us,https://www.siskiyoucounty.gov/assessor-recorder,"Send FOIA email requesting current excess proceeds/surplus funds list for Siskiyou County, California. Ask for Excel/PDF format. Template in county_email_outreach.py.",NOT STARTED,,
LOW,CA,Solano County,EMAIL_FOIA,(707) 784-6210,assessor@solanocounty.gov,https://www.solanocounty.gov/government/assessorrecorder/assessor-division/property-tax-,"Send FOIA email requesting current excess proceeds/surplus funds list for Solano County, California. Ask for Excel/PDF format. Template in county_email_outreach.py.",NOT STARTED,,
LOW,CA,Sonoma County,EMAIL_FOIA,(707) 565-2281,taxcollector@sonomacounty.gov,https://sonomacounty.gov/administrative-support-and-fiscal-services/auditor-controller-treasurer-,"Send FOIA email requesting current excess proceeds/surplus funds list for Sonoma County, California. Ask for Excel/PDF format. Template in county_email_outreach.py.",NOT STARTED,,
LOW,CA,Stanislaus County,PHONE_REQUEST,(209) 525-6461,,https://www.stancounty.com/assessor,Call county office and request excess proceeds list. Ask: 1) Do you have an excess proceeds or surplus funds list? 2) Can you email it to claim@usforeclosurerecovery.com? 3) Is it available online?,NOT STARTED,,
LOW,CA,Sutter County,PHONE_REQUEST,(530) 822-7160,,https://www.suttercounty.org/government/county-departments/treasurer-tax-collector,Call county office and request excess proceeds list. Ask: 1) Do you have an excess proceeds or surplus funds list? 2) Can you email it to claim@usforeclosurerecovery.com? 3) Is it available online?,NOT STARTED,,
LOW,CA,Tehama County,EMAIL_FOIA,(530) 527-4535,tax@tehama.gov,https://www.tehama.gov/government/departments/treasurer-tax-collector,"Send FOIA email requesting current excess proceeds/surplus funds list for Tehama County, California. Ask for Excel/PDF format. Template in county_email_outreach.py.",NOT STARTED,,
LOW,CA,Trinity County,EMAIL_FOIA,(530) 623-1257,taxcollector@trinitycounty.org,https://www.trinitycounty.org/165/Assessor,"Send FOIA email requesting current excess proceeds/surplus funds list for Trinity County, California. Ask for Excel/PDF format. Template in county_email_outreach.py.",NOT STARTED,,
LOW,CA,Tulare County,EMAIL_FOIA,(559) 636-5100,Assessor@tularecounty.ca.gov,https://tularecounty.ca.gov/assessor/about-us/office-contact-information,"Send FOIA email requesting current excess proceeds/surplus funds list for Tulare County, California. Ask for Excel/PDF format. Template in county_email_outreach.py.",NOT STARTED,,
LOW,CA,Tuolumne County,EMAIL_FOIA,(209) 533-5535,assessor@tuolumnecounty.ca.gov,https://www.tuolumnecounty.ca.gov/200/Assessor,"Send FOIA email requesting current excess proceeds/surplus funds list for Tuolumne County, California. Ask for Excel/PDF format. Template in county_email_outreach.py.",NOT STARTED,,
LOW,CA,Ventura County,EMAIL_FOIA,(805) 654-2181,assessor.info@venturacounty.gov,https://assessor.venturacounty.gov/about-us/office-contact-info,"Send FOIA email requesting current excess proceeds/surplus funds list for Ventura County, California. Ask for Excel/PDF format. Template in county_email_outreach.py.",NOT STARTED,,
LOW,CA,Yolo County,EMAIL_FOIA,(530) 666-8135,taxinfo@yolocounty.gov,https://ace.yolocounty.gov/27/Assessor,"Send FOIA email requesting current excess proceeds/surplus funds list for Yolo County, California. Ask for Excel/PDF format. Template in county_email_outreach.py.",NOT STARTED,,
LOW,CA,Yuba County,EMAIL_FOIA,(530) 749-7820,auditorpropertytaxes@yuba.gov,https://www.yuba.gov/departments/assessor/index.php,"Send FOIA email requesting current excess proceeds/surplus funds list for Yuba County, California. Ask for Excel/PDF format. Template in county_email_outreach.py.",NOT STARTED,,
HIGH,CO,Adams County,EMAIL_FOIA,(720) 523-6038,Kmusso@adcogov.org,https://dpt.colorado.gov/locality/adams-county-assessor,"Send FOIA email requesting current excess proceeds/surplus funds list for Adams County, Colorado. Ask for Excel/PDF format. Template in county_email_outreach.py.",NOT STARTED,,
HIGH,CO,Alamosa County,EMAIL_FOIA,(719) 589-6365,jduncan@alamosacounty.org,https://dpt.colorado.gov/locality/alamosa-county-assessor,"Send FOIA email requesting current excess proceeds/surplus funds list for Alamosa County, Colorado. Ask for Excel/PDF format. Template in county_email_outreach.py.",NOT STARTED,,
HIGH,CO,Arapahoe County,EMAIL_FOIA,(303) 795-4600,pkaiser@arapahoegov.com,https://dpt.colorado.gov,"Send FOIA email requesting current excess proceeds/surplus funds list for Arapahoe County, Colorado. Ask for Excel/PDF format. Template in county_email_outreach.py.",NOT STARTED,,
HIGH,CO,Archuleta County,EMAIL_FOIA,(970) 264-8310,treasurer@archuletacounty.org,https://www.archuletacounty.gov/county-government/elected-offices/assessor,"Send FOIA email requesting current excess proceeds/surplus funds list for Archuleta County, Colorado. Ask for Excel/PDF format. Template in county_email_outreach.py.",NOT STARTED,,
HIGH,CO,Baca County,EMAIL_FOIA,(719) 523-4332,bacaassr@bacacountyco.gov,https://dpt.colorado.gov/locality/baca-county-assessor,"Send FOIA email requesting current excess proceeds/surplus funds list for Baca County, Colorado. Ask for Excel/PDF format. Template in county_email_outreach.py.",NOT STARTED,,
MEDIUM,CO,Bent County,EMAIL_FOIA,(719) 456-2010,gwagner@bentcounty.gov,https://www.bentcounty.net/government/assessor.php,"Send FOIA email requesting current excess proceeds/surplus funds list for Bent County, Colorado. Ask for Excel/PDF format. Template in county_email_outreach.py.",NOT STARTED,,
MEDIUM,CO,Boulder County,EMAIL_FOIA,(303) 441-3530,assessor@bouldercounty.gov,https://bouldercounty.gov/departments/assessor,"Send FOIA email requesting current excess proceeds/surplus funds list for Boulder County, Colorado. Ask for Excel/PDF format. Template in county_email_outreach.py.",NOT STARTED,,
MEDIUM,CO,Broomfield County,EMAIL_FOIA,(303) 464-5819,assessor@broomfield.org,https://dpt.colorado.gov/locality/broomfield-city-and-county-assessor,"Send FOIA email requesting current excess proceeds/surplus funds list for Broomfield County, Colorado. Ask for Excel/PDF format. Template in county_email_outreach.py.",NOT STARTED,,
MEDIUM,CO,Chaffee County,EMAIL_FOIA,(719) 539-6808,rroberts@chaffeecounty.org,https://www.chaffeecounty.org/departments/assessor/index.php,"Send FOIA email requesting current excess proceeds/surplus funds list for Chaffee County, Colorado. Ask for Excel/PDF format. Template in county_email_outreach.py.",NOT STARTED,,
MEDIUM,CO,Cheyenne County,EMAIL_FOIA,(719) 767-5657,cheyassr@rebeltec.net,https://www.co.cheyenne.co.us/departments/assessor.html,"Send FOIA email requesting current excess proceeds/surplus funds list for Cheyenne County, Colorado. Ask for Excel/PDF format. Template in county_email_outreach.py.",NOT STARTED,,
MEDIUM,CO,Clear Creek County,EMAIL_FOIA,(303) 679-2322,clee@clearcreekcounty.us,https://www.clearcreekcounty.us/188/Assessor,"Send FOIA email requesting current excess proceeds/surplus funds list for Clear Creek County, Colorado. Ask for Excel/PDF format. Template in county_email_outreach.py.",NOT STARTED,,
MEDIUM,CO,Conejos County,EMAIL_FOIA,(719) 376-5585,naomi@co.conejos.co.us,https://conejoscounty.colorado.gov/elected-officials/assessor,"Send FOIA email requesting current excess proceeds/surplus funds list for Conejos County, Colorado. Ask for Excel/PDF format. Template in county_email_outreach.py.",NOT STARTED,,
MEDIUM,CO,Costilla County,EMAIL_FOIA,(719) 937-7670,treasurer@costillacounty-co.gov,https://www.costillacounty.gov/assessor,"Send FOIA email requesting current excess proceeds/surplus funds list for Costilla County, Colorado. Ask for Excel/PDF format. Template in county_email_outreach.py.",NOT STARTED,,
MEDIUM,CO,Crowley County,EMAIL_FOIA,(719) 267-5229,assessor@crowleycounty.net,https://crowleycounty.colorado.gov/government-offices/crowley-county-assessors-office,"Send FOIA email requesting current excess proceeds/surplus funds list for Crowley County, Colorado. Ask for Excel/PDF format. Template in county_email_outreach.py.",NOT STARTED,,
MEDIUM,CO,Custer County,EMAIL_FOIA,(719) 783-2218,custerassessor@custercounty-co.gov,https://www.custercounty-co.gov/assessor,"Send FOIA email requesting current excess proceeds/surplus funds list for Custer County, Colorado. Ask for Excel/PDF format. Template in county_email_outreach.py.",NOT STARTED,,
LOW,CO,Delta County,EMAIL_FOIA,(970) 874-2120,assessor@deltacountyco.gov,https://www.deltacountyco.gov/5/Assessor,"Send FOIA email requesting current excess proceeds/surplus funds list for Delta County, Colorado. Ask for Excel/PDF format. Template in county_email_outreach.py.",NOT STARTED,,
LOW,CO,Denver County,EMAIL_FOIA,(720) 913-4164,keith.erffmeyer@denvergov.org,https://dpt.colorado.gov/locality/denver-city-and-county-assessor,"Send FOIA email requesting current excess proceeds/surplus funds list for Denver County, Colorado. Ask for Excel/PDF format. Template in county_email_outreach.py.",NOT STARTED,,
LOW,CO,Dolores County,EMAIL_FOIA,(970) 677-2385,treasurer@dolorescountyCO.gov,https://dolocnty.colorado.gov/assessors-office,"Send FOIA email requesting current excess proceeds/surplus funds list for Dolores County, Colorado. Ask for Excel/PDF format. Template in county_email_outreach.py.",NOT STARTED,,
LOW,CO,Douglas County,EMAIL_FOIA,(303) 660-7450,tdamisch@douglas.co.us,https://www.douglas.co.us/assessor,"Send FOIA email requesting current excess proceeds/surplus funds list for Douglas County, Colorado. Ask for Excel/PDF format. Template in county_email_outreach.py.",NOT STARTED,,
LOW,CO,Eagle County,EMAIL_FOIA,(970) 328-8640,assessor@eaglecounty.us,https://www.eaglecounty.us/departments___services/assessor/index.php,"Send FOIA email requesting current excess proceeds/surplus funds list for Eagle County, Colorado. Ask for Excel/PDF format. Template in county_email_outreach.py.",NOT STARTED,,
LOW,CO,El Paso County,EMAIL_FOIA,(719) 520-6600,markflutcher@elpasoco.com,https://dpt.colorado.gov/locality/el-paso-county-assessor,"Send FOIA email requesting current excess proceeds/surplus funds list for El Paso County, Colorado. Ask for Excel/PDF format. Template in county_email_outreach.py.",NOT STARTED,,
LOW,CO,Elbert County,EMAIL_FOIA,(303) 621-3101,treasurer@elbertcounty-co.gov,https://www.elbertcounty-co.gov/264/Assessor,"Send FOIA email requesting current excess proceeds/surplus funds list for Elbert County, Colorado. Ask for Excel/PDF format. Template in county_email_outreach.py.",NOT STARTED,,
LOW,CO,Fremont County,PHONE_REQUEST,(719) 276-7310,,https://fremontcountyco-asr-web.tylerhost.net/assessor/web,Call county office and request excess proceeds list. Ask: 1) Do you have an excess proceeds or surplus funds list? 2) Can you email it to claim@usforeclosurerecovery.com? 3) Is it available online?,NOT STARTED,,
LOW,CO,Garfield County,EMAIL_FOIA,(970) 945-9134,jyellico@garfieldcountyco.gov,https://www.garfieldcountyco.gov/assessor,"Send FOIA email requesting current excess proceeds/surplus funds list for Garfield County, Colorado. Ask for Excel/PDF format. Template in county_email_outreach.py.",NOT STARTED,,
LOW,CO,Gilpin County,EMAIL_FOIA,(303) 582-5451,anielsen@gilpincounty.org,https://gilpincounty.colorado.gov/elected-officials/treasurer,"Send FOIA email requesting current excess proceeds/surplus funds list for Gilpin County, Colorado. Ask for Excel/PDF format. Template in county_email_outreach.py.",NOT STARTED,,
LOW,CO,Grand County,EMAIL_FOIA,(970) 725-3060,assessor@co.grand.co.us,https://www.co.grand.co.us/133/Assessors-Office,"Send FOIA email requesting current excess proceeds/surplus funds list for Grand County, Colorado. Ask for Excel/PDF format. Template in county_email_outreach.py.",NOT STARTED,,
LOW,CO,Gunnison County,PHONE_REQUEST,(970) 641-1085,,https://www.gunnisoncounty.org/Directory.aspx?did=22,Call county office and request excess proceeds list. Ask: 1) Do you have an excess proceeds or surplus funds list? 2) Can you email it to claim@usforeclosurerecovery.com? 3) Is it available online?,NOT STARTED,,
LOW,CO,Hinsdale County,EMAIL_FOIA,(970) 944-2225,treasurer@hinsdalecountycolorado.us,https://dpt.colorado.gov,"Send FOIA email requesting current excess proceeds/surplus funds list for Hinsdale County, Colorado. Ask for Excel/PDF format. Template in county_email_outreach.py.",NOT STARTED,,
LOW,CO,Huerfano County,EMAIL_FOIA,(719) 738-1191,assessor@huerfano.us,https://huerfano.us/departments/assessor,"Send FOIA email requesting current excess proceeds/surplus funds list for Huerfano County, Colorado. Ask for Excel/PDF format. Template in county_email_outreach.py.",NOT STARTED,,
LOW,CO,Jackson County,EMAIL_FOIA,(970) 723-4751,plarsen@jacksoncountyco.gov,https://jacksoncountyor.gov/departments/assessor/assessors_office/index.php,"Send FOIA email requesting current excess proceeds/surplus funds list for Jackson County, Colorado. Ask for Excel/PDF format. Template in county_email_outreach.py.",NOT STARTED,,
LOW,CO,Jefferson County,EMAIL_FOIA,(303) 271-8600,assessor@jeffco.us,https://www.jeffco.us/658/Assessor,"Send FOIA email requesting current excess proceeds/surplus funds list for Jefferson County, Colorado. Ask for Excel/PDF format. Template in county_email_outreach.py.",NOT STARTED,,
LOW,CO,Kiowa County,EMAIL_FOIA,(719) 438-5521,kiowacoassr295@gmail.com,https://kiowacounty.colorado.gov/government/elected-officials/assessors-office,"Send FOIA email requesting current excess proceeds/surplus funds list for Kiowa County, Colorado. Ask for Excel/PDF format. Template in county_email_outreach.py.",NOT STARTED,,
LOW,CO,Kit Carson County,EMAIL_FOIA,(719) 346-6017,assessor@kitcarsoncounty.org,https://kitcarsoncounty.colorado.gov/departments/assessor,"Send FOIA email requesting current excess proceeds/surplus funds list for Kit Carson County, Colorado. Ask for Excel/PDF format. Template in county_email_outreach.py.",NOT STARTED,,
LOW,CO,La Plata County,EMAIL_FOIA,(970) 382-6221,carrie.woodson@co.laplata.co.us,https://dpt.colorado.gov,"Send FOIA email requesting current excess proceeds/surplus funds list for La Plata County, Colorado. Ask for Excel/PDF format. Template in county_email_outreach.py.",NOT STARTED,,
LOW,CO,Lake County,EMAIL_FOIA,(719) 486-4110,assessor@lakecountyco.gov,https://www.lakecountyco.gov/directory.aspx?did=10,"Send FOIA email requesting current excess proceeds/surplus funds list for Lake County, Colorado. Ask for Excel/PDF format. Template in county_email_outreach.py.",NOT STARTED,,
LOW,CO,Larimer County,EMAIL_FOIA,(970) 498-7050,LCassessor@co.larimer.co.us,https://www.larimer.gov/assessor,"Send FOIA email requesting current excess proceeds/surplus funds list for Larimer County, Colorado. Ask for Excel/PDF format. Template in county_email_outreach.py.",NOT STARTED,,
LOW,CO,Las Animas County,EMAIL_FOIA,(719) 846-2295,Jodi.Amato@lasanimascounty.org,https://lasanimascounty.colorado.gov/elected-officials/assessor,"Send FOIA email requesting current excess proceeds/surplus funds list for Las Animas County, Colorado. Ask for Excel/PDF format. Template in county_email_outreach.py.",NOT STARTED,,
LOW,CO,Lincoln County,EMAIL_FOIA,(719) 743-2358,ashley.erwin@lincolncountyco.us,https://lincolncounty.colorado.gov/assessor,"Send FOIA email requesting current excess proceeds/surplus funds list for Lincoln County, Colorado. Ask for Excel/PDF format. Template in county_email_outreach.py.",NOT STARTED,,
LOW,CO,Logan County,EMAIL_FOIA,(970) 522-2797,michaelsp@logancountyco.gov,https://logancounty.colorado.gov/elected-officials/logan-county-treasurer,"Send FOIA email requesting current excess proceeds/surplus funds list for Logan County, Colorado. Ask for Excel/PDF format. Template in county_email_outreach.py.",NOT STARTED,,
LOW,CO,Mesa County,EMAIL_FOIA,(970) 244-1610,brent.goff@mesacounty.us,https://dpt.colorado.gov/locality/mesa-county-assessor,"Send FOIA email requesting current excess proceeds/surplus funds list for Mesa County, Colorado. Ask for Excel/PDF format. Template in county_email_outreach.py.",NOT STARTED,,
LOW,CO,Mineral County,PHONE_REQUEST,(719) 658-2669,,https://www.mineralcountycolorado.com/assessor,Call county office and request excess proceeds list. Ask: 1) Do you have an excess proceeds or surplus funds list? 2) Can you email it to claim@usforeclosurerecovery.com? 3) Is it available online?,NOT STARTED,,
LOW,CO,Moffat County,EMAIL_FOIA,(970) 824-9102,lmcpherson@moffatcounty.net,https://moffatcounty.colorado.gov/government/elected-officials/county-assessor,"Send FOIA email requesting current excess proceeds/surplus funds list for Moffat County, Colorado. Ask for Excel/PDF format. Template in county_email_outreach.py.",NOT STARTED,,
LOW,CO,Montezuma County,EMAIL_FOIA,(970) 565-3428,lbugg@co.montezuma.co.us,https://montezumacounty.org/assessors-office,"Send FOIA email requesting current excess proceeds/surplus funds list for Montezuma County, Colorado. Ask for Excel/PDF format. Template in county_email_outreach.py.",NOT STARTED,,
LOW,CO,Montrose County,EMAIL_FOIA,(970) 249-3753,assessor@montrosecounty.net,https://treasurerweb.montrosecounty.net/treasurer/web,"Send FOIA email requesting current excess proceeds/surplus funds list for Montrose County, Colorado. Ask for Excel/PDF format. Template in county_email_outreach.py.",NOT STARTED,,
LOW,CO,Morgan County,EMAIL_FOIA,(970) 542-3512,asrmorganc@co.morgan.co.us,https://localoffices.org/assessor/colorado/morgan-county,"Send FOIA email requesting current excess proceeds/surplus funds list for Morgan County, Colorado. Ask for Excel/PDF format. Template in county_email_outreach.py.",NOT STARTED,,
LOW,CO,Otero County,EMAIL_FOIA,(719) 383-3010,oteroassessor@oterogov.org,https://oterocounty.colorado.gov/assessor,"Send FOIA email requesting current excess proceeds/surplus funds list for Otero County, Colorado. Ask for Excel/PDF format. Template in county_email_outreach.py.",NOT STARTED,,
LOW,CO,Ouray County,EMAIL_FOIA,(970) 325-4371,assessor@ourayco.gov,https://ouraycountyco.gov/139/Assessor,"Send FOIA email requesting current excess proceeds/surplus funds list for Ouray County, Colorado. Ask for Excel/PDF format. Template in county_email_outreach.py.",NOT STARTED,,
LOW,CO,Park County,PHONE_REQUEST,(719) 836-4331,,https://www.parkcountyco.gov/73/Assessor,Call county office and request excess proceeds list. Ask: 1) Do you have an excess proceeds or surplus funds list? 2) Can you email it to claim@usforeclosurerecovery.com? 3) Is it available online?,NOT STARTED,,
LOW,CO,Phillips County,PHONE_REQUEST,(970) 854-3778,,https://phillipscounty.colorado.gov/departments/assessor,Call county office and request excess proceeds list. Ask: 1) Do you have an excess proceeds or surplus funds list? 2) Can you email it to claim@usforeclosurerecovery.com? 3) Is it available online?,NOT STARTED,,
LOW,CO,Pitkin County,EMAIL_FOIA,(970) 920-5160,assessormail@pitkincounty.com,https://pitkincounty.com/183/Assessor,"Send FOIA email requesting current excess proceeds/surplus funds list for Pitkin County, Colorado. Ask for Excel/PDF format. Template in county_email_outreach.py.",NOT STARTED,,
LOW,CO,Prowers County,EMAIL_FOIA,(719) 336-8081,acampbell@prowerscounty.net,https://dpt.colorado.gov/locality/prowers-county-treasurer,"Send FOIA email requesting current excess proceeds/surplus funds list for Prowers County, Colorado. Ask for Excel/PDF format. Template in county_email_outreach.py.",NOT STARTED,,
LOW,CO,Pueblo County,EMAIL_FOIA,(719) 583-6597,beltran@pueblocounty.us,https://county.pueblo.org/assessor/assessor-home,"Send FOIA email requesting current excess proceeds/surplus funds list for Pueblo County, Colorado. Ask for Excel/PDF format. Template in county_email_outreach.py.",NOT STARTED,,
LOW,CO,Rio Blanco County,EMAIL_FOIA,(970) 878-9410,renae.neilson@rbc.us,https://www.rbc.us/152/Assessor,"Send FOIA email requesting current excess proceeds/surplus funds list for Rio Blanco County, Colorado. Ask for Excel/PDF format. Template in county_email_outreach.py.",NOT STARTED,,
LOW,CO,Rio Grande County,EMAIL_FOIA,(719) 657-3326,assessor@riograndecounty.org,https://e-caa.com/home-page/county-information/meet-the-assessors/rio-grande-county-2,"Send FOIA email requesting current excess proceeds/surplus funds list for Rio Grande County, Colorado. Ask for Excel/PDF format. Template in county_email_outreach.py.",NOT STARTED,,
LOW,CO,Routt County,EMAIL_FOIA,(970) 870-5544,assessor@co.routt.co.us,https://www.co.routt.co.us/115/Assessor,"Send FOIA email requesting current excess proceeds/surplus funds list for Routt County, Colorado. Ask for Excel/PDF format. Template in county_email_outreach.py.",NOT STARTED,,
LOW,CO,Saguache County,EMAIL_FOIA,(719) 655-2656,rswartz@saguachecounty-co.gov,https://saguachecounty.colorado.gov/departments/treasurer/public-trustee,"Send FOIA email requesting current excess proceeds/surplus funds list for Saguache County, Colorado. Ask for Excel/PDF format. Template in county_email_outreach.py.",NOT STARTED,,
LOW,CO,San Juan County,EMAIL_FOIA,(970) 387-5632,assessor@sanjuancolorado.us,https://sanjuancounty.colorado.gov/assessor,"Send FOIA email requesting current excess proceeds/surplus funds list for San Juan County, Colorado. Ask for Excel/PDF format. Template in county_email_outreach.py.",NOT STARTED,,
LOW,CO,San Miguel County,EMAIL_FOIA,(970) 728-4451,treasurer@sanmiguelcountyco.gov,https://dpt.colorado.gov/locality/san-miguel-county-treasurer,"Send FOIA email requesting current excess proceeds/surplus funds list for San Miguel County, Colorado. Ask for Excel/PDF format. Template in county_email_outreach.py.",NOT STARTED,,
LOW,CO,Sedgwick County,EMAIL_FOIA,(970) 474-2531,assessor@sedgwickcountygov.net,https://sedgwickcounty.colorado.gov/elected-officials/assessor,"Send FOIA email requesting current excess proceeds/surplus funds list for Sedgwick County, Colorado. Ask for Excel/PDF format. Template in county_email_outreach.py.",NOT STARTED,,
LOW,CO,Summit County,EMAIL_FOIA,(970) 453-3480,Assessor@summitcountyco.gov,https://www.summitcountyco.gov/services/assessor/index.php,"Send FOIA email requesting current excess proceeds/surplus funds list for Summit County, Colorado. Ask for Excel/PDF format. Template in county_email_outreach.py.",NOT STARTED,,
LOW,CO,Teller County,PHONE_REQUEST,(719) 689-2941,,https://www.tellercounty.gov/Assessors-Office,Call county office and request excess proceeds list. Ask: 1) Do you have an excess proceeds or surplus funds list? 2) Can you email it to claim@usforeclosurerecovery.com? 3) Is it available online?,NOT STARTED,,
LOW,CO,Washington County,EMAIL_FOIA,(970) 345-6662,hthompson@co.washington.co.us,https://washingtoncounty.colorado.gov/elected-officials/washington-county-assessor,"Send FOIA email requesting current excess proceeds/surplus funds list for Washington County, Colorado. Ask for Excel/PDF format. Template in county_email_outreach.py.",NOT STARTED,,
LOW,CO,Weld County,EMAIL_FOIA,(970) 400-3650,assessor@weld.gov,https://www.weld.gov/Government/Departments/Assessor,"Send FOIA email requesting current excess proceeds/surplus funds list for Weld County, Colorado. Ask for Excel/PDF format. Template in county_email_outreach.py.",NOT STARTED,,
LOW,CO,Yuma County,EMAIL_FOIA,(970) 332-5032,ctaylor@yuma.co.us,https://yumacounty.net/assessor,"Send FOIA email requesting current excess proceeds/surplus funds list for Yuma County, Colorado. Ask for Excel/PDF format. Template in county_email_outreach.py.",NOT STARTED,,
HIGH,GA,Appling,EMAIL_FOIA,(912) 367-8105,lleggett@applingco.com,https://georgiacountyoffices.com/appling/treasurer-tax-collector-offices,"Send FOIA email requesting current excess proceeds/surplus funds list for Appling, Georgia. Ask for Excel/PDF format. Template in county_email_outreach.py.",NOT STARTED,,
HIGH,GA,Atkinson,EMAIL_FOIA,(912) 422-7381,f.lee@atkinson-ga.org,https://atkinsoncounty.org/tax-commissioner,"Send FOIA email requesting current excess proceeds/surplus funds list for Atkinson, Georgia. Ask for Excel/PDF format. Template in county_email_outreach.py.",NOT STARTED,,
HIGH,GA,Bacon,EMAIL_FOIA,(912) 632-5614,marylee@baconcounty.org,https://baconcounty.org/tax-office.php,"Send FOIA email requesting current excess proceeds/surplus funds list for Bacon, Georgia. Ask for Excel/PDF format. Template in county_email_outreach.py.",NOT STARTED,,
HIGH,GA,Baker,EMAIL_FOIA,(229) 734-3010,taxcomm1@bakercountyga.com,https://bakercountytax.com,"Send FOIA email requesting current excess proceeds/surplus funds list for Baker, Georgia. Ask for Excel/PDF format. Template in county_email_outreach.py.",NOT STARTED,,
HIGH,GA,Baldwin,EMAIL_FOIA,(478) 445-4813,csettle@baldwincountyga.com,https://www.baldwincountygatax.com,"Send FOIA email requesting current excess proceeds/surplus funds list for Baldwin, Georgia. Ask for Excel/PDF format. Template in county_email_outreach.py.",NOT STARTED,,
MEDIUM,GA,Banks,EMAIL_FOIA,(706) 677-6204,bcarlan@co.banks.ga.us,https://www.bankscountyga.org/directory-listing/becky-carlan,"Send FOIA email requesting current excess proceeds/surplus funds list for Banks, Georgia. Ask for Excel/PDF format. Template in county_email_outreach.py.",NOT STARTED,,
MEDIUM,GA,Barrow,EMAIL_FOIA,(770) 307-3106,jpgarrett@barrowga.org,,"Send FOIA email requesting current excess proceeds/surplus funds list for Barrow, Georgia. Ask for Excel/PDF format. Template in county_email_outreach.py.",NOT STARTED,,
MEDIUM,GA,Bartow,EMAIL_FOIA,(770) 387-5111,wardw@bartowcountyga.gov,https://www.bartowcountyga.gov/departments/tax_commissioner/index.php,"Send FOIA email requesting current excess proceeds/surplus funds list for Bartow, Georgia. Ask for Excel/PDF format. Template in county_email_outreach.py.",NOT STARTED,,
MEDIUM,GA,Ben Hill,EMAIL_FOIA,(229) 426-5144,support@governmentwindow.com,https://www.benhillcountytax.com/contact.html,"Send FOIA email requesting current excess proceeds/surplus funds list for Ben Hill, Georgia. Ask for Excel/PDF format. Template in county_email_outreach.py.",NOT STARTED,,
MEDIUM,GA,Berrien,PHONE_REQUEST,(229) 686-7461,,https://countyinfo.hoursguide.com/berrien-county-ga-treasurer-tax-collector-office,Call county office and request excess proceeds list. Ask: 1) Do you have an excess proceeds or surplus funds list? 2) Can you email it to claim@usforeclosurerecovery.com? 3) Is it available online?,NOT STARTED,,
MEDIUM,GA,Bibb,EMAIL_FOIA,(478) 621-6500,taxinfo@maconbibb.us,https://www.maconbibbtax.us,"Send FOIA email requesting current excess proceeds/surplus funds list for Bibb, Georgia. Ask for Excel/PDF format. Template in county_email_outreach.py.",NOT STARTED,,
MEDIUM,GA,Bleckley,EMAIL_FOIA,(478) 934-3203,jphelps@bleckley.org,https://localoffices.org/treasurer-tax-collector/georgia/bleckley-county,"Send FOIA email requesting current excess proceeds/surplus funds list for Bleckley, Georgia. Ask for Excel/PDF format. Template in county_email_outreach.py.",NOT STARTED,,
MEDIUM,GA,Brantley,PHONE_REQUEST,(912) 462-5723,,https://countyinfo.hoursguide.com/brantley-county-ga-treasurer-tax-collector-office,Call county office and request excess proceeds list. Ask: 1) Do you have an excess proceeds or surplus funds list? 2) Can you email it to claim@usforeclosurerecovery.com? 3) Is it available online?,NOT STARTED,,
MEDIUM,GA,Brooks,EMAIL_FOIA,(229) 263-4586,taxassessors@brookscountyga.gov,https://www.brookscountytax.com/contact.html,"Send FOIA email requesting current excess proceeds/surplus funds list for Brooks, Georgia. Ask for Excel/PDF format. Template in county_email_outreach.py.",NOT STARTED,,
MEDIUM,GA,Bryan,EMAIL_FOIA,(912) 653-3880,pgunter@bryancountyga.gov,https://www.bryancountyga.gov/government/departments-h-z/tax-commissioner,"Send FOIA email requesting current excess proceeds/surplus funds list for Bryan, Georgia. Ask for Excel/PDF format. Template in county_email_outreach.py.",NOT STARTED,,
LOW,GA,Bulloch,EMAIL_FOIA,(912) 764-6285,support@governmentwindow.com,https://countyinfo.hoursguide.com/bulloch-county-ga-treasurer-tax-collector-office,"Send FOIA email requesting current excess proceeds/surplus funds list for Bulloch, Georgia. Ask for Excel/PDF format. Template in county_email_outreach.py.",NOT STARTED,,
LOW,GA,Burke,PHONE_REQUEST,(706) 554-3223,,https://burkecountytax.com/contact-us,Call county office and request excess proceeds list. Ask: 1) Do you have an excess proceeds or surplus funds list? 2) Can you email it to claim@usforeclosurerecovery.com? 3) Is it available online?,NOT STARTED,,
LOW,GA,Butts,EMAIL_FOIA,(770) 775-8206,nwashington@buttscounty.org,https://buttscountyga.com/departments-county/tax-commissioner,"Send FOIA email requesting current excess proceeds/surplus funds list for Butts, Georgia. Ask for Excel/PDF format. Template in county_email_outreach.py.",NOT STARTED,,
LOW,GA,Calhoun,EMAIL_FOIA,(706) 602-5620,mcaudle@calnet-ga.net,https://calhouncountyga.com/offices,"Send FOIA email requesting current excess proceeds/surplus funds list for Calhoun, Georgia. Ask for Excel/PDF format. Template in county_email_outreach.py.",NOT STARTED,,
LOW,GA,Camden,PHONE_REQUEST,(912) 576-3248,,https://www.camdencountyga.gov/Directory.aspx?did=20,Call county office and request excess proceeds list. Ask: 1) Do you have an excess proceeds or surplus funds list? 2) Can you email it to claim@usforeclosurerecovery.com? 3) Is it available online?,NOT STARTED,,
LOW,GA,Candler,EMAIL_FOIA,(912) 685-5247,jgrimes@candlerco-ga.gov,https://tax.candlercountypay.com/contact.html,"Send FOIA email requesting current excess proceeds/surplus funds list for Candler, Georgia. Ask for Excel/PDF format. Template in county_email_outreach.py.",NOT STARTED,,
LOW,GA,Carroll,EMAIL_FOIA,(770) 830-5843,taxcomm@carrollcountyga.gov,https://carrollcountygatax.com/contact-us,"Send FOIA email requesting current excess proceeds/surplus funds list for Carroll, Georgia. Ask for Excel/PDF format. Template in county_email_outreach.py.",NOT STARTED,,
LOW,GA,Catoosa,EMAIL_FOIA,(706) 965-2571,taxcommissioner@catoosa.com,https://www.catoosacountyga.gov/departments/view-all-departments/tax-commissioner,"Send FOIA email requesting current excess proceeds/surplus funds list for Catoosa, Georgia. Ask for Excel/PDF format. Template in county_email_outreach.py.",NOT STARTED,,
LOW,GA,Charlton,EMAIL_FOIA,(912) 496-2057,dmizellcharltontax@gmail.com,https://charltoncountyga.us/269/Tax-Commissioner,"Send FOIA email requesting current excess proceeds/surplus funds list for Charlton, Georgia. Ask for Excel/PDF format. Template in county_email_outreach.py.",NOT STARTED,,
LOW,GA,Chatham,EMAIL_FOIA,(912) 652-7100,tax@chathamcounty.org,https://tax.chathamcountyga.gov,"Send FOIA email requesting current excess proceeds/surplus funds list for Chatham, Georgia. Ask for Excel/PDF format. Template in county_email_outreach.py.",NOT STARTED,,
LOW,GA,Chattahoochee,EMAIL_FOIA,(706) 989-3897,Chatt.tagagent@gmail.com,https://dor.georgia.gov/county-property-tax-facts-chattahoochee,"Send FOIA email requesting current excess proceeds/surplus funds list for Chattahoochee, Georgia. Ask for Excel/PDF format. Template in county_email_outreach.py.",NOT STARTED,,
LOW,GA,Chattooga,EMAIL_FOIA,(706) 857-0703,chattooga41@gmail.com,https://chattoogacountytax.com,"Send FOIA email requesting current excess proceeds/surplus funds list for Chattooga, Georgia. Ask for Excel/PDF format. Template in county_email_outreach.py.",NOT STARTED,,
LOW,GA,Cherokee,EMAIL_FOIA,(864) 487-2551,sheila.carpenter@cherokeesc.gov,https://cherokeecountysc.gov/treasurer,"Send FOIA email requesting current excess proceeds/surplus funds list for Cherokee, Georgia. Ask for Excel/PDF format. Template in county_email_outreach.py.",NOT STARTED,,
LOW,GA,Clarke,EMAIL_FOIA,(762) 400-6043,david.boyd@accgov.com,https://www.onlineathens.com/story/news/politics/government/2022/03/02/athens-clarke-county-,"Send FOIA email requesting current excess proceeds/surplus funds list for Clarke, Georgia. Ask for Excel/PDF format. Template in county_email_outreach.py.",NOT STARTED,,
LOW,GA,Clay,EMAIL_FOIA,(229) 768-2915,tcclay@windstream.net,https://claycountygatax.com,"Send FOIA email requesting current excess proceeds/surplus funds list for Clay, Georgia. Ask for Excel/PDF format. Template in county_email_outreach.py.",NOT STARTED,,
LOW,GA,Clayton,EMAIL_FOIA,(770) 477-3311,taxcommissioner@claytoncountyga.gov,https://www.claytoncountyga.gov/government/tax-commissioner,"Send FOIA email requesting current excess proceeds/surplus funds list for Clayton, Georgia. Ask for Excel/PDF format. Template in county_email_outreach.py.",NOT STARTED,,
LOW,GA,Clinch,EMAIL_FOIA,(912) 487-2480,jdouglas@clinchcountyga.gov,https://clinchcountyga.gov/tax-commissioner.html,"Send FOIA email requesting current excess proceeds/surplus funds list for Clinch, Georgia. Ask for Excel/PDF format. Template in county_email_outreach.py.",NOT STARTED,,
LOW,GA,Cobb,EMAIL_FOIA,(770) 528-8623,information@cobbcounty.gov,https://www.cobbtax.gov,"Send FOIA email requesting current excess proceeds/surplus funds list for Cobb, Georgia. Ask for Excel/PDF format. Template in county_email_outreach.py.",NOT STARTED,,
LOW,GA,Coffee,PHONE_REQUEST,(912) 384-4895,,https://www.coffeecountypay.com/contact.html,Call county office and request excess proceeds list. Ask: 1) Do you have an excess proceeds or surplus funds list? 2) Can you email it to claim@usforeclosurerecovery.com? 3) Is it available online?,NOT STARTED,,
LOW,GA,Colquitt,EMAIL_FOIA,(229) 616-7410,cindy.harvin@colquittcountyga.gov,https://www.colquittcountytax.com/contact.html,"Send FOIA email requesting current excess proceeds/surplus funds list for Colquitt, Georgia. Ask for Excel/PDF format. Template in county_email_outreach.py.",NOT STARTED,,
LOW,GA,Columbia,EMAIL_FOIA,(706) 261-8299,propertytax@columbiacountyga.gov,https://columbiacountytax.com/contact.html,"Send FOIA email requesting current excess proceeds/surplus funds list for Columbia, Georgia. Ask for Excel/PDF format. Template in county_email_outreach.py.",NOT STARTED,,
LOW,GA,Cook,EMAIL_FOIA,(229) 896-4569,tonya.mcconnell@cookcountyga.us,https://www.cookcountygatax.com/contact.html,"Send FOIA email requesting current excess proceeds/surplus funds list for Cook, Georgia. Ask for Excel/PDF format. Template in county_email_outreach.py.",NOT STARTED,,
LOW,GA,Coweta,EMAIL_FOIA,(770) 254-2670,jtmcmichael@coweta.ga.us,https://www.coweta.ga.us/government/government/tax-information,"Send FOIA email requesting current excess proceeds/surplus funds list for Coweta, Georgia. Ask for Excel/PDF format. Template in county_email_outreach.py.",NOT STARTED,,
LOW,GA,Crawford,PHONE_REQUEST,(478) 836-3575,,https://www.crawfordcountyga.org/tax-commissioner-2,Call county office and request excess proceeds list. Ask: 1) Do you have an excess proceeds or surplus funds list? 2) Can you email it to claim@usforeclosurerecovery.com? 3) Is it available online?,NOT STARTED,,
LOW,GA,Crisp,EMAIL_FOIA,(229) 276-2630,deborah.lofton@crispcounty.com,https://www.crispcountypay.com/contact.html,"Send FOIA email requesting current excess proceeds/surplus funds list for Crisp, Georgia. Ask for Excel/PDF format. Template in county_email_outreach.py.",NOT STARTED,,
LOW,GA,Dade,EMAIL_FOIA,(706) 657-7563,angiegalloway@dadecounty-ga.gov,https://dadecountypay.com/contact-us,"Send FOIA email requesting current excess proceeds/surplus funds list for Dade, Georgia. Ask for Excel/PDF format. Template in county_email_outreach.py.",NOT STARTED,,
LOW,GA,Dawson,EMAIL_FOIA,(706) 344-3520,taxcommissioner@dawsoncountyga.gov,https://www.dawsoncountyga.gov/383/Tax-Commissioner,"Send FOIA email requesting current excess proceeds/surplus funds list for Dawson, Georgia. Ask for Excel/PDF format. Template in county_email_outreach.py.",NOT STARTED,,
LOW,GA,DeKalb,EMAIL_FOIA,(404) 298-4000,311CCC@dekalbcountyga.gov,https://www.dekalbcountyga.gov/finance/treasury,"Send FOIA email requesting current excess proceeds/surplus funds list for DeKalb, Georgia. Ask for Excel/PDF format. Template in county_email_outreach.py.",NOT STARTED,,
LOW,GA,Decatur,EMAIL_FOIA,(229) 248-3021,mharrell@decaturcountyga.gov,https://www.decaturcountyga.gov/departments-agencies/tax-commissioner,"Send FOIA email requesting current excess proceeds/surplus funds list for Decatur, Georgia. Ask for Excel/PDF format. Template in county_email_outreach.py.",NOT STARTED,,
LOW,GA,Dodge,EMAIL_FOIA,(478) 374-8127,dodgeassessor@gmail.com,https://dodgecountyga.com,"Send FOIA email requesting current excess proceeds/surplus funds list for Dodge, Georgia. Ask for Excel/PDF format. Template in county_email_outreach.py.",NOT STARTED,,
LOW,GA,Dooly,PHONE_REQUEST,(229) 268-4212,,https://countyinfo.hoursguide.com/dooly-county-ga-treasurer-tax-collector-office,Call county office and request excess proceeds list. Ask: 1) Do you have an excess proceeds or surplus funds list? 2) Can you email it to claim@usforeclosurerecovery.com? 3) Is it available online?,NOT STARTED,,
LOW,GA,Dougherty,EMAIL_FOIA,(229) 431-2130,docotax@dougherty.ga.us,https://www.dougherty.ga.us/Government/Dougherty-County-Departments/Tax-Tag,"Send FOIA email requesting current excess proceeds/surplus funds list for Dougherty, Georgia. Ask for Excel/PDF format. Template in county_email_outreach.py.",NOT STARTED,,
LOW,GA,Douglas,EMAIL_FOIA,(770) 920-7272,dctccomments@douglascountyga.gov,https://www.douglascountyga.gov/435/Tax-Commissioner-Greg-Baker,"Send FOIA email requesting current excess proceeds/surplus funds list for Douglas, Georgia. Ask for Excel/PDF format. Template in county_email_outreach.py.",NOT STARTED,,
LOW,GA,Early,EMAIL_FOIA,(229) 723-4024,support@governmentwindow.com,https://tax.earlycountypay.com/contact.html,"Send FOIA email requesting current excess proceeds/surplus funds list for Early, Georgia. Ask for Excel/PDF format. Template in county_email_outreach.py.",NOT STARTED,,
LOW,GA,Echols,EMAIL_FOIA,(229) 559-5253,tax.assessors.echols@gmail.com,https://echolscountyga.com,"Send FOIA email requesting current excess proceeds/surplus funds list for Echols, Georgia. Ask for Excel/PDF format. Template in county_email_outreach.py.",NOT STARTED,,
LOW,GA,Effingham,EMAIL_FOIA,(912) 754-2121,taxassessor@effinghamcounty.org,https://www.effinghamcounty.org/Directory.aspx?did=50,"Send FOIA email requesting current excess proceeds/surplus funds list for Effingham, Georgia. Ask for Excel/PDF format. Template in county_email_outreach.py.",NOT STARTED,,
LOW,GA,Elbert,EMAIL_FOIA,(706) 283-2018,ectaxcommissioner@elberton.net,https://www.elbertcountypay.com/contact.html,"Send FOIA email requesting current excess proceeds/surplus funds list for Elbert, Georgia. Ask for Excel/PDF format. Template in county_email_outreach.py.",NOT STARTED,,
LOW,GA,Emanuel,EMAIL_FOIA,(478) 237-3351,jmoran@emanuelco-ga.gov,https://www.emanuelcountytax.com/contact.html,"Send FOIA email requesting current excess proceeds/surplus funds list for Emanuel, Georgia. Ask for Excel/PDF format. Template in county_email_outreach.py.",NOT STARTED,,
LOW,GA,Evans,EMAIL_FOIA,(912) 739-1147,ectc@evanscounty.org,https://evanscounty.org/departments/tax-commissioner,"Send FOIA email requesting current excess proceeds/surplus funds list for Evans, Georgia. Ask for Excel/PDF format. Template in county_email_outreach.py.",NOT STARTED,,
LOW,GA,Fannin,EMAIL_FOIA,(706) 632-2645,taxcommissioner@tds.net,https://www.fannincountytax.com,"Send FOIA email requesting current excess proceeds/surplus funds list for Fannin, Georgia. Ask for Excel/PDF format. Template in county_email_outreach.py.",NOT STARTED,,
LOW,GA,Fayette,EMAIL_FOIA,(770) 461-3652,pwhite@fayettecountyga.gov,https://www.fayettecountypay.com/contact.html,"Send FOIA email requesting current excess proceeds/surplus funds list for Fayette, Georgia. Ask for Excel/PDF format. Template in county_email_outreach.py.",NOT STARTED,,
LOW,GA,Floyd,EMAIL_FOIA,(706) 291-5148,Kevin.Payne@floydcountyga.org,https://www.floydcountytax.com,"Send FOIA email requesting current excess proceeds/surplus funds list for Floyd, Georgia. Ask for Excel/PDF format. Template in county_email_outreach.py.",NOT STARTED,,
LOW,GA,Forsyth,EMAIL_FOIA,(770) 781-2110,tax@forsythco.com,https://tax.forsythcountypay.com/contact.html,"Send FOIA email requesting current excess proceeds/surplus funds list for Forsyth, Georgia. Ask for Excel/PDF format. Template in county_email_outreach.py.",NOT STARTED,,
LOW,GA,Franklin,EMAIL_FOIA,(706) 384-3455,bmartin@franklincountyga.com,https://taxes.franklincountyga.com,"Send FOIA email requesting current excess proceeds/surplus funds list for Franklin, Georgia. Ask for Excel/PDF format. Template in county_email_outreach.py.",NOT STARTED,,
LOW,GA,Fulton,EMAIL_FOIA,(404) 613-6100,customerservice@fultoncountyga.gov,https://www.fultoncountyga.gov/inside-fulton-county/fulton-county-departments/tax-commissioner,"Send FOIA email requesting current excess proceeds/surplus funds list for Fulton, Georgia. Ask for Excel/PDF format. Template in county_email_outreach.py.",NOT STARTED,,
LOW,GA,Gilmer,EMAIL_FOIA,(706) 635-4762,bmarshall@gilmercounty-ga.gov,https://tax.gilmercountypay.com/contact.html,"Send FOIA email requesting current excess proceeds/surplus funds list for Gilmer, Georgia. Ask for Excel/PDF format. Template in county_email_outreach.py.",NOT STARTED,,
LOW,GA,Glascock,EMAIL_FOIA,(706) 598-2793,taxassessors@glascockcountyga.com,https://www.taxassessors.net/georgia/glascockcounty.htm,"Send FOIA email requesting current excess proceeds/surplus funds list for Glascock, Georgia. Ask for Excel/PDF format. Template in county_email_outreach.py.",NOT STARTED,,
LOW,GA,Glynn,PHONE_REQUEST,(912) 554-7000,,https://www.localoffices.org/treasurer-tax-collector/georgia/glynn-county,Call county office and request excess proceeds list. Ask: 1) Do you have an excess proceeds or surplus funds list? 2) Can you email it to claim@usforeclosurerecovery.com? 3) Is it available online?,NOT STARTED,,
LOW,GA,Gordon,EMAIL_FOIA,(706) 629-9242,propertytax@gordoncountyga.gov,https://www.gordoncountyga.gov/417/Tax-Commissioners-Office,"Send FOIA email requesting current excess proceeds/surplus funds list for Gordon, Georgia. Ask for Excel/PDF format. Template in county_email_outreach.py.",NOT STARTED,,
LOW,GA,Grady,EMAIL_FOIA,(229) 377-3322,jworsham@gradyco.org,https://gradycountyga.gov/services/tax-commissioner,"Send FOIA email requesting current excess proceeds/surplus funds list for Grady, Georgia. Ask for Excel/PDF format. Template in county_email_outreach.py.",NOT STARTED,,
LOW,GA,Greene,EMAIL_FOIA,(706) 453-3358,cthurmond@greenecountyga.gov,https://www.greenecountyga.gov/directory.aspx?did=35,"Send FOIA email requesting current excess proceeds/surplus funds list for Greene, Georgia. Ask for Excel/PDF format. Template in county_email_outreach.py.",NOT STARTED,,
LOW,GA,Gwinnett,EMAIL_FOIA,(770) 822-8818,tag@gwinnettcounty.com,https://www.gwinnettcounty.com/departments/boardofcommissioners/,"Send FOIA email requesting current excess proceeds/surplus funds list for Gwinnett, Georgia. Ask for Excel/PDF format. Template in county_email_outreach.py.",NOT STARTED,,
LOW,GA,Habersham,EMAIL_FOIA,(706) 839-0120,jblack@habershamga.com,https://datausa.io/profile/geo/habersham-county-ga,"Send FOIA email requesting current excess proceeds/surplus funds list for Habersham, Georgia. Ask for Excel/PDF format. Template in county_email_outreach.py.",NOT STARTED,,
LOW,GA,Hall,EMAIL_FOIA,(770) 531-6960,taxcommissioner@hallcounty.org,https://hallcountytax.org/contact-us,"Send FOIA email requesting current excess proceeds/surplus funds list for Hall, Georgia. Ask for Excel/PDF format. Template in county_email_outreach.py.",NOT STARTED,,
LOW,GA,Hancock,EMAIL_FOIA,(706) 444-5148,support@governmentwindow.com,https://tax.hancockcountygapay.com/contact.html,"Send FOIA email requesting current excess proceeds/surplus funds list for Hancock, Georgia. Ask for Excel/PDF format. Template in county_email_outreach.py.",NOT STARTED,,
LOW,GA,Haralson,PHONE_REQUEST,(770) 646-2020,,https://www.haralsoncountyga.gov/tax-commissioner.cfm,Call county office and request excess proceeds list. Ask: 1) Do you have an excess proceeds or surplus funds list? 2) Can you email it to claim@usforeclosurerecovery.com? 3) Is it available online?,NOT STARTED,,
LOW,GA,Harris,EMAIL_FOIA,(706) 628-4843,vjamerson@harriscountyga.gov,https://harriscountygatax.com/contact.html,"Send FOIA email requesting current excess proceeds/surplus funds list for Harris, Georgia. Ask for Excel/PDF format. Template in county_email_outreach.py.",NOT STARTED,,
LOW,GA,Hart,EMAIL_FOIA,(706) 376-3944,Kmartin@hartcountyga.gov,https://www.hartcountypay.com/contact.html,"Send FOIA email requesting current excess proceeds/surplus funds list for Hart, Georgia. Ask for Excel/PDF format. Template in county_email_outreach.py.",NOT STARTED,,
LOW,GA,Heard,EMAIL_FOIA,(706) 675-3391,heardtc@heardcountyga.com,https://www.heardcountyga.com/taxCommissioners.html,"Send FOIA email requesting current excess proceeds/surplus funds list for Heard, Georgia. Ask for Excel/PDF format. Template in county_email_outreach.py.",NOT STARTED,,
LOW,GA,Henry,EMAIL_FOIA,(770) 288-8180,mvtags@henrycountyga.gov,https://www.henrycountytax.com/9/Contact-Us,"Send FOIA email requesting current excess proceeds/surplus funds list for Henry, Georgia. Ask for Excel/PDF format. Template in county_email_outreach.py.",NOT STARTED,,
LOW,GA,Houston,EMAIL_FOIA,(478) 542-2110,taxquestions@houstoncountyga.gov,https://www.houstoncountytax.com/contact.html,"Send FOIA email requesting current excess proceeds/surplus funds list for Houston, Georgia. Ask for Excel/PDF format. Template in county_email_outreach.py.",NOT STARTED,,
LOW,GA,Irwin,PHONE_REQUEST,(229) 468-5505,,https://tax.irwincountypay.com/contact.html,Call county office and request excess proceeds list. Ask: 1) Do you have an excess proceeds or surplus funds list? 2) Can you email it to claim@usforeclosurerecovery.com? 3) Is it available online?,NOT STARTED,,
LOW,GA,Jackson,EMAIL_FOIA,(706) 367-6326,ctaylor@jacksoncountygov.com,https://jacksoncountygatax.com,"Send FOIA email requesting current excess proceeds/surplus funds list for Jackson, Georgia. Ask for Excel/PDF format. Template in county_email_outreach.py.",NOT STARTED,,
LOW,GA,Jasper,EMAIL_FOIA,(706) 468-4902,awalsh@jaspercountyga.org,https://jaspercountygatax.com/contact-us,"Send FOIA email requesting current excess proceeds/surplus funds list for Jasper, Georgia. Ask for Excel/PDF format. Template in county_email_outreach.py.",NOT STARTED,,
LOW,GA,Jeff Davis,EMAIL_FOIA,(912) 375-6622,susan.kersey@jeffdaviscountyga.gov,https://georgiataxoffice.com/Georgia-Tax-Commissioner/index.php?countyName=Jeff-Davis,"Send FOIA email requesting current excess proceeds/surplus funds list for Jeff Davis, Georgia. Ask for Excel/PDF format. Template in county_email_outreach.py.",NOT STARTED,,
LOW,GA,Jefferson,EMAIL_FOIA,(478) 625-7736,nmcgraw@jeffersoncountyga.gov,https://www.jeffersoncountygataxes.com/contact.html,"Send FOIA email requesting current excess proceeds/surplus funds list for Jefferson, Georgia. Ask for Excel/PDF format. Template in county_email_outreach.py.",NOT STARTED,,
LOW,GA,Jenkins,EMAIL_FOIA,(478) 982-4925,jctc30442@yahoo.com,https://www.jenkinscountytax.com/contact.html,"Send FOIA email requesting current excess proceeds/surplus funds list for Jenkins, Georgia. Ask for Excel/PDF format. Template in county_email_outreach.py.",NOT STARTED,,
LOW,GA,Johnson,EMAIL_FOIA,(478) 864-2565,jctc@washemc.net,https://www.johnsoncountytaxoffice.org/search,"Send FOIA email requesting current excess proceeds/surplus funds list for Johnson, Georgia. Ask for Excel/PDF format. Template in county_email_outreach.py.",NOT STARTED,,
LOW,GA,Jones,EMAIL_FOIA,(478) 986-6538,brian.jackson@jonescountyga.org,https://jonescountytaxes.com/contact.html,"Send FOIA email requesting current excess proceeds/surplus funds list for Jones, Georgia. Ask for Excel/PDF format. Template in county_email_outreach.py.",NOT STARTED,,
LOW,GA,Lamar,EMAIL_FOIA,(770) 358-5162,lkilchriss@lamarcountyga.com,https://www.lamarcountyga.com/departments/tax-commissioner,"Send FOIA email requesting current excess proceeds/surplus funds list for Lamar, Georgia. Ask for Excel/PDF format. Template in county_email_outreach.py.",NOT STARTED,,
LOW,GA,Lanier,EMAIL_FOIA,(229) 482-3795,support@governmentwindow.com,https://laniercountyboc.com/wp/tax-commissioner,"Send FOIA email requesting current excess proceeds/surplus funds list for Lanier, Georgia. Ask for Excel/PDF format. Template in county_email_outreach.py.",NOT STARTED,,
LOW,GA,Laurens,EMAIL_FOIA,(864) 984-4742,cburke@laurenscountysc.gov,https://www.laurenscountysc.gov/departments/treasurer/index.php,"Send FOIA email requesting current excess proceeds/surplus funds list for Laurens, Georgia. Ask for Excel/PDF format. Template in county_email_outreach.py.",NOT STARTED,,
LOW,GA,Lee,EMAIL_FOIA,(229) 759-6015,pamela.johnson@lee.ga.us,https://www.leecountytreasurer.com/meet-the-treasurer,"Send FOIA email requesting current excess proceeds/surplus funds list for Lee, Georgia. Ask for Excel/PDF format. Template in county_email_outreach.py.",NOT STARTED,,
LOW,GA,Liberty,EMAIL_FOIA,(912) 876-3389,James.sharp@libertycountyga.gov,https://libertycountygatax.com/property-tax,"Send FOIA email requesting current excess proceeds/surplus funds list for Liberty, Georgia. Ask for Excel/PDF format. Template in county_email_outreach.py.",NOT STARTED,,
LOW,GA,Lincoln,EMAIL_FOIA,(706) 359-7970,lcda@lincolncountyga.org,https://lincolncountyga.org/contact-us.php,"Send FOIA email requesting current excess proceeds/surplus funds list for Lincoln, Georgia. Ask for Excel/PDF format. Template in county_email_outreach.py.",NOT STARTED,,
LOW,GA,Long,EMAIL_FOIA,(912) 545-2127,info@longcountyga.gov,https://www.longcountyga.gov/contact-us,"Send FOIA email requesting current excess proceeds/surplus funds list for Long, Georgia. Ask for Excel/PDF format. Template in county_email_outreach.py.",NOT STARTED,,
LOW,GA,Lowndes,EMAIL_FOIA,(229) 671-2579,support@governmentwindow.com,https://lowndescountytax.com,"Send FOIA email requesting current excess proceeds/surplus funds list for Lowndes, Georgia. Ask for Excel/PDF format. Template in county_email_outreach.py.",NOT STARTED,,
LOW,GA,Lumpkin,EMAIL_FOIA,(706) 864-2666,Mike.Young@LumpkinCounty.gov,https://www.lumpkincountytax.com/contact.html,"Send FOIA email requesting current excess proceeds/surplus funds list for Lumpkin, Georgia. Ask for Excel/PDF format. Template in county_email_outreach.py.",NOT STARTED,,
LOW,GA,Macon,EMAIL_FOIA,(478) 472-7031,rhondares@alltel.net,https://tax.maconcountypay.com,"Send FOIA email requesting current excess proceeds/surplus funds list for Macon, Georgia. Ask for Excel/PDF format. Template in county_email_outreach.py.",NOT STARTED,,
LOW,GA,Madison,PHONE_REQUEST,(850) 973-6136,,https://www.madisoncountyga.us/government-offices/tax-commissioner,Call county office and request excess proceeds list. Ask: 1) Do you have an excess proceeds or surplus funds list? 2) Can you email it to claim@usforeclosurerecovery.com? 3) Is it available online?,NOT STARTED,,
LOW,GA,Marion,PHONE_REQUEST,(352) 368-8200,,https://www.marioncountyga.org/government-courts/constitutional-offices/tax-commissioner,Call county office and request excess proceeds list. Ask: 1) Do you have an excess proceeds or surplus funds list? 2) Can you email it to claim@usforeclosurerecovery.com? 3) Is it available online?,NOT STARTED,,
LOW,GA,McDuffie,EMAIL_FOIA,(706) 595-2132,support@governmentwindow.com,https://www.thomson-mcduffie.gov/244/Tax-Commissioner,"Send FOIA email requesting current excess proceeds/surplus funds list for McDuffie, Georgia. Ask for Excel/PDF format. Template in county_email_outreach.py.",NOT STARTED,,
LOW,GA,McIntosh,EMAIL_FOIA,(912) 437-6627,support@governmentwindow.com,https://www.mcintoshcountypay.com/contact.html,"Send FOIA email requesting current excess proceeds/surplus funds list for McIntosh, Georgia. Ask for Excel/PDF format. Template in county_email_outreach.py.",NOT STARTED,,
LOW,GA,Meriwether,EMAIL_FOIA,(706) 672-4219,d.cruse@meriwethercountyga.gov,https://www.meriwethercountyga.gov/directory.aspx?did=17,"Send FOIA email requesting current excess proceeds/surplus funds list for Meriwether, Georgia. Ask for Excel/PDF format. Template in county_email_outreach.py.",NOT STARTED,,
LOW,GA,Miller,EMAIL_FOIA,(229) 758-4101,info@millercountytax.com,https://www.millercountyga.gov/taxcommissioner.html,"Send FOIA email requesting current excess proceeds/surplus funds list for Miller, Georgia. Ask for Excel/PDF format. Template in county_email_outreach.py.",NOT STARTED,,
LOW,GA,Mitchell,EMAIL_FOIA,(229) 336-2010,bbrock@mitchellcountyga.net,https://www.mitchellcountyga.net/taxcommissioner.html,"Send FOIA email requesting current excess proceeds/surplus funds list for Mitchell, Georgia. Ask for Excel/PDF format. Template in county_email_outreach.py.",NOT STARTED,,
LOW,GA,Monroe,EMAIL_FOIA,(478) 994-7020,landrews@monroecoga.org,https://www.monroecountytax.com,"Send FOIA email requesting current excess proceeds/surplus funds list for Monroe, Georgia. Ask for Excel/PDF format. Template in county_email_outreach.py.",NOT STARTED,,
LOW,GA,Montgomery,EMAIL_FOIA,(912) 583-2571,rperry@montcoga.gov,https://www.montgomerycountypay.com/contact.html,"Send FOIA email requesting current excess proceeds/surplus funds list for Montgomery, Georgia. Ask for Excel/PDF format. Template in county_email_outreach.py.",NOT STARTED,,
LOW,GA,Morgan,EMAIL_FOIA,(706) 342-0464,Wendy.coe@morgancountyga.gov,https://www.morgancountyga.gov/directory.aspx?did=26,"Send FOIA email requesting current excess proceeds/surplus funds list for Morgan, Georgia. Ask for Excel/PDF format. Template in county_email_outreach.py.",NOT STARTED,,
LOW,GA,Murray,EMAIL_FOIA,(706) 695-3423,murraytax@murraycountyga.gov,https://www.murraycountypay.com/contact.html,"Send FOIA email requesting current excess proceeds/surplus funds list for Murray, Georgia. Ask for Excel/PDF format. Template in county_email_outreach.py.",NOT STARTED,,
LOW,GA,Muscogee,EMAIL_FOIA,(706) 653-4211,taxcommissioner@columbusga.org,https://www.columbusga.gov/taxcommissioner/Home,"Send FOIA email requesting current excess proceeds/surplus funds list for Muscogee, Georgia. Ask for Excel/PDF format. Template in county_email_outreach.py.",NOT STARTED,,
LOW,GA,Newton,EMAIL_FOIA,(770) 784-2020,dray@co.newton.ga.us,https://newtoncountytax.com/contact-us,"Send FOIA email requesting current excess proceeds/surplus funds list for Newton, Georgia. Ask for Excel/PDF format. Template in county_email_outreach.py.",NOT STARTED,,
LOW,GA,Oconee,EMAIL_FOIA,(706) 769-3917,taxoffice@oconee.ga.us,https://countyinfo.hoursguide.com/oconee-county-ga-treasurer-tax-collector-office,"Send FOIA email requesting current excess proceeds/surplus funds list for Oconee, Georgia. Ask for Excel/PDF format. Template in county_email_outreach.py.",NOT STARTED,,
LOW,GA,Oglethorpe,EMAIL_FOIA,(706) 743-8422,taxcommissioner@oglethorpecountyga.gov,https://www.oglethorpecountypay.com/contact.html,"Send FOIA email requesting current excess proceeds/surplus funds list for Oglethorpe, Georgia. Ask for Excel/PDF format. Template in county_email_outreach.py.",NOT STARTED,,
LOW,GA,Paulding,EMAIL_FOIA,(419) 574-5500,support@governmentwindow.com,https://www.pauldingcountytreasurer.com/real-estate-tax,"Send FOIA email requesting current excess proceeds/surplus funds list for Paulding, Georgia. Ask for Excel/PDF format. Template in county_email_outreach.py.",NOT STARTED,,
LOW,GA,Peach,EMAIL_FOIA,(478) 825-3161,angela-howard@peachcounty.net,https://www.peachcountytax.com/contact.html,"Send FOIA email requesting current excess proceeds/surplus funds list for Peach, Georgia. Ask for Excel/PDF format. Template in county_email_outreach.py.",NOT STARTED,,
LOW,GA,Pickens,EMAIL_FOIA,(706) 253-8882,sgooch@pickenscountyga.gov,https://www.pickenscountyga.gov/178/Tax-Commissioner,"Send FOIA email requesting current excess proceeds/surplus funds list for Pickens, Georgia. Ask for Excel/PDF format. Template in county_email_outreach.py.",NOT STARTED,,
LOW,GA,Pierce,PHONE_REQUEST,(912) 449-2022,,https://piercecountyga.gov/department-directory,Call county office and request excess proceeds list. Ask: 1) Do you have an excess proceeds or surplus funds list? 2) Can you email it to claim@usforeclosurerecovery.com? 3) Is it available online?,NOT STARTED,,
LOW,GA,Pike,EMAIL_FOIA,(770) 567-2001,piketax@pikecoga.com,https://countyinfo.hoursguide.com/pike-county-ga-treasurer-tax-collector-office,"Send FOIA email requesting current excess proceeds/surplus funds list for Pike, Georgia. Ask for Excel/PDF format. Template in county_email_outreach.py.",NOT STARTED,,
LOW,GA,Polk,EMAIL_FOIA,(770) 749-2125,taxoffice@polkga.org,https://www.polkcountypay.com/contact.html,"Send FOIA email requesting current excess proceeds/surplus funds list for Polk, Georgia. Ask for Excel/PDF format. Template in county_email_outreach.py.",NOT STARTED,,
LOW,GA,Pulaski,EMAIL_FOIA,(574) 946-3632,treasurersoffice@pulaskicounty.in.gov,https://www.pulaskicountypay.com/contact.html,"Send FOIA email requesting current excess proceeds/surplus funds list for Pulaski, Georgia. Ask for Excel/PDF format. Template in county_email_outreach.py.",NOT STARTED,,
LOW,GA,Putnam,EMAIL_FOIA,(706) 485-5441,lbutterworth@putnamcountyga.us,https://www.putnamcountyga.us/contact,"Send FOIA email requesting current excess proceeds/surplus funds list for Putnam, Georgia. Ask for Excel/PDF format. Template in county_email_outreach.py.",NOT STARTED,,
LOW,GA,Quitman,EMAIL_FOIA,(229) 334-9000,taxassessors@brookscountyga.gov,https://georgia.gov/pay-property-taxes,"Send FOIA email requesting current excess proceeds/surplus funds list for Quitman, Georgia. Ask for Excel/PDF format. Template in county_email_outreach.py.",NOT STARTED,,
LOW,GA,Rabun,EMAIL_FOIA,(706) 782-3613,Lauren.Benfield@rabuncounty.ga.gov,https://www.rabuncountytax.com,"Send FOIA email requesting current excess proceeds/surplus funds list for Rabun, Georgia. Ask for Excel/PDF format. Template in county_email_outreach.py.",NOT STARTED,,
LOW,GA,Randolph,EMAIL_FOIA,(844) 277-6555,mlee@randolphcounty-mo.gov,https://www.randolphcountycollector.com,"Send FOIA email requesting current excess proceeds/surplus funds list for Randolph, Georgia. Ask for Excel/PDF format. Template in county_email_outreach.py.",NOT STARTED,,
LOW,GA,Richmond,PHONE_REQUEST,(706) 821-2391,,https://richmondcountytax.mystagingwebsite.com,Call county office and request excess proceeds list. Ask: 1) Do you have an excess proceeds or surplus funds list? 2) Can you email it to claim@usforeclosurerecovery.com? 3) Is it available online?,NOT STARTED,,
LOW,GA,Rockdale,EMAIL_FOIA,(770) 278-7600,propertytax@rockdalecountyga.gov,https://www.co.camden.ga.us/93/Types-of-Exemptions,"Send FOIA email requesting current excess proceeds/surplus funds list for Rockdale, Georgia. Ask for Excel/PDF format. Template in county_email_outreach.py.",NOT STARTED,,
LOW,GA,Schley,EMAIL_FOIA,(229) 937-2689,schleytaxcomm@gmail.com,https://schleycountyga.us/pages/taxes,"Send FOIA email requesting current excess proceeds/surplus funds list for Schley, Georgia. Ask for Excel/PDF format. Template in county_email_outreach.py.",NOT STARTED,,
LOW,GA,Screven,EMAIL_FOIA,(912) 564-2206,sctaxcomm@planters.net,https://www.screvencountyboc.com/directory-1,"Send FOIA email requesting current excess proceeds/surplus funds list for Screven, Georgia. Ask for Excel/PDF format. Template in county_email_outreach.py.",NOT STARTED,,
LOW,GA,Seminole,EMAIL_FOIA,(407) 665-1000,countymanager@seminolecountyga.com,https://seminolecounty.tax/services/motorist-services/tag-title-registration,"Send FOIA email requesting current excess proceeds/surplus funds list for Seminole, Georgia. Ask for Excel/PDF format. Template in county_email_outreach.py.",NOT STARTED,,
LOW,GA,Spalding,EMAIL_FOIA,(770) 467-4360,shollums@spaldingcounty.com,https://spaldingcountytaxga.com/contact-us,"Send FOIA email requesting current excess proceeds/surplus funds list for Spalding, Georgia. Ask for Excel/PDF format. Template in county_email_outreach.py.",NOT STARTED,,
LOW,GA,Stephens,PHONE_REQUEST,(706) 886-4753,,https://stephenscountyga.gov/tax-commissioner,Call county office and request excess proceeds list. Ask: 1) Do you have an excess proceeds or surplus funds list? 2) Can you email it to claim@usforeclosurerecovery.com? 3) Is it available online?,NOT STARTED,,
LOW,GA,Stewart,EMAIL_FOIA,(229) 838-4267,info@stewartcountyga.gov,https://stewartcountyga.gov/CountyDirectory.htm,"Send FOIA email requesting current excess proceeds/surplus funds list for Stewart, Georgia. Ask for Excel/PDF format. Template in county_email_outreach.py.",NOT STARTED,,
LOW,GA,Sumter,PHONE_REQUEST,(229) 928-4500,,https://www.sumtercountyga.us/directory.aspx?did=15,Call county office and request excess proceeds list. Ask: 1) Do you have an excess proceeds or surplus funds list? 2) Can you email it to claim@usforeclosurerecovery.com? 3) Is it available online?,NOT STARTED,,
LOW,GA,Talbot,EMAIL_FOIA,(706) 665-3240,talbotcommish@pstel.net,https://talbotcountytax.com/contact-us,"Send FOIA email requesting current excess proceeds/surplus funds list for Talbot, Georgia. Ask for Excel/PDF format. Template in county_email_outreach.py.",NOT STARTED,,
LOW,GA,Taliaferro,EMAIL_FOIA,(706) 456-2520,taliaferrotaxcommissioner@yahoo.com,https://taliaferrocountyga.org/tax-commissioner-2,"Send FOIA email requesting current excess proceeds/surplus funds list for Taliaferro, Georgia. Ask for Excel/PDF format. Template in county_email_outreach.py.",NOT STARTED,,
LOW,GA,Tattnall,EMAIL_FOIA,(912) 557-6736,tattnall060@yahoo.com,https://www.tattnallcountyga.com/contact.cfm,"Send FOIA email requesting current excess proceeds/surplus funds list for Tattnall, Georgia. Ask for Excel/PDF format. Template in county_email_outreach.py.",NOT STARTED,,
LOW,GA,Taylor,EMAIL_FOIA,(478) 862-3336,aqueen@taylorga.us,https://taylorcountyga.com/departments-tax-office.php,"Send FOIA email requesting current excess proceeds/surplus funds list for Taylor, Georgia. Ask for Excel/PDF format. Template in county_email_outreach.py.",NOT STARTED,,
LOW,GA,Telfair,EMAIL_FOIA,(229) 868-6545,rogers@telfairco.org,https://www.georgiataxoffice.com/Georgia-Tax-Commissioner/index.php?countyName=Telfair,"Send FOIA email requesting current excess proceeds/surplus funds list for Telfair, Georgia. Ask for Excel/PDF format. Template in county_email_outreach.py.",NOT STARTED,,
LOW,GA,Terrell,EMAIL_FOIA,(229) 995-5151,maryellentaxcom@windstream.net,https://www.terrellcountycourthouse.com/page41.html,"Send FOIA email requesting current excess proceeds/surplus funds list for Terrell, Georgia. Ask for Excel/PDF format. Template in county_email_outreach.py.",NOT STARTED,,
LOW,GA,Thomas,EMAIL_FOIA,(229) 225-4136,support@governmentwindow.com,https://www.thomascountytax.com/contact.html,"Send FOIA email requesting current excess proceeds/surplus funds list for Thomas, Georgia. Ask for Excel/PDF format. Template in county_email_outreach.py.",NOT STARTED,,
LOW,GA,Tift,PHONE_REQUEST,(229) 386-7820,,https://www.tiftcounty.org/government/tax_commissioner/index.php,Call county office and request excess proceeds list. Ask: 1) Do you have an excess proceeds or surplus funds list? 2) Can you email it to claim@usforeclosurerecovery.com? 3) Is it available online?,NOT STARTED,,
LOW,GA,Toombs,EMAIL_FOIA,(912) 526-8575,gmwill@accessvidalia.net,https://www.thecountyoffice.com/lyons-ga-treasurer-tax-collector-office-419021,"Send FOIA email requesting current excess proceeds/surplus funds list for Toombs, Georgia. Ask for Excel/PDF format. Template in county_email_outreach.py.",NOT STARTED,,
LOW,GA,Towns,EMAIL_FOIA,(706) 896-2267,taxcommissioner@townscountyga.com,https://tax.townscountypay.com/contact.html,"Send FOIA email requesting current excess proceeds/surplus funds list for Towns, Georgia. Ask for Excel/PDF format. Template in county_email_outreach.py.",NOT STARTED,,
LOW,GA,Treutlen,EMAIL_FOIA,(912) 529-3213,penny.wheeler@treutlengov.us,https://tax.treutlencountygapay.com,"Send FOIA email requesting current excess proceeds/surplus funds list for Treutlen, Georgia. Ask for Excel/PDF format. Template in county_email_outreach.py.",NOT STARTED,,
LOW,GA,Troup,EMAIL_FOIA,(706) 883-1620,sfrailey@troupco.org,https://troupcountytax.com,"Send FOIA email requesting current excess proceeds/surplus funds list for Troup, Georgia. Ask for Excel/PDF format. Template in county_email_outreach.py.",NOT STARTED,,
LOW,GA,Turner,PHONE_REQUEST,(229) 567-3636,,https://www.countyoffice.org/turner-county-tax-commissioners-office-ashburn-ga-741,Call county office and request excess proceeds list. Ask: 1) Do you have an excess proceeds or surplus funds list? 2) Can you email it to claim@usforeclosurerecovery.com? 3) Is it available online?,NOT STARTED,,
LOW,GA,Twiggs,EMAIL_FOIA,(478) 945-3359,info@twiggscounty.com,https://www.twiggscounty.us/tax-commissioner,"Send FOIA email requesting current excess proceeds/surplus funds list for Twiggs, Georgia. Ask for Excel/PDF format. Template in county_email_outreach.py.",NOT STARTED,,
LOW,GA,Union,PHONE_REQUEST,(706) 439-6018,,https://countyinfo.hoursguide.com/union-county-ga-treasurer-tax-collector-office,Call county office and request excess proceeds list. Ask: 1) Do you have an excess proceeds or surplus funds list? 2) Can you email it to claim@usforeclosurerecovery.com? 3) Is it available online?,NOT STARTED,,
LOW,GA,Upson,PHONE_REQUEST,(706) 647-8931,,https://www.upsoncountyga.org/Directory.aspx?did=38,Call county office and request excess proceeds list. Ask: 1) Do you have an excess proceeds or surplus funds list? 2) Can you email it to claim@usforeclosurerecovery.com? 3) Is it available online?,NOT STARTED,,
LOW,GA,Walker,EMAIL_FOIA,(706) 638-2929,carolyn.w@walkergatax.com,https://walkercountytax.com/contact-us,"Send FOIA email requesting current excess proceeds/surplus funds list for Walker, Georgia. Ask for Excel/PDF format. Template in county_email_outreach.py.",NOT STARTED,,
LOW,GA,Walton,EMAIL_FOIA,(770) 267-1335,WCTC@co.walton.ga.us,https://tax.waltoncountypay.com,"Send FOIA email requesting current excess proceeds/surplus funds list for Walton, Georgia. Ask for Excel/PDF format. Template in county_email_outreach.py.",NOT STARTED,,
LOW,GA,Ware,EMAIL_FOIA,(912) 287-4305,waretax@warecountyga.gov,https://www.warecountytax.com/contact.html,"Send FOIA email requesting current excess proceeds/surplus funds list for Ware, Georgia. Ask for Excel/PDF format. Template in county_email_outreach.py.",NOT STARTED,,
LOW,GA,Warren,EMAIL_FOIA,(706) 465-2231,Tax@warrencountyga.gov,https://www.warrencountyga.com/tax-commissioner.html,"Send FOIA email requesting current excess proceeds/surplus funds list for Warren, Georgia. Ask for Excel/PDF format. Template in county_email_outreach.py.",NOT STARTED,,
LOW,GA,Washington,EMAIL_FOIA,(478) 552-2144,wboa@washingtoncountyga.gov,https://www.washingtoncountyga.gov/Directory.aspx?did=19,"Send FOIA email requesting current excess proceeds/surplus funds list for Washington, Georgia. Ask for Excel/PDF format. Template in county_email_outreach.py.",NOT STARTED,,
LOW,GA,Wayne,EMAIL_FOIA,(912) 427-5910,aoquinn@waynecountyga.us,https://www.waynecountyga.us/department/index.php?structureid=31,"Send FOIA email requesting current excess proceeds/surplus funds list for Wayne, Georgia. Ask for Excel/PDF format. Template in county_email_outreach.py.",NOT STARTED,,
LOW,GA,Webster,EMAIL_FOIA,(229) 828-3690,webstertaxassessor@windstream.net,https://webstercountyga.org/taxcommissioner,"Send FOIA email requesting current excess proceeds/surplus funds list for Webster, Georgia. Ask for Excel/PDF format. Template in county_email_outreach.py.",NOT STARTED,,
LOW,GA,Wheeler,EMAIL_FOIA,(912) 568-7131,cindy.brown@co.wheeler.tx.us,https://wheelercountytax.org,"Send FOIA email requesting current excess proceeds/surplus funds list for Wheeler, Georgia. Ask for Excel/PDF format. Template in county_email_outreach.py.",NOT STARTED,,
LOW,GA,White,EMAIL_FOIA,(706) 865-2225,barbara.nydegger@whitecounty.in.gov,https://www.whitecountyga.gov/tax-commissioner,"Send FOIA email requesting current excess proceeds/surplus funds list for White, Georgia. Ask for Excel/PDF format. Template in county_email_outreach.py.",NOT STARTED,,
LOW,GA,Whitfield,EMAIL_FOIA,(706) 275-7510,support@governmentwindow.com,https://www.whitfieldcountyga.com/how_do_i/contact_us/index.php,"Send FOIA email requesting current excess proceeds/surplus funds list for Whitfield, Georgia. Ask for Excel/PDF format. Template in county_email_outreach.py.",NOT STARTED,,
LOW,GA,Wilcox,EMAIL_FOIA,(229) 467-2025,brittany.wilcoxcountytc@gmail.com,https://tax.wilcoxcountypay.com/contact.html,"Send FOIA email requesting current excess proceeds/surplus funds list for Wilcox, Georgia. Ask for Excel/PDF format. Template in county_email_outreach.py.",NOT STARTED,,
LOW,GA,Wilkes,PHONE_REQUEST,(706) 678-2422,,https://www.wilkescountyga.org/tax-commissioner,Call county office and request excess proceeds list. Ask: 1) Do you have an excess proceeds or surplus funds list? 2) Can you email it to claim@usforeclosurerecovery.com? 3) Is it available online?,NOT STARTED,,
LOW,GA,Wilkinson,EMAIL_FOIA,(478) 946-2232,info@wilkinsoncounty.net,https://www.wilkinsoncounty.net/contact,"Send FOIA email requesting current excess proceeds/surplus funds list for Wilkinson, Georgia. Ask for Excel/PDF format. Template in county_email_outreach.py.",NOT STARTED,,
LOW,GA,Worth,EMAIL_FOIA,(229) 776-8204,worthtc058@gmail.com,https://www.worthcountytax.com/contact.html,"Send FOIA email requesting current excess proceeds/surplus funds list for Worth, Georgia. Ask for Excel/PDF format. Template in county_email_outreach.py.",NOT STARTED,,
HIGH,HI,Hawaii County,EMAIL_FOIA,(808) 961-8201,cohrpt@hawaii.gov,https://www.hawaiicounty.gov/departments/finance/real-property-tax,"Send FOIA email requesting current excess proceeds/surplus funds list for Hawaii County, Hawaii. Ask for Excel/PDF format. Template in county_email_outreach.py.",NOT STARTED,,
HIGH,HI,Honolulu County,EMAIL_FOIA,(808) 768-3799,bfsrpmailbox@honolulu.gov,https://realproperty.honolulu.gov/contact-us,"Send FOIA email requesting current excess proceeds/surplus funds list for Honolulu County, Hawaii. Ask for Excel/PDF format. Template in county_email_outreach.py.",NOT STARTED,,
HIGH,HI,Kalawao County,EMAIL_FOIA,(808) 587-1540,Tax.Directors.Office@hawaii.gov,https://tax.hawaii.gov/contact,"Send FOIA email requesting current excess proceeds/surplus funds list for Kalawao County, Hawaii. Ask for Excel/PDF format. Template in county_email_outreach.py.",NOT STARTED,,
HIGH,HI,Kauai County,EMAIL_FOIA,(808) 241-4224,rpassessment@kauai.gov,https://www.kauai.gov/Government/Departments-Agencies/Finance/Real-Property-Tax/Assessment,"Send FOIA email requesting current excess proceeds/surplus funds list for Kauai County, Hawaii. Ask for Excel/PDF format. Template in county_email_outreach.py.",NOT STARTED,,
HIGH,HI,Maui County,PHONE_REQUEST,(808) 984-8500,,https://tax.hawaii.gov/contact,Call county office and request excess proceeds list. Ask: 1) Do you have an excess proceeds or surplus funds list? 2) Can you email it to claim@usforeclosurerecovery.com? 3) Is it available online?,NOT STARTED,,
HIGH,ID,Ada County,EMAIL_FOIA,(208) 287-7200,assessors@adacounty.id.gov,https://adacounty.id.gov/assessor/about-us/contact-us,"Send FOIA email requesting current excess proceeds/surplus funds list for Ada County, Idaho. Ask for Excel/PDF format. Template in county_email_outreach.py.",NOT STARTED,,
HIGH,ID,Adams County,EMAIL_FOIA,(208) 253-4561,sswift@co.adams.id.us,https://www.co.adams.id.us/departments/assessor,"Send FOIA email requesting current excess proceeds/surplus funds list for Adams County, Idaho. Ask for Excel/PDF format. Template in county_email_outreach.py.",NOT STARTED,,
HIGH,ID,Bannock County,EMAIL_FOIA,(208) 236-7260,commission@bannockcounty.gov,https://www.bannockcounty.gov/assessor,"Send FOIA email requesting current excess proceeds/surplus funds list for Bannock County, Idaho. Ask for Excel/PDF format. Template in county_email_outreach.py.",NOT STARTED,,
HIGH,ID,Bear Lake County,EMAIL_FOIA,(208) 945-2155,jjensen@bearlakecounty.id.gov,https://www.bearlakecounty.info/assessor.html,"Send FOIA email requesting current excess proceeds/surplus funds list for Bear Lake County, Idaho. Ask for Excel/PDF format. Template in county_email_outreach.py.",NOT STARTED,,
HIGH,ID,Benewah County,EMAIL_FOIA,(208) 245-2821,dspier@benewahcounty.org,https://www.benewahcountyid.gov/departments/assessor,"Send FOIA email requesting current excess proceeds/surplus funds list for Benewah County, Idaho. Ask for Excel/PDF format. Template in county_email_outreach.py.",NOT STARTED,,
MEDIUM,ID,Bingham County,PHONE_REQUEST,(208) 785-8040,,https://www.binghamid.gov/departments/staff_directory/assessorsoffice,Call county office and request excess proceeds list. Ask: 1) Do you have an excess proceeds or surplus funds list? 2) Can you email it to claim@usforeclosurerecovery.com? 3) Is it available online?,NOT STARTED,,
MEDIUM,ID,Blaine County,EMAIL_FOIA,(208) 788-5535,jwilliams@co.blaine.id.us,https://www.co.blaine.id.us/1240/Blaine-County-Assessor-Data-Report,"Send FOIA email requesting current excess proceeds/surplus funds list for Blaine County, Idaho. Ask for Excel/PDF format. Template in county_email_outreach.py.",NOT STARTED,,
MEDIUM,ID,Boise County,PHONE_REQUEST,(208) 392-4957,,https://www.boisecounty.us/services/treasurer,Call county office and request excess proceeds list. Ask: 1) Do you have an excess proceeds or surplus funds list? 2) Can you email it to claim@usforeclosurerecovery.com? 3) Is it available online?,NOT STARTED,,
MEDIUM,ID,Bonner County,EMAIL_FOIA,(208) 265-1440,assessors@bonnercountyid.gov,https://www.bonnercountyid.gov/AssessorContactOurOffice,"Send FOIA email requesting current excess proceeds/surplus funds list for Bonner County, Idaho. Ask for Excel/PDF format. Template in county_email_outreach.py.",NOT STARTED,,
MEDIUM,ID,Bonneville County,EMAIL_FOIA,(208) 529-1320,BCExemptions@BonnevilleCountyIdaho.gov,https://www.bonnevillecountyidaho.gov/administration/assessor,"Send FOIA email requesting current excess proceeds/surplus funds list for Bonneville County, Idaho. Ask for Excel/PDF format. Template in county_email_outreach.py.",NOT STARTED,,
MEDIUM,ID,Boundary County,PHONE_REQUEST,(208) 267-3301,,http://boundarycountyid.org/site-page/assessor,Call county office and request excess proceeds list. Ask: 1) Do you have an excess proceeds or surplus funds list? 2) Can you email it to claim@usforeclosurerecovery.com? 3) Is it available online?,NOT STARTED,,
MEDIUM,ID,Butte County,EMAIL_FOIA,(208) 527-8288,hstandlee@buttecountyid.us,https://buttecountyid.us/officials/assessor,"Send FOIA email requesting current excess proceeds/surplus funds list for Butte County, Idaho. Ask for Excel/PDF format. Template in county_email_outreach.py.",NOT STARTED,,
MEDIUM,ID,Camas County,EMAIL_FOIA,(208) 764-2370,assessor@camascounty.id.gov,https://camascounty.id.gov/departments-2/assessor,"Send FOIA email requesting current excess proceeds/surplus funds list for Camas County, Idaho. Ask for Excel/PDF format. Template in county_email_outreach.py.",NOT STARTED,,
MEDIUM,ID,Canyon County,EMAIL_FOIA,(208) 454-7431,2cAsr@canyoncounty.id.gov,https://www.canyoncounty.id.gov/elected-officials/assessor/contact-assessor,"Send FOIA email requesting current excess proceeds/surplus funds list for Canyon County, Idaho. Ask for Excel/PDF format. Template in county_email_outreach.py.",NOT STARTED,,
MEDIUM,ID,Caribou County,EMAIL_FOIA,(208) 547-4749,acook@co.caribou.id.us,https://www.cariboucounty.us/departments/assessor/index.php,"Send FOIA email requesting current excess proceeds/surplus funds list for Caribou County, Idaho. Ask for Excel/PDF format. Template in county_email_outreach.py.",NOT STARTED,,
LOW,ID,Cassia County,EMAIL_FOIA,(208) 878-3540,madams@cassia.gov,https://www.cassia.gov/assessor-contacts,"Send FOIA email requesting current excess proceeds/surplus funds list for Cassia County, Idaho. Ask for Excel/PDF format. Template in county_email_outreach.py.",NOT STARTED,,
LOW,ID,Clark County,EMAIL_FOIA,(208) 374-5404,mona@clarkcountyarkansas.com,https://clarkcountyar.gov/assessor,"Send FOIA email requesting current excess proceeds/surplus funds list for Clark County, Idaho. Ask for Excel/PDF format. Template in county_email_outreach.py.",NOT STARTED,,
LOW,ID,Clearwater County,PHONE_REQUEST,(208) 476-7042,,https://www.clearwatercounty.org/contact_us/index.php,Call county office and request excess proceeds list. Ask: 1) Do you have an excess proceeds or surplus funds list? 2) Can you email it to claim@usforeclosurerecovery.com? 3) Is it available online?,NOT STARTED,,
LOW,ID,Custer County,EMAIL_FOIA,(208) 879-2330,custert@custertel.net,https://custercountyidaho.org/departments/executive/treasurer,"Send FOIA email requesting current excess proceeds/surplus funds list for Custer County, Idaho. Ask for Excel/PDF format. Template in county_email_outreach.py.",NOT STARTED,,
LOW,ID,Elmore County,PHONE_REQUEST,(208) 587-2126,,https://elmorecounty.org/treasurer-tax-collector,Call county office and request excess proceeds list. Ask: 1) Do you have an excess proceeds or surplus funds list? 2) Can you email it to claim@usforeclosurerecovery.com? 3) Is it available online?,NOT STARTED,,
LOW,ID,Franklin County,EMAIL_FOIA,(208) 852-1091,assessor@fcidaho.us,https://www.franklincountyidaho.org/departments/assessor.php,"Send FOIA email requesting current excess proceeds/surplus funds list for Franklin County, Idaho. Ask for Excel/PDF format. Template in county_email_outreach.py.",NOT STARTED,,
LOW,ID,Fremont County,PHONE_REQUEST,(208) 624-7200,,https://www.fremontcountyid.gov/157/Assessors-Office,Call county office and request excess proceeds list. Ask: 1) Do you have an excess proceeds or surplus funds list? 2) Can you email it to claim@usforeclosurerecovery.com? 3) Is it available online?,NOT STARTED,,
LOW,ID,Gem County,EMAIL_FOIA,(208) 365-2982,gcainfo@co.gem.id.us,https://www.gemcounty.org/departments_offices/county_assessor/index.php,"Send FOIA email requesting current excess proceeds/surplus funds list for Gem County, Idaho. Ask for Excel/PDF format. Template in county_email_outreach.py.",NOT STARTED,,
LOW,ID,Gooding County,EMAIL_FOIA,(208) 934-5666,jbaldwin@goodingcountyid.gov,https://www.goodingcounty.org/150/Assessors-Office,"Send FOIA email requesting current excess proceeds/surplus funds list for Gooding County, Idaho. Ask for Excel/PDF format. Template in county_email_outreach.py.",NOT STARTED,,
LOW,ID,Idaho County,EMAIL_FOIA,(208) 983-2801,ahudson@idahocounty.org,https://idahocounty.org/planb/treasurer,"Send FOIA email requesting current excess proceeds/surplus funds list for Idaho County, Idaho. Ask for Excel/PDF format. Template in county_email_outreach.py.",NOT STARTED,,
LOW,ID,Jefferson County,PHONE_REQUEST,(208) 745-9215,,https://www.jcgov.us/directory.aspx?did=6,Call county office and request excess proceeds list. Ask: 1) Do you have an excess proceeds or surplus funds list? 2) Can you email it to claim@usforeclosurerecovery.com? 3) Is it available online?,NOT STARTED,,
LOW,ID,Jerome County,PHONE_REQUEST,(208) 644-2740,,https://www.jeromecountyjail.org/149/Assessor,Call county office and request excess proceeds list. Ask: 1) Do you have an excess proceeds or surplus funds list? 2) Can you email it to claim@usforeclosurerecovery.com? 3) Is it available online?,NOT STARTED,,
LOW,ID,Kootenai County,EMAIL_FOIA,(208) 446-1500,kcassr@kcgov.us,https://www.kcgov.us/176/Assessor,"Send FOIA email requesting current excess proceeds/surplus funds list for Kootenai County, Idaho. Ask for Excel/PDF format. Template in county_email_outreach.py.",NOT STARTED,,
HIGH,MD,Anne Arundel County,EMAIL_FOIA,(410) 222-1144,sdat.cscc@maryland.gov,https://www.aacounty.org/finance/contact-finance,"Send FOIA email requesting current excess proceeds/surplus funds list for Anne Arundel County, Maryland. Ask for Excel/PDF format. Template in county_email_outreach.py.",NOT STARTED,,
HIGH,MD,Baltimore County,EMAIL_FOIA,(410) 887-3313,sdat.som@maryland.gov,https://dat.maryland.gov/realproperty/pages/maryland-assessment-offices.aspx,"Send FOIA email requesting current excess proceeds/surplus funds list for Baltimore County, Maryland. Ask for Excel/PDF format. Template in county_email_outreach.py.",NOT STARTED,,
HIGH,MD,Baltimore city,PHONE_REQUEST,(410) 396-4940,,https://finance.baltimorecity.gov/finance-contact,Call county office and request excess proceeds list. Ask: 1) Do you have an excess proceeds or surplus funds list? 2) Can you email it to claim@usforeclosurerecovery.com? 3) Is it available online?,NOT STARTED,,
HIGH,MD,Calvert County,PHONE_REQUEST,(410) 535-1600,,https://www.calvertcountymd.gov/174/Treasurers-Office,Call county office and request excess proceeds list. Ask: 1) Do you have an excess proceeds or surplus funds list? 2) Can you email it to claim@usforeclosurerecovery.com? 3) Is it available online?,NOT STARTED,,
HIGH,MD,Caroline County,PHONE_REQUEST,(410) 479-0410,,https://www.tax-rates.org/maryland/property-tax/caroline-county-assessor,Call county office and request excess proceeds list. Ask: 1) Do you have an excess proceeds or surplus funds list? 2) Can you email it to claim@usforeclosurerecovery.com? 3) Is it available online?,NOT STARTED,,
MEDIUM,MD,Carroll County,EMAIL_FOIA,(410) 386-2971,cctaxoffice@carrollcountymd.gov,https://www.carrollcountymd.gov/policies-forms/contact-carroll-county-government,"Send FOIA email requesting current excess proceeds/surplus funds list for Carroll County, Maryland. Ask for Excel/PDF format. Template in county_email_outreach.py.",NOT STARTED,,
MEDIUM,MD,Cecil County,EMAIL_FOIA,(410) 996-8050,sdat.cec@maryland.gov,https://www.tax-rates.org/maryland/property-tax/cecil-county-assessor,"Send FOIA email requesting current excess proceeds/surplus funds list for Cecil County, Maryland. Ask for Excel/PDF format. Template in county_email_outreach.py.",NOT STARTED,,
MEDIUM,MD,Charles County,PHONE_REQUEST,(301) 645-0685,,https://www.charlescountymd.gov/government/fiscal-and-administrative-services/treasury-taxes,Call county office and request excess proceeds list. Ask: 1) Do you have an excess proceeds or surplus funds list? 2) Can you email it to claim@usforeclosurerecovery.com? 3) Is it available online?,NOT STARTED,,
MEDIUM,MD,Dorchester County,PHONE_REQUEST,(410) 228-4343,,https://www.countyoffice.org/dorchester-county-assessment-office-cambridge-md-594,Call county office and request excess proceeds list. Ask: 1) Do you have an excess proceeds or surplus funds list? 2) Can you email it to claim@usforeclosurerecovery.com? 3) Is it available online?,NOT STARTED,,
MEDIUM,MD,Frederick County,EMAIL_FOIA,(301) 600-1111,treasuryquestions@frederickcountymd.gov,https://www.frederickcountymd.gov/69/Treasury,"Send FOIA email requesting current excess proceeds/surplus funds list for Frederick County, Maryland. Ask for Excel/PDF format. Template in county_email_outreach.py.",NOT STARTED,,
MEDIUM,MD,Garrett County,EMAIL_FOIA,(301) 334-1965,taxoffice@garrettcounty.org,https://www.garrettcountymd.gov/financial-services/billing-collections/please-contact-us,"Send FOIA email requesting current excess proceeds/surplus funds list for Garrett County, Maryland. Ask for Excel/PDF format. Template in county_email_outreach.py.",NOT STARTED,,
MEDIUM,MD,Harford County,PHONE_REQUEST,(410) 638-3269,,https://www.harfordcountymd.gov/649/Payment-Options,Call county office and request excess proceeds list. Ask: 1) Do you have an excess proceeds or surplus funds list? 2) Can you email it to claim@usforeclosurerecovery.com? 3) Is it available online?,NOT STARTED,,
MEDIUM,MD,Howard County,EMAIL_FOIA,(410) 313-2195,customerservice@howardcountymd.gov,https://www.countyoffice.org/howard-county-treasurers-office-ellicott-city-md-6d8,"Send FOIA email requesting current excess proceeds/surplus funds list for Howard County, Maryland. Ask for Excel/PDF format. Template in county_email_outreach.py.",NOT STARTED,,
MEDIUM,MD,Kent County,EMAIL_FOIA,(410) 778-1410,TaxOffice@kentcountyde.gov,https://dat.maryland.gov/realproperty/pages/kent-county-reassessment-areas.aspx,"Send FOIA email requesting current excess proceeds/surplus funds list for Kent County, Maryland. Ask for Excel/PDF format. Template in county_email_outreach.py.",NOT STARTED,,
MEDIUM,MD,Montgomery County,PHONE_REQUEST,(240) 777-8860,,https://marylandcountyoffices.com/montgomery/treasurer-tax-collector-offices,Call county office and request excess proceeds list. Ask: 1) Do you have an excess proceeds or surplus funds list? 2) Can you email it to claim@usforeclosurerecovery.com? 3) Is it available online?,NOT STARTED,,
LOW,MD,Prince George's County,EMAIL_FOIA,(301) 952-4030,tax_inquiry@co.pg.md.us,https://www.princegeorgescountymd.gov/departments-offices/finance/taxes/property-taxes,"Send FOIA email requesting current excess proceeds/surplus funds list for Prince George's County, Maryland. Ask for Excel/PDF format. Template in county_email_outreach.py.",NOT STARTED,,
LOW,MD,Queen Anne's County,PHONE_REQUEST,(410) 758-0414,,https://interactive.marylandtaxes.gov/Individuals/Extension,Call county office and request excess proceeds list. Ask: 1) Do you have an excess proceeds or surplus funds list? 2) Can you email it to claim@usforeclosurerecovery.com? 3) Is it available online?,NOT STARTED,,
LOW,MD,Somerset County,EMAIL_FOIA,(410) 651-0440,taxcollections@somersetmd.us,https://www.somersetmd.us/departments/departments_-_a_-_m/finance/tax_collections.php,"Send FOIA email requesting current excess proceeds/surplus funds list for Somerset County, Maryland. Ask for Excel/PDF format. Template in county_email_outreach.py.",NOT STARTED,,
LOW,MD,St. Mary's County,EMAIL_FOIA,(301) 475-4200,csmc@stmaryscountymd.gov,https://www.stmaryscountymd.gov/contactdirectory,"Send FOIA email requesting current excess proceeds/surplus funds list for St. Mary's County, Maryland. Ask for Excel/PDF format. Template in county_email_outreach.py.",NOT STARTED,,
LOW,MD,Talbot County,EMAIL_FOIA,(410) 819-5920,sdat.cscc@maryland.gov,https://dat.maryland.gov/realproperty/pages/talbot-county-reassessment-areas.aspx,"Send FOIA email requesting current excess proceeds/surplus funds list for Talbot County, Maryland. Ask for Excel/PDF format. Template in county_email_outreach.py.",NOT STARTED,,
LOW,MD,Washington County,EMAIL_FOIA,(240) 313-2110,roomtax@washco-md.net,https://interactive.marylandtaxes.gov/Individuals/Extension,"Send FOIA email requesting current excess proceeds/surplus funds list for Washington County, Maryland. Ask for Excel/PDF format. Template in county_email_outreach.py.",NOT STARTED,,
LOW,MD,Wicomico County,EMAIL_FOIA,(410) 713-3560,sdat.wic@maryland.gov,https://dat.maryland.gov/realproperty/pages/wicomico-county-reassessment-areas.aspx,"Send FOIA email requesting current excess proceeds/surplus funds list for Wicomico County, Maryland. Ask for Excel/PDF format. Template in county_email_outreach.py.",NOT STARTED,,
LOW,MD,Worcester County,EMAIL_FOIA,(410) 632-1196,sdat.wor@maryland.gov,https://www.co.worcester.md.us/departments/treasurer/realprop,"Send FOIA email requesting current excess proceeds/surplus funds list for Worcester County, Maryland. Ask for Excel/PDF format. Template in county_email_outreach.py.",NOT STARTED,,
HIGH,MI,Alcona,EMAIL_FOIA,(989) 724-9420,actreasurer@alconacounty.gov,https://alconacountymi.com/home/treasurer,"Send FOIA email requesting current excess proceeds/surplus funds list for Alcona, Michigan. Ask for Excel/PDF format. Template in county_email_outreach.py.",NOT STARTED,,
HIGH,MI,Alger,EMAIL_FOIA,(906) 387-4535,pjohnson@algercounty.gov,https://www.algercounty.gov/departments/county_treasurer/index.php,"Send FOIA email requesting current excess proceeds/surplus funds list for Alger, Michigan. Ask for Excel/PDF format. Template in county_email_outreach.py.",NOT STARTED,,
HIGH,MI,Allegan,EMAIL_FOIA,(269) 673-0260,treasurer@allegancounty.org,https://www.allegancounty.org/departments/treasurer-s-office,"Send FOIA email requesting current excess proceeds/surplus funds list for Allegan, Michigan. Ask for Excel/PDF format. Template in county_email_outreach.py.",NOT STARTED,,
HIGH,MI,Alpena,EMAIL_FOIA,(989) 354-9500,treasurer@alpenacounty.org,https://www.alpenacounty.org/211/Delinquent-Property-Taxes,"Send FOIA email requesting current excess proceeds/surplus funds list for Alpena, Michigan. Ask for Excel/PDF format. Template in county_email_outreach.py.",NOT STARTED,,
HIGH,MI,Antrim,EMAIL_FOIA,(231) 533-6720,treasurer@antrimcountymi.gov,https://www.antrimcountymi.gov/departments___services_/treasurer/,"Send FOIA email requesting current excess proceeds/surplus funds list for Antrim, Michigan. Ask for Excel/PDF format. Template in county_email_outreach.py.",NOT STARTED,,
MEDIUM,MI,Arenac,EMAIL_FOIA,(989) 846-4106,jhazeltine@arenaccountymi.gov,https://www.arenaccountymi.gov/Treasurer,"Send FOIA email requesting current excess proceeds/surplus funds list for Arenac, Michigan. Ask for Excel/PDF format. Template in county_email_outreach.py.",NOT STARTED,,
MEDIUM,MI,Baraga,EMAIL_FOIA,(906) 524-6100,clerk@baragatownship.org,https://keweenawbay.org/government/departments/county-treasurer,"Send FOIA email requesting current excess proceeds/surplus funds list for Baraga, Michigan. Ask for Excel/PDF format. Template in county_email_outreach.py.",NOT STARTED,,
MEDIUM,MI,Barry,EMAIL_FOIA,(269) 945-1287,KShumway@barrycounty.org,https://www.barrycounty.org/departments_and_officials/officials/county_treasurer.php,"Send FOIA email requesting current excess proceeds/surplus funds list for Barry, Michigan. Ask for Excel/PDF format. Template in county_email_outreach.py.",NOT STARTED,,
MEDIUM,MI,Bay,PHONE_REQUEST,(989) 895-4285,,https://www.baycountymi.gov/Treasurer,Call county office and request excess proceeds list. Ask: 1) Do you have an excess proceeds or surplus funds list? 2) Can you email it to claim@usforeclosurerecovery.com? 3) Is it available online?,NOT STARTED,,
MEDIUM,MI,Benzie,EMAIL_FOIA,(231) 882-0011,cfries@benzieco.gov,https://www.benzieco.gov/government/county_treasurer.php,"Send FOIA email requesting current excess proceeds/surplus funds list for Benzie, Michigan. Ask for Excel/PDF format. Template in county_email_outreach.py.",NOT STARTED,,
MEDIUM,MI,Berrien,PHONE_REQUEST,(269) 983-7111,,https://www.berriencounty.org/819/Treasurer,Call county office and request excess proceeds list. Ask: 1) Do you have an excess proceeds or surplus funds list? 2) Can you email it to claim@usforeclosurerecovery.com? 3) Is it available online?,NOT STARTED,,
MEDIUM,MI,Branch,EMAIL_FOIA,(517) 279-4321,treasurer@branchcounty.gov,https://branchcounty.gov/departments/treasurer,"Send FOIA email requesting current excess proceeds/surplus funds list for Branch, Michigan. Ask for Excel/PDF format. Template in county_email_outreach.py.",NOT STARTED,,
MEDIUM,MI,Calhoun,EMAIL_FOIA,(269) 781-0807,treasurerstaff@calhouncountymi.gov,https://www.calhouncountymi.gov/departments/treasurers_office/index.php,"Send FOIA email requesting current excess proceeds/surplus funds list for Calhoun, Michigan. Ask for Excel/PDF format. Template in county_email_outreach.py.",NOT STARTED,,
MEDIUM,MI,Cass,PHONE_REQUEST,(269) 445-4468,,https://casscountymi.org/directory.aspx?EID=27,Call county office and request excess proceeds list. Ask: 1) Do you have an excess proceeds or surplus funds list? 2) Can you email it to claim@usforeclosurerecovery.com? 3) Is it available online?,NOT STARTED,,
MEDIUM,MI,Charlevoix,EMAIL_FOIA,(231) 547-7202,wheatj@charlevoixcounty.org,https://www.charlevoixcounty.org/county_treasurer,"Send FOIA email requesting current excess proceeds/surplus funds list for Charlevoix, Michigan. Ask for Excel/PDF format. Template in county_email_outreach.py.",NOT STARTED,,
LOW,MI,Cheboygan,EMAIL_FOIA,(231) 627-8821,taxinfo@cheboygancounty.net,https://www.cheboygancounty.net/departments-services/treasurer,"Send FOIA email requesting current excess proceeds/surplus funds list for Cheboygan, Michigan. Ask for Excel/PDF format. Template in county_email_outreach.py.",NOT STARTED,,
LOW,MI,Chippewa,PHONE_REQUEST,(906) 635-6308,,https://www.chippewacountymi.gov/treasurer,Call county office and request excess proceeds list. Ask: 1) Do you have an excess proceeds or surplus funds list? 2) Can you email it to claim@usforeclosurerecovery.com? 3) Is it available online?,NOT STARTED,,
LOW,MI,Clare,EMAIL_FOIA,(989) 539-7801,vcorlew@cityofclare.gov,https://cityofclare.gov/treasurer,"Send FOIA email requesting current excess proceeds/surplus funds list for Clare, Michigan. Ask for Excel/PDF format. Template in county_email_outreach.py.",NOT STARTED,,
LOW,MI,Clinton,PHONE_REQUEST,(989) 224-5280,,https://www.clinton-county.org/292/Treasurers-Office,Call county office and request excess proceeds list. Ask: 1) Do you have an excess proceeds or surplus funds list? 2) Can you email it to claim@usforeclosurerecovery.com? 3) Is it available online?,NOT STARTED,,
LOW,MI,Crawford,EMAIL_FOIA,(989) 344-3204,kwagner@crawfordco.org,https://www.lansingmi.gov/740/Treasury-Income-Tax-Office-Staff,"Send FOIA email requesting current excess proceeds/surplus funds list for Crawford, Michigan. Ask for Excel/PDF format. Template in county_email_outreach.py.",NOT STARTED,,
LOW,MI,Delta,EMAIL_FOIA,(906) 789-5100,sherrygodfrey@deltacountymi.org,https://deltacountymi.gov/treasurer,"Send FOIA email requesting current excess proceeds/surplus funds list for Delta, Michigan. Ask for Excel/PDF format. Template in county_email_outreach.py.",NOT STARTED,,
LOW,MI,Dickinson,EMAIL_FOIA,(906) 774-8130,treaslorna@dickinsoncountymi.gov,https://www.dickinsoncountymi.gov/how_do_i/contact/index.php,"Send FOIA email requesting current excess proceeds/surplus funds list for Dickinson, Michigan. Ask for Excel/PDF format. Template in county_email_outreach.py.",NOT STARTED,,
LOW,MI,Eaton,EMAIL_FOIA,(517) 543-4262,treasurer@vermontville-mi.gov,https://www.eatoncounty.org/301/Treasurer,"Send FOIA email requesting current excess proceeds/surplus funds list for Eaton, Michigan. Ask for Excel/PDF format. Template in county_email_outreach.py.",NOT STARTED,,
LOW,MI,Emmet,EMAIL_FOIA,(231) 348-1715,supervisor@bearcreektownshipmi.gov,https://emmetcounty.org/departments/treasurers_office/index.php,"Send FOIA email requesting current excess proceeds/surplus funds list for Emmet, Michigan. Ask for Excel/PDF format. Template in county_email_outreach.py.",NOT STARTED,,
LOW,MI,Genesee,EMAIL_FOIA,(810) 257-3054,Treasurers-WebGroup@co.genesee.mi.us,https://www.geneseecountymi.gov/departments/treasurer/useful_links_information/,"Send FOIA email requesting current excess proceeds/surplus funds list for Genesee, Michigan. Ask for Excel/PDF format. Template in county_email_outreach.py.",NOT STARTED,,
LOW,MI,Gladwin,EMAIL_FOIA,(989) 426-9231,treasurer@gladwin.org,https://gladwincounty-mi.gov/departments/treasurer,"Send FOIA email requesting current excess proceeds/surplus funds list for Gladwin, Michigan. Ask for Excel/PDF format. Template in county_email_outreach.py.",NOT STARTED,,
LOW,MI,Gogebic,PHONE_REQUEST,(906) 663-4517,,https://www.gogebic.gov/government/county_offices/treasurer_office/index.php,Call county office and request excess proceeds list. Ask: 1) Do you have an excess proceeds or surplus funds list? 2) Can you email it to claim@usforeclosurerecovery.com? 3) Is it available online?,NOT STARTED,,
LOW,MI,Grand Traverse,EMAIL_FOIA,(231) 922-4735,treasurer@gtcountymi.gov,https://www.gtcountymi.gov/650/Treasurer,"Send FOIA email requesting current excess proceeds/surplus funds list for Grand Traverse, Michigan. Ask for Excel/PDF format. Template in county_email_outreach.py.",NOT STARTED,,
LOW,MI,Gratiot,EMAIL_FOIA,(989) 875-5220,treasurer@arcadami.gov,https://www.lansingmi.gov/171/Treasury-Income-Tax-Office,"Send FOIA email requesting current excess proceeds/surplus funds list for Gratiot, Michigan. Ask for Excel/PDF format. Template in county_email_outreach.py.",NOT STARTED,,
LOW,MI,Hillsdale,EMAIL_FOIA,(517) 437-4700,treasurer@hillsdalecounty.gov,http://www.co.hillsdale.mi.us/index.php/tm-gov/m-treasurer,"Send FOIA email requesting current excess proceeds/surplus funds list for Hillsdale, Michigan. Ask for Excel/PDF format. Template in county_email_outreach.py.",NOT STARTED,,
LOW,MI,Houghton,EMAIL_FOIA,(906) 482-0560,treasurer@houghtoncounty.net,https://houghtoncounty.net/directory-treasurer.php,"Send FOIA email requesting current excess proceeds/surplus funds list for Houghton, Michigan. Ask for Excel/PDF format. Template in county_email_outreach.py.",NOT STARTED,,
LOW,MI,Huron,EMAIL_FOIA,(989) 269-9238,contact@hurontownship-mi.gov,https://www.co.huron.mi.us/treasurers-office,"Send FOIA email requesting current excess proceeds/surplus funds list for Huron, Michigan. Ask for Excel/PDF format. Template in county_email_outreach.py.",NOT STARTED,,
LOW,MI,Ingham,EMAIL_FOIA,(517) 676-7233,treasurer@lansingtwpmi.gov,https://lansingtwpmi.gov/treasurer,"Send FOIA email requesting current excess proceeds/surplus funds list for Ingham, Michigan. Ask for Excel/PDF format. Template in county_email_outreach.py.",NOT STARTED,,
LOW,MI,Ionia,EMAIL_FOIA,(616) 527-5329,treasurer@ioniatownshipmi.gov,https://ioniacounty.org/departments-officials/treasurer,"Send FOIA email requesting current excess proceeds/surplus funds list for Ionia, Michigan. Ask for Excel/PDF format. Template in county_email_outreach.py.",NOT STARTED,,
LOW,MI,Iosco,PHONE_REQUEST,(989) 362-6623,,https://www.lansingmi.gov/171/Treasury-Income-Tax-Office,Call county office and request excess proceeds list. Ask: 1) Do you have an excess proceeds or surplus funds list? 2) Can you email it to claim@usforeclosurerecovery.com? 3) Is it available online?,NOT STARTED,,
LOW,MI,Iron,EMAIL_FOIA,(906) 265-7387,treasurer@ironrivertownship.com,https://www.lansingmi.gov/171/Treasury-Income-Tax-Office,"Send FOIA email requesting current excess proceeds/surplus funds list for Iron, Michigan. Ask for Excel/PDF format. Template in county_email_outreach.py.",NOT STARTED,,
LOW,MI,Isabella,PHONE_REQUEST,(989) 317-4091,,https://www.isabellacounty.org/departments/treasurer/about,Call county office and request excess proceeds list. Ask: 1) Do you have an excess proceeds or surplus funds list? 2) Can you email it to claim@usforeclosurerecovery.com? 3) Is it available online?,NOT STARTED,,
LOW,MI,Jackson,PHONE_REQUEST,(517) 768-6728,,https://www.co.jackson.mi.us/810/County-Treasurer,Call county office and request excess proceeds list. Ask: 1) Do you have an excess proceeds or surplus funds list? 2) Can you email it to claim@usforeclosurerecovery.com? 3) Is it available online?,NOT STARTED,,
LOW,MI,Kalamazoo,EMAIL_FOIA,(269) 384-8124,treasurer@kalcounty.com,https://www.kalcounty.com/treasurer,"Send FOIA email requesting current excess proceeds/surplus funds list for Kalamazoo, Michigan. Ask for Excel/PDF format. Template in county_email_outreach.py.",NOT STARTED,,
LOW,MI,Kalkaska,EMAIL_FOIA,(231) 258-3310,KalCountyTreasurer@Kalkaskacounty.org,https://www.kalkaskacounty.net/government/treasurer/index.php,"Send FOIA email requesting current excess proceeds/surplus funds list for Kalkaska, Michigan. Ask for Excel/PDF format. Template in county_email_outreach.py.",NOT STARTED,,
LOW,MI,Kent,PHONE_REQUEST,(616) 632-7500,,https://www.kentcountymi.gov/860/Treasurer,Call county office and request excess proceeds list. Ask: 1) Do you have an excess proceeds or surplus funds list? 2) Can you email it to claim@usforeclosurerecovery.com? 3) Is it available online?,NOT STARTED,,
LOW,MI,Keweenaw,EMAIL_FOIA,(906) 337-1625,treasurer@keweenawcountymi.gov,https://keweenawcountyonline.org/department-treasurer.php,"Send FOIA email requesting current excess proceeds/surplus funds list for Keweenaw, Michigan. Ask for Excel/PDF format. Template in county_email_outreach.py.",NOT STARTED,,
LOW,MI,Lake,EMAIL_FOIA,(231) 745-4622,treasurer@co.lake.mi.us,https://lakecountymi.gov/treasurer,"Send FOIA email requesting current excess proceeds/surplus funds list for Lake, Michigan. Ask for Excel/PDF format. Template in county_email_outreach.py.",NOT STARTED,,
LOW,MI,Lapeer,EMAIL_FOIA,(810) 667-0239,finance@ci.lapeer.mi.us,https://www.lapeercountymi.gov/departments/treasurer/contact_us.php,"Send FOIA email requesting current excess proceeds/surplus funds list for Lapeer, Michigan. Ask for Excel/PDF format. Template in county_email_outreach.py.",NOT STARTED,,
LOW,MI,Leelanau,EMAIL_FOIA,(231) 256-9838,treasurer@co.leelanau.mi.us,https://www.leelanau.gov/news_detail_T5_R70.php,"Send FOIA email requesting current excess proceeds/surplus funds list for Leelanau, Michigan. Ask for Excel/PDF format. Template in county_email_outreach.py.",NOT STARTED,,
LOW,MI,Lenawee,PHONE_REQUEST,(517) 264-4554,,https://www.lenawee.mi.us/287/Treasurers-Office,Call county office and request excess proceeds list. Ask: 1) Do you have an excess proceeds or surplus funds list? 2) Can you email it to claim@usforeclosurerecovery.com? 3) Is it available online?,NOT STARTED,,
LOW,MI,Livingston,PHONE_REQUEST,(517) 546-7010,,https://milivcounty.gov/treasurer,Call county office and request excess proceeds list. Ask: 1) Do you have an excess proceeds or surplus funds list? 2) Can you email it to claim@usforeclosurerecovery.com? 3) Is it available online?,NOT STARTED,,
LOW,MI,Luce,EMAIL_FOIA,(906) 477-6316,bbridges@lucecountymi.gov,https://www.lucecountymi.com/treasurer,"Send FOIA email requesting current excess proceeds/surplus funds list for Luce, Michigan. Ask for Excel/PDF format. Template in county_email_outreach.py.",NOT STARTED,,
LOW,MI,Mackinac,EMAIL_FOIA,(906) 643-7318,tmassey@mackinaccounty.net,https://www.mackinaccounty.net/departments/treasurer,"Send FOIA email requesting current excess proceeds/surplus funds list for Mackinac, Michigan. Ask for Excel/PDF format. Template in county_email_outreach.py.",NOT STARTED,,
LOW,MI,Macomb,PHONE_REQUEST,(586) 469-5100,,https://www.macombgov.org/departments/treasurers-office/macomb-county-treasurer,Call county office and request excess proceeds list. Ask: 1) Do you have an excess proceeds or surplus funds list? 2) Can you email it to claim@usforeclosurerecovery.com? 3) Is it available online?,NOT STARTED,,
LOW,MI,Manistee,PHONE_REQUEST,(231) 723-3173,,https://www.manisteecountymi.gov/256/Treasurer,Call county office and request excess proceeds list. Ask: 1) Do you have an excess proceeds or surplus funds list? 2) Can you email it to claim@usforeclosurerecovery.com? 3) Is it available online?,NOT STARTED,,
LOW,MI,Marquette,EMAIL_FOIA,(906) 225-8425,treasurer@marquettemi.gov,https://www.co.marquette.mi.us/departments/county_treasurer/index.php,"Send FOIA email requesting current excess proceeds/surplus funds list for Marquette, Michigan. Ask for Excel/PDF format. Template in county_email_outreach.py.",NOT STARTED,,
LOW,MI,Mason,EMAIL_FOIA,(231) 843-7999,arlene060treas@gmail.com,https://www.masoncounty.net/departments/treasurer,"Send FOIA email requesting current excess proceeds/surplus funds list for Mason, Michigan. Ask for Excel/PDF format. Template in county_email_outreach.py.",NOT STARTED,,
LOW,MI,Mecosta,EMAIL_FOIA,(616) 592-0169,treasurer@colfaxtwpmecosta.gov,https://www.countyoffice.org/mecosta-county-treasurers-office-big-rapids-mi-62f,"Send FOIA email requesting current excess proceeds/surplus funds list for Mecosta, Michigan. Ask for Excel/PDF format. Template in county_email_outreach.py.",NOT STARTED,,
LOW,MI,Menominee,PHONE_REQUEST,(906) 863-5548,,https://www.menomineecounty.com/contact_us,Call county office and request excess proceeds list. Ask: 1) Do you have an excess proceeds or surplus funds list? 2) Can you email it to claim@usforeclosurerecovery.com? 3) Is it available online?,NOT STARTED,,
LOW,MI,Midland,PHONE_REQUEST,(989) 832-6850,,https://business.mbami.org/list/member/midland-county-treasurer-cathy-lunsford-midland-5213,Call county office and request excess proceeds list. Ask: 1) Do you have an excess proceeds or surplus funds list? 2) Can you email it to claim@usforeclosurerecovery.com? 3) Is it available online?,NOT STARTED,,
LOW,MI,Missaukee,EMAIL_FOIA,(231) 839-4967,treasurer@missaukee.org,https://www.lansingmi.gov/171/Treasury-Income-Tax-Office,"Send FOIA email requesting current excess proceeds/surplus funds list for Missaukee, Michigan. Ask for Excel/PDF format. Template in county_email_outreach.py.",NOT STARTED,,
LOW,MI,Monroe,PHONE_REQUEST,(734) 240-7365,,https://www.co.monroe.mi.us/454/County-Treasurer,Call county office and request excess proceeds list. Ask: 1) Do you have an excess proceeds or surplus funds list? 2) Can you email it to claim@usforeclosurerecovery.com? 3) Is it available online?,NOT STARTED,,
LOW,MI,Montcalm,EMAIL_FOIA,(989) 831-7334,awakeley@montcalm.us,https://www.montcalm.us/326/County-Treasurer,"Send FOIA email requesting current excess proceeds/surplus funds list for Montcalm, Michigan. Ask for Excel/PDF format. Template in county_email_outreach.py.",NOT STARTED,,
LOW,MI,Montmorency,EMAIL_FOIA,(989) 785-8086,claporte@montcounty.org,https://www.montcounty.org/treasurer.html,"Send FOIA email requesting current excess proceeds/surplus funds list for Montmorency, Michigan. Ask for Excel/PDF format. Template in county_email_outreach.py.",NOT STARTED,,
LOW,MI,Muskegon,PHONE_REQUEST,(231) 724-6261,,https://co.muskegon.mi.us/886/Treasurer,Call county office and request excess proceeds list. Ask: 1) Do you have an excess proceeds or surplus funds list? 2) Can you email it to claim@usforeclosurerecovery.com? 3) Is it available online?,NOT STARTED,,
LOW,MI,Newaygo,PHONE_REQUEST,(231) 689-7230,,https://www.newaygocountymi.gov/departments/county-treasurer/home,Call county office and request excess proceeds list. Ask: 1) Do you have an excess proceeds or surplus funds list? 2) Can you email it to claim@usforeclosurerecovery.com? 3) Is it available online?,NOT STARTED,,
LOW,MI,Oakland,EMAIL_FOIA,(248) 858-0611,treasurer@oakgov.com,https://www.oakgov.com/government/oakland-county-treasurer-s-office,"Send FOIA email requesting current excess proceeds/surplus funds list for Oakland, Michigan. Ask for Excel/PDF format. Template in county_email_outreach.py.",NOT STARTED,,
LOW,MI,Oceana,EMAIL_FOIA,(231) 873-3980,Treas@oceana.mi.us,https://oceana.mi.us/departments/treasurer,"Send FOIA email requesting current excess proceeds/surplus funds list for Oceana, Michigan. Ask for Excel/PDF format. Template in county_email_outreach.py.",NOT STARTED,,
LOW,MI,Ogemaw,EMAIL_FOIA,(989) 345-0084,treasurer@ogemawcountymi.gov,https://www.taxsaleresources.com/counties/ogemaw-county-michigan,"Send FOIA email requesting current excess proceeds/surplus funds list for Ogemaw, Michigan. Ask for Excel/PDF format. Template in county_email_outreach.py.",NOT STARTED,,
LOW,MI,Ontonagon,EMAIL_FOIA,(906) 884-4665,msmith@ontonagoncounty.org,https://ontonagoncounty.org/county-offices/county-treasurer,"Send FOIA email requesting current excess proceeds/surplus funds list for Ontonagon, Michigan. Ask for Excel/PDF format. Template in county_email_outreach.py.",NOT STARTED,,
LOW,MI,Osceola,EMAIL_FOIA,(231) 832-6107,treasurer@osceolacountymi.gov,https://www.osceola-county.org/residents/county_departments/treasurer/index.php,"Send FOIA email requesting current excess proceeds/surplus funds list for Osceola, Michigan. Ask for Excel/PDF format. Template in county_email_outreach.py.",NOT STARTED,,
LOW,MI,Oscoda,EMAIL_FOIA,(989) 826-1113,treasurer@oscodacountymi.com,https://www.oscodacountymi.com/county-treasurer,"Send FOIA email requesting current excess proceeds/surplus funds list for Oscoda, Michigan. Ask for Excel/PDF format. Template in county_email_outreach.py.",NOT STARTED,,
LOW,MI,Otsego,EMAIL_FOIA,(989) 731-7564,info@otsegotownship.org,https://otsegocountymi.gov/241/Treasurer,"Send FOIA email requesting current excess proceeds/surplus funds list for Otsego, Michigan. Ask for Excel/PDF format. Template in county_email_outreach.py.",NOT STARTED,,
LOW,MI,Ottawa,EMAIL_FOIA,(616) 994-4501,treasurer@miottawa.org,https://www.lansingmi.gov/171/Treasury-Income-Tax-Office,"Send FOIA email requesting current excess proceeds/surplus funds list for Ottawa, Michigan. Ask for Excel/PDF format. Template in county_email_outreach.py.",NOT STARTED,,
LOW,MI,Presque Isle,EMAIL_FOIA,(989) 734-4075,picotreas@picounty.org,https://presqueislecounty.org/presque-isle-treasurer,"Send FOIA email requesting current excess proceeds/surplus funds list for Presque Isle, Michigan. Ask for Excel/PDF format. Template in county_email_outreach.py.",NOT STARTED,,
LOW,MI,Roscommon,PHONE_REQUEST,(989) 275-5823,,https://www.roscommoncounty.net/200/Treasurer,Call county office and request excess proceeds list. Ask: 1) Do you have an excess proceeds or surplus funds list? 2) Can you email it to claim@usforeclosurerecovery.com? 3) Is it available online?,NOT STARTED,,
LOW,MI,Saginaw,EMAIL_FOIA,(989) 790-5225,treasurer@saginawcountymi.gov,https://www.saginawcountymi.gov/departments/treasurer,"Send FOIA email requesting current excess proceeds/surplus funds list for Saginaw, Michigan. Ask for Excel/PDF format. Template in county_email_outreach.py.",NOT STARTED,,
LOW,MI,Sanilac,EMAIL_FOIA,(810) 648-2127,treasurer@sanilactownship.org,https://sanilactownshipmi.gov/treasurer,"Send FOIA email requesting current excess proceeds/surplus funds list for Sanilac, Michigan. Ask for Excel/PDF format. Template in county_email_outreach.py.",NOT STARTED,,
LOW,MI,Schoolcraft,EMAIL_FOIA,(906) 341-3622,tscott@schoolcrafttownshipmi.gov,https://schoolcrafttownshipmi.gov/treasurer,"Send FOIA email requesting current excess proceeds/surplus funds list for Schoolcraft, Michigan. Ask for Excel/PDF format. Template in county_email_outreach.py.",NOT STARTED,,
LOW,MI,Shiawassee,EMAIL_FOIA,(989) 743-2224,Treasurer@vernontwp-mi.gov,https://shiawassee.net/county-treasurer,"Send FOIA email requesting current excess proceeds/surplus funds list for Shiawassee, Michigan. Ask for Excel/PDF format. Template in county_email_outreach.py.",NOT STARTED,,
LOW,MI,St. Clair,PHONE_REQUEST,(810) 989-6915,,https://www.stclaircounty.org/Offices/27,Call county office and request excess proceeds list. Ask: 1) Do you have an excess proceeds or surplus funds list? 2) Can you email it to claim@usforeclosurerecovery.com? 3) Is it available online?,NOT STARTED,,
LOW,MI,St. Joseph,PHONE_REQUEST,(269) 467-5525,,https://www.stjosephcountymi.gov/government/county-treasurer,Call county office and request excess proceeds list. Ask: 1) Do you have an excess proceeds or surplus funds list? 2) Can you email it to claim@usforeclosurerecovery.com? 3) Is it available online?,NOT STARTED,,
LOW,MI,Tuscola,EMAIL_FOIA,(989) 672-3890,treasurer@tuscolacounty.org,https://www.tuscolacounty.org/treasurer,"Send FOIA email requesting current excess proceeds/surplus funds list for Tuscola, Michigan. Ask for Excel/PDF format. Template in county_email_outreach.py.",NOT STARTED,,
LOW,MI,Van Buren,PHONE_REQUEST,(269) 657-8228,,https://vanburencountymi.gov/departments/departments-offices/treasurer,Call county office and request excess proceeds list. Ask: 1) Do you have an excess proceeds or surplus funds list? 2) Can you email it to claim@usforeclosurerecovery.com? 3) Is it available online?,NOT STARTED,,
LOW,MI,Washtenaw,EMAIL_FOIA,(734) 222-6600,taxes@washtenaw.org,,"Send FOIA email requesting current excess proceeds/surplus funds list for Washtenaw, Michigan. Ask for Excel/PDF format. Template in county_email_outreach.py.",NOT STARTED,,
LOW,MI,Wayne,EMAIL_FOIA,(313) 224-5990,taxinfo@waynecountymi.gov,https://www.waynecountymi.gov/Government/Elected-Officials/Treasurer,"Send FOIA email requesting current excess proceeds/surplus funds list for Wayne, Michigan. Ask for Excel/PDF format. Template in county_email_outreach.py.",NOT STARTED,,
LOW,MI,Wexford,PHONE_REQUEST,(231) 885-2339,,https://wexfordcounty.org,Call county office and request excess proceeds list. Ask: 1) Do you have an excess proceeds or surplus funds list? 2) Can you email it to claim@usforeclosurerecovery.com? 3) Is it available online?,NOT STARTED,,
HIGH,MN,Aitkin,EMAIL_FOIA,(218) 927-7325,aitkinclerk@gmail.com,https://www.co.aitkin.mn.us/directory,"Send FOIA email requesting current excess proceeds/surplus funds list for Aitkin, Minnesota. Ask for Excel/PDF format. Template in county_email_outreach.py.",NOT STARTED,,
HIGH,MN,Anoka,EMAIL_FOIA,(763) 323-5400,proptax@anokacountymn.gov,https://www.anokacountymn.gov/1067/Property-Records-Taxation,"Send FOIA email requesting current excess proceeds/surplus funds list for Anoka, Minnesota. Ask for Excel/PDF format. Template in county_email_outreach.py.",NOT STARTED,,
HIGH,MN,Becker,PHONE_REQUEST,(218) 846-7311,,https://www.co.becker.mn.us/dept/auditor_treasurer,Call county office and request excess proceeds list. Ask: 1) Do you have an excess proceeds or surplus funds list? 2) Can you email it to claim@usforeclosurerecovery.com? 3) Is it available online?,NOT STARTED,,
HIGH,MN,Beltrami,EMAIL_FOIA,(218) 333-8448,webmaster@co.beltrami.mn.us,https://www.co.beltrami.mn.us/departments/auditor-treasurer,"Send FOIA email requesting current excess proceeds/surplus funds list for Beltrami, Minnesota. Ask for Excel/PDF format. Template in county_email_outreach.py.",NOT STARTED,,
HIGH,MN,Benton,EMAIL_FOIA,(320) 968-5006,treasurer@co.benton.mn.us,https://www.co.benton.mn.us/directory.aspx?EID=89,"Send FOIA email requesting current excess proceeds/surplus funds list for Benton, Minnesota. Ask for Excel/PDF format. Template in county_email_outreach.py.",NOT STARTED,,
MEDIUM,MN,Big Stone,PHONE_REQUEST,(320) 839-6366,,https://bigstonecounty.gov/departments/auditor-treasurer,Call county office and request excess proceeds list. Ask: 1) Do you have an excess proceeds or surplus funds list? 2) Can you email it to claim@usforeclosurerecovery.com? 3) Is it available online?,NOT STARTED,,
MEDIUM,MN,Blue Earth,EMAIL_FOIA,(507) 304-4251,taxhelp@blueearthcountymn.gov,https://www.blueearthcountymn.gov/411/Taxation,"Send FOIA email requesting current excess proceeds/surplus funds list for Blue Earth, Minnesota. Ask for Excel/PDF format. Template in county_email_outreach.py.",NOT STARTED,,
MEDIUM,MN,Brown,EMAIL_FOIA,(507) 233-6613,bctreasurer@co.brown.mn.us,https://www.browncountymn.gov/172/Auditor-Treasurer,"Send FOIA email requesting current excess proceeds/surplus funds list for Brown, Minnesota. Ask for Excel/PDF format. Template in county_email_outreach.py.",NOT STARTED,,
MEDIUM,MN,Carlton,EMAIL_FOIA,(218) 384-9127,kevin.devriendt@carltoncountymn.gov,https://www.carltoncountymn.gov/153/Auditor-Treasurer,"Send FOIA email requesting current excess proceeds/surplus funds list for Carlton, Minnesota. Ask for Excel/PDF format. Template in county_email_outreach.py.",NOT STARTED,,
MEDIUM,MN,Carver,EMAIL_FOIA,(952) 361-1910,custsvc@carvercountymn.gov,https://www.carvercountymn.gov/departments/property-finance/property-tax,"Send FOIA email requesting current excess proceeds/surplus funds list for Carver, Minnesota. Ask for Excel/PDF format. Template in county_email_outreach.py.",NOT STARTED,,
MEDIUM,MN,Cass,PHONE_REQUEST,(218) 547-7260,,https://www.casscountymn.gov/directory.aspx?did=25,Call county office and request excess proceeds list. Ask: 1) Do you have an excess proceeds or surplus funds list? 2) Can you email it to claim@usforeclosurerecovery.com? 3) Is it available online?,NOT STARTED,,
MEDIUM,MN,Chippewa,PHONE_REQUEST,(320) 269-7447,,https://www.co.chippewa.mn.us/168/AuditorTreasurerCoordinators-Office,Call county office and request excess proceeds list. Ask: 1) Do you have an excess proceeds or surplus funds list? 2) Can you email it to claim@usforeclosurerecovery.com? 3) Is it available online?,NOT STARTED,,
MEDIUM,MN,Chisago,PHONE_REQUEST,(651) 213-8500,,https://www.chisagocountymn.gov/137/Auditor-Treasurer,Call county office and request excess proceeds list. Ask: 1) Do you have an excess proceeds or surplus funds list? 2) Can you email it to claim@usforeclosurerecovery.com? 3) Is it available online?,NOT STARTED,,
MEDIUM,MN,Clay,EMAIL_FOIA,(218) 299-5011,cctreasurer@co.clay.mn.us,https://claycountymn.gov/200/Treasurer,"Send FOIA email requesting current excess proceeds/surplus funds list for Clay, Minnesota. Ask for Excel/PDF format. Template in county_email_outreach.py.",NOT STARTED,,
MEDIUM,MN,Clearwater,EMAIL_FOIA,(218) 694-6130,treasurer@co.clearwater.mn.us,https://www.clearwatercountymn.gov/auditor-treasurer,"Send FOIA email requesting current excess proceeds/surplus funds list for Clearwater, Minnesota. Ask for Excel/PDF format. Template in county_email_outreach.py.",NOT STARTED,,
LOW,MN,Cook,EMAIL_FOIA,(218) 387-3640,Braidy.powers@co.cook.mn.us,https://cookcountymn.gov/government/departments/auditor_treasurer/index.php,"Send FOIA email requesting current excess proceeds/surplus funds list for Cook, Minnesota. Ask for Excel/PDF format. Template in county_email_outreach.py.",NOT STARTED,,
LOW,MN,Cottonwood,EMAIL_FOIA,(507) 831-1342,carolyn.rempel@co.cottonwood.mn.us,https://www.co.cottonwood.mn.us/departments/administrative/auditor_treasurer/,"Send FOIA email requesting current excess proceeds/surplus funds list for Cottonwood, Minnesota. Ask for Excel/PDF format. Template in county_email_outreach.py.",NOT STARTED,,
LOW,MN,Crow Wing,PHONE_REQUEST,(218) 824-1047,,https://www.crowwing.gov/directory.aspx?did=36,Call county office and request excess proceeds list. Ask: 1) Do you have an excess proceeds or surplus funds list? 2) Can you email it to claim@usforeclosurerecovery.com? 3) Is it available online?,NOT STARTED,,
LOW,MN,Dakota,EMAIL_FOIA,(651) 438-4576,taxation@co.dakota.mn.us,http://www.co.dakota.mn.us/HomeProperty/Paying,"Send FOIA email requesting current excess proceeds/surplus funds list for Dakota, Minnesota. Ask for Excel/PDF format. Template in county_email_outreach.py.",NOT STARTED,,
LOW,MN,Dodge,EMAIL_FOIA,(507) 635-6239,dodge.admin@dodgecountymn.gov,https://www.co.dodge.mn.us/services/index.php,"Send FOIA email requesting current excess proceeds/surplus funds list for Dodge, Minnesota. Ask for Excel/PDF format. Template in county_email_outreach.py.",NOT STARTED,,
LOW,MN,Douglas,EMAIL_FOIA,(320) 762-3077,taxdept@co.douglas.mn.us,https://douglascountysheriff.org/FAQ.aspx?QID=74,"Send FOIA email requesting current excess proceeds/surplus funds list for Douglas, Minnesota. Ask for Excel/PDF format. Template in county_email_outreach.py.",NOT STARTED,,
LOW,MN,Faribault,EMAIL_FOIA,(507) 526-6260,jessica.blair@co.faribault.mn.us,https://www.co.faribault.mn.us/auditor-treasurer,"Send FOIA email requesting current excess proceeds/surplus funds list for Faribault, Minnesota. Ask for Excel/PDF format. Template in county_email_outreach.py.",NOT STARTED,,
LOW,MN,Fillmore,EMAIL_FOIA,(507) 765-3811,auditor@co.fillmore.mn.us,https://www.co.fillmore.mn.us/departments/auditor_treasurer/index.php,"Send FOIA email requesting current excess proceeds/surplus funds list for Fillmore, Minnesota. Ask for Excel/PDF format. Template in county_email_outreach.py.",NOT STARTED,,
LOW,MN,Freeborn,PHONE_REQUEST,(507) 377-5121,,https://goodhuecountymn.gov/finance/auditor_treasurer,Call county office and request excess proceeds list. Ask: 1) Do you have an excess proceeds or surplus funds list? 2) Can you email it to claim@usforeclosurerecovery.com? 3) Is it available online?,NOT STARTED,,
LOW,MN,Grant,EMAIL_FOIA,(218) 685-8251,Treas@grantcountymn.gov,https://www.co.grant.mn.us/Directory.aspx?did=19,"Send FOIA email requesting current excess proceeds/surplus funds list for Grant, Minnesota. Ask for Excel/PDF format. Template in county_email_outreach.py.",NOT STARTED,,
LOW,MN,Hennepin,EMAIL_FOIA,(612) 348-3011,taxinfo@hennepin.us,https://www.hennepin.us/en/residents/property/property-tax-payment-options,"Send FOIA email requesting current excess proceeds/surplus funds list for Hennepin, Minnesota. Ask for Excel/PDF format. Template in county_email_outreach.py.",NOT STARTED,,
LOW,MN,Houston,EMAIL_FOIA,(507) 725-5803,PropTax.Admin@state.mn.us,https://www.co.houston.mn.us/departments/auditor-treasurer,"Send FOIA email requesting current excess proceeds/surplus funds list for Houston, Minnesota. Ask for Excel/PDF format. Template in county_email_outreach.py.",NOT STARTED,,
LOW,MN,Hubbard,PHONE_REQUEST,(218) 732-3196,,https://www.co.hubbard.mn.us/auditor_treasurer,Call county office and request excess proceeds list. Ask: 1) Do you have an excess proceeds or surplus funds list? 2) Can you email it to claim@usforeclosurerecovery.com? 3) Is it available online?,NOT STARTED,,
LOW,MN,Isanti,EMAIL_FOIA,(763) 689-1644,propertytax@co.isanti.mn.us,https://www.isanticountymn.gov/151/Auditor-Treasurer,"Send FOIA email requesting current excess proceeds/surplus funds list for Isanti, Minnesota. Ask for Excel/PDF format. Template in county_email_outreach.py.",NOT STARTED,,
LOW,MN,Itasca,PHONE_REQUEST,(218) 327-2860,,https://www.co.itasca.mn.us/177/AuditorTreasurers-Office,Call county office and request excess proceeds list. Ask: 1) Do you have an excess proceeds or surplus funds list? 2) Can you email it to claim@usforeclosurerecovery.com? 3) Is it available online?,NOT STARTED,,
LOW,MN,Jackson,EMAIL_FOIA,(507) 847-2763,auditor@co.jackson.mn.us,https://jacksoncountymn.gov/auditor,"Send FOIA email requesting current excess proceeds/surplus funds list for Jackson, Minnesota. Ask for Excel/PDF format. Template in county_email_outreach.py.",NOT STARTED,,
LOW,MN,Kanabec,EMAIL_FOIA,(320) 679-6430,auditor@co.kanabec.mn.us,https://www.kanabeccounty.org/departments/auditor_treasurer.php,"Send FOIA email requesting current excess proceeds/surplus funds list for Kanabec, Minnesota. Ask for Excel/PDF format. Template in county_email_outreach.py.",NOT STARTED,,
LOW,MN,Kandiyohi,EMAIL_FOIA,(320) 231-6202,goldie.smith@atwatermn.gov,https://www.kcmn.us/departments/auditor_treasurer/index.php,"Send FOIA email requesting current excess proceeds/surplus funds list for Kandiyohi, Minnesota. Ask for Excel/PDF format. Template in county_email_outreach.py.",NOT STARTED,,
LOW,MN,Kittson,EMAIL_FOIA,(218) 843-3432,aklecker@co.kittson.mn.us,https://www.co.kittson.mn.us/government/departments/taxpayer_services.php,"Send FOIA email requesting current excess proceeds/surplus funds list for Kittson, Minnesota. Ask for Excel/PDF format. Template in county_email_outreach.py.",NOT STARTED,,
LOW,MN,Koochiching,PHONE_REQUEST,(218) 283-1112,,https://www.co.koochiching.mn.us/159/Auditor-Treasurer,Call county office and request excess proceeds list. Ask: 1) Do you have an excess proceeds or surplus funds list? 2) Can you email it to claim@usforeclosurerecovery.com? 3) Is it available online?,NOT STARTED,,
LOW,MN,Lac qui Parle,EMAIL_FOIA,(320) 598-3648,jdolson@farmerstel.net,https://www.popecountymn.gov/auditor-treasurer/contact,"Send FOIA email requesting current excess proceeds/surplus funds list for Lac qui Parle, Minnesota. Ask for Excel/PDF format. Template in county_email_outreach.py.",NOT STARTED,,
LOW,MN,Lake,EMAIL_FOIA,(218) 834-8428,Ronelle.Radle@co.lake.mn.us,https://www.co.lake.mn.us/person-category/auditor,"Send FOIA email requesting current excess proceeds/surplus funds list for Lake, Minnesota. Ask for Excel/PDF format. Template in county_email_outreach.py.",NOT STARTED,,
LOW,MN,Lake of the Woods,PHONE_REQUEST,(218) 634-2836,,https://www.co.lake-of-the-woods.mn.us/auditor,Call county office and request excess proceeds list. Ask: 1) Do you have an excess proceeds or surplus funds list? 2) Can you email it to claim@usforeclosurerecovery.com? 3) Is it available online?,NOT STARTED,,
LOW,MN,Le Sueur,PHONE_REQUEST,(507) 357-2251,,https://lesueurcounty.gov/185/Auditor-Treasurer-Office,Call county office and request excess proceeds list. Ask: 1) Do you have an excess proceeds or surplus funds list? 2) Can you email it to claim@usforeclosurerecovery.com? 3) Is it available online?,NOT STARTED,,
LOW,MN,Lincoln,EMAIL_FOIA,(507) 694-1134,DVierhuf@lincolncountymn.gov,https://www.co.lincoln.mn.us/departments_agencies/auditor_-_treasurer/index.php,"Send FOIA email requesting current excess proceeds/surplus funds list for Lincoln, Minnesota. Ask for Excel/PDF format. Template in county_email_outreach.py.",NOT STARTED,,
LOW,MN,Lyon,EMAIL_FOIA,(507) 537-6724,propertytax@co.lyon.mn.us,https://publicrecords.netronline.com/state/MN/county/lyon,"Send FOIA email requesting current excess proceeds/surplus funds list for Lyon, Minnesota. Ask for Excel/PDF format. Template in county_email_outreach.py.",NOT STARTED,,
LOW,MN,Mahnomen,PHONE_REQUEST,(218) 935-5528,,https://co.mahnomen.mn.us/department/departments_i_z/treasurer/index.php,Call county office and request excess proceeds list. Ask: 1) Do you have an excess proceeds or surplus funds list? 2) Can you email it to claim@usforeclosurerecovery.com? 3) Is it available online?,NOT STARTED,,
LOW,MN,Marshall,EMAIL_FOIA,(218) 745-4851,scott.peters@co.marshall.mn.us,https://www.co.marshall.mn.us/departments/auditor-treasurer/index.php,"Send FOIA email requesting current excess proceeds/surplus funds list for Marshall, Minnesota. Ask for Excel/PDF format. Template in county_email_outreach.py.",NOT STARTED,,
LOW,MN,Martin,EMAIL_FOIA,(507) 238-3211,michael.forstner@co.martin.mn.us,https://www.co.martin.mn.us/your_government/departments/auditor_treasurer/index.php,"Send FOIA email requesting current excess proceeds/surplus funds list for Martin, Minnesota. Ask for Excel/PDF format. Template in county_email_outreach.py.",NOT STARTED,,
LOW,MN,McLeod,EMAIL_FOIA,(320) 864-5551,connie.kurtzweg@mcleodcountymn.gov,https://www.mcleodcountymn.gov/government/auditor-treasurer/index.php,"Send FOIA email requesting current excess proceeds/surplus funds list for McLeod, Minnesota. Ask for Excel/PDF format. Template in county_email_outreach.py.",NOT STARTED,,
LOW,MN,Meeker,PHONE_REQUEST,(320) 693-5345,,https://www.co.meeker.mn.us/170/Treasurer,Call county office and request excess proceeds list. Ask: 1) Do you have an excess proceeds or surplus funds list? 2) Can you email it to claim@usforeclosurerecovery.com? 3) Is it available online?,NOT STARTED,,
LOW,MN,Mille Lacs,PHONE_REQUEST,(320) 983-8310,,https://www.millelacs.mn.gov/1242/Auditor-Treasurers-Office,Call county office and request excess proceeds list. Ask: 1) Do you have an excess proceeds or surplus funds list? 2) Can you email it to claim@usforeclosurerecovery.com? 3) Is it available online?,NOT STARTED,,
LOW,MN,Morrison,PHONE_REQUEST,(320) 632-0151,,https://www.morrisoncountymn.gov/218/AUDITOR-TREASURER,Call county office and request excess proceeds list. Ask: 1) Do you have an excess proceeds or surplus funds list? 2) Can you email it to claim@usforeclosurerecovery.com? 3) Is it available online?,NOT STARTED,,
LOW,MN,Mower,EMAIL_FOIA,(507) 437-9457,scott.felten@co.mower.mn.us,https://www.co.mower.mn.us/directory.aspx?EID=70,"Send FOIA email requesting current excess proceeds/surplus funds list for Mower, Minnesota. Ask for Excel/PDF format. Template in county_email_outreach.py.",NOT STARTED,,
LOW,MN,Murray,EMAIL_FOIA,(507) 836-1156,mnewman@co.murray.mn.us,https://www.murraycountymn.com/county_departments/auditor_treasurer/index.php,"Send FOIA email requesting current excess proceeds/surplus funds list for Murray, Minnesota. Ask for Excel/PDF format. Template in county_email_outreach.py.",NOT STARTED,,
LOW,MN,Nicollet,PHONE_REQUEST,(507) 934-7800,,https://www.co.nicollet.mn.us/575/Property-and-Public-Services,Call county office and request excess proceeds list. Ask: 1) Do you have an excess proceeds or surplus funds list? 2) Can you email it to claim@usforeclosurerecovery.com? 3) Is it available online?,NOT STARTED,,
LOW,MN,Nobles,EMAIL_FOIA,(507) 295-5258,AT@co.nobles.mn.us,https://www.co.nobles.mn.us/departments/auditor-treasurer,"Send FOIA email requesting current excess proceeds/surplus funds list for Nobles, Minnesota. Ask for Excel/PDF format. Template in county_email_outreach.py.",NOT STARTED,,
LOW,MN,Norman,EMAIL_FOIA,(218) 784-5471,amanda.riegert@normanmn.gov,https://www.co.norman.mn.us/residents___visitors/department_phone_numbers_.php,"Send FOIA email requesting current excess proceeds/surplus funds list for Norman, Minnesota. Ask for Excel/PDF format. Template in county_email_outreach.py.",NOT STARTED,,
LOW,MN,Olmsted,EMAIL_FOIA,(507) 328-7676,propertyweb@co.olmsted.mn.us,https://publicaccess.co.olmsted.mn.us/Forms/ContactUs.aspx,"Send FOIA email requesting current excess proceeds/surplus funds list for Olmsted, Minnesota. Ask for Excel/PDF format. Template in county_email_outreach.py.",NOT STARTED,,
LOW,MN,Otter Tail,EMAIL_FOIA,(218) 998-8295,treasurer@ottertailcounty.gov,https://ottertailcounty.gov/department/treasurer,"Send FOIA email requesting current excess proceeds/surplus funds list for Otter Tail, Minnesota. Ask for Excel/PDF format. Template in county_email_outreach.py.",NOT STARTED,,
LOW,MN,Pennington,EMAIL_FOIA,(218) 683-7000,jmherzberg@co.pennington.mn.us,https://co.pennington.mn.us/index.php/services/treasurer,"Send FOIA email requesting current excess proceeds/surplus funds list for Pennington, Minnesota. Ask for Excel/PDF format. Template in county_email_outreach.py.",NOT STARTED,,
LOW,MN,Pine,PHONE_REQUEST,(320) 591-1670,,https://www.pinecountymn.gov/departments/treasurer/index.php,Call county office and request excess proceeds list. Ask: 1) Do you have an excess proceeds or surplus funds list? 2) Can you email it to claim@usforeclosurerecovery.com? 3) Is it available online?,NOT STARTED,,
LOW,MN,Pipestone,EMAIL_FOIA,(507) 825-1130,amanda.sandy@pcmn.us,https://www.pipestone-county.com/government/departments/treasurer/index.php,"Send FOIA email requesting current excess proceeds/surplus funds list for Pipestone, Minnesota. Ask for Excel/PDF format. Template in county_email_outreach.py.",NOT STARTED,,
LOW,MN,Polk,EMAIL_FOIA,(218) 281-2554,heather.ellis@co.polk.mn.gov,https://www.polkcountymn.gov/directory.aspx?did=19,"Send FOIA email requesting current excess proceeds/surplus funds list for Polk, Minnesota. Ask for Excel/PDF format. Template in county_email_outreach.py.",NOT STARTED,,
LOW,MN,Pope,PHONE_REQUEST,(320) 634-7706,,https://www.popecountymn.gov/auditor-treasurer,Call county office and request excess proceeds list. Ask: 1) Do you have an excess proceeds or surplus funds list? 2) Can you email it to claim@usforeclosurerecovery.com? 3) Is it available online?,NOT STARTED,,
LOW,MN,Ramsey,PHONE_REQUEST,(701) 662-7021,,https://www.ramseycountynd.gov/169/Treasurer,Call county office and request excess proceeds list. Ask: 1) Do you have an excess proceeds or surplus funds list? 2) Can you email it to claim@usforeclosurerecovery.com? 3) Is it available online?,NOT STARTED,,
LOW,MN,Red Lake,PHONE_REQUEST,(651) 293-0953,,https://www.co.red-lake.mn.us/treasurer,Call county office and request excess proceeds list. Ask: 1) Do you have an excess proceeds or surplus funds list? 2) Can you email it to claim@usforeclosurerecovery.com? 3) Is it available online?,NOT STARTED,,
LOW,MN,Redwood,EMAIL_FOIA,(507) 637-4013,auditor@co.redwood.mn.us,https://redwoodcounty-mn.us/departments/auditor-treasurer,"Send FOIA email requesting current excess proceeds/surplus funds list for Redwood, Minnesota. Ask for Excel/PDF format. Template in county_email_outreach.py.",NOT STARTED,,
LOW,MN,Renville,EMAIL_FOIA,(320) 523-2071,heather.weis@renvillecountymn.gov,https://www.renvillecountymn.gov/directory-page,"Send FOIA email requesting current excess proceeds/surplus funds list for Renville, Minnesota. Ask for Excel/PDF format. Template in county_email_outreach.py.",NOT STARTED,,
LOW,MN,Rice,EMAIL_FOIA,(620) 257-2852,RCPropertytax@ricecountymn.gov,https://www.ricecountymn.gov/232/Property-Taxes,"Send FOIA email requesting current excess proceeds/surplus funds list for Rice, Minnesota. Ask for Excel/PDF format. Template in county_email_outreach.py.",NOT STARTED,,
LOW,MN,Rock,EMAIL_FOIA,(507) 283-5060,ashley.kurtz@co.rock.mn.us,https://www.co.rock.mn.us/department_directory/auditor_treasurer/index.php,"Send FOIA email requesting current excess proceeds/surplus funds list for Rock, Minnesota. Ask for Excel/PDF format. Template in county_email_outreach.py.",NOT STARTED,,
LOW,MN,Roseau,EMAIL_FOIA,(218) 463-1215,melissa.gust@co.roseau.mn.us,https://www.co.roseau.mn.us/government/s_-_z/treasurer/index.php,"Send FOIA email requesting current excess proceeds/surplus funds list for Roseau, Minnesota. Ask for Excel/PDF format. Template in county_email_outreach.py.",NOT STARTED,,
LOW,MN,Scott,EMAIL_FOIA,(952) 496-8115,PropTax.Admin@state.mn.us,https://www.scottcountymn.gov/1163/Property-Taxation-Services,"Send FOIA email requesting current excess proceeds/surplus funds list for Scott, Minnesota. Ask for Excel/PDF format. Template in county_email_outreach.py.",NOT STARTED,,
LOW,MN,Sherburne,PHONE_REQUEST,(763) 765-4350,,https://www.co.sherburne.mn.us/182/Auditor-Treasurer,Call county office and request excess proceeds list. Ask: 1) Do you have an excess proceeds or surplus funds list? 2) Can you email it to claim@usforeclosurerecovery.com? 3) Is it available online?,NOT STARTED,,
LOW,MN,Sibley,PHONE_REQUEST,(507) 237-4070,,https://www.sibleycounty.gov/203/Auditor-Treasurer,Call county office and request excess proceeds list. Ask: 1) Do you have an excess proceeds or surplus funds list? 2) Can you email it to claim@usforeclosurerecovery.com? 3) Is it available online?,NOT STARTED,,
LOW,MN,St. Louis,EMAIL_FOIA,(218) 726-2000,collector@stlouiscountymo.gov,https://stlouiscountymo.gov/st-louis-county-departments/revenue/collector-of-revenue,"Send FOIA email requesting current excess proceeds/surplus funds list for St. Louis, Minnesota. Ask for Excel/PDF format. Template in county_email_outreach.py.",NOT STARTED,,
LOW,MN,Stearns,EMAIL_FOIA,(320) 656-3870,auditor.email@stearnscountymn.gov,https://www.stearnscountymn.gov/188/Treasurers-Office,"Send FOIA email requesting current excess proceeds/surplus funds list for Stearns, Minnesota. Ask for Excel/PDF format. Template in county_email_outreach.py.",NOT STARTED,,
LOW,MN,Steele,EMAIL_FOIA,(507) 444-7420,treasurer@co.steele.mn.us,https://www.steelecountymn.gov/treasurer/index.php,"Send FOIA email requesting current excess proceeds/surplus funds list for Steele, Minnesota. Ask for Excel/PDF format. Template in county_email_outreach.py.",NOT STARTED,,
LOW,MN,Stevens,PHONE_REQUEST,(320) 208-6570,,https://www.co.stevens.mn.us/Directory.aspx,Call county office and request excess proceeds list. Ask: 1) Do you have an excess proceeds or surplus funds list? 2) Can you email it to claim@usforeclosurerecovery.com? 3) Is it available online?,NOT STARTED,,
LOW,MN,Swift,PHONE_REQUEST,(320) 843-3544,,https://swiftcounty.gov,Call county office and request excess proceeds list. Ask: 1) Do you have an excess proceeds or surplus funds list? 2) Can you email it to claim@usforeclosurerecovery.com? 3) Is it available online?,NOT STARTED,,
LOW,MN,Todd,EMAIL_FOIA,(320) 732-4469,denise.gaida@co.todd.mn.us,https://www.toddcountymn.gov/government/departments/auditor_and_treasurer/index.php,"Send FOIA email requesting current excess proceeds/surplus funds list for Todd, Minnesota. Ask for Excel/PDF format. Template in county_email_outreach.py.",NOT STARTED,,
LOW,MN,Traverse,EMAIL_FOIA,(320) 422-7740,kit.johnson@traversecountymn.gov,https://www.co.traverse.mn.us/departments/departments/auditortreasurer,"Send FOIA email requesting current excess proceeds/surplus funds list for Traverse, Minnesota. Ask for Excel/PDF format. Template in county_email_outreach.py.",NOT STARTED,,
LOW,MN,Wabasha,EMAIL_FOIA,(651) 565-2648,akiefer@co.wabasha.mn.us,https://www.co.wabasha.mn.us/departments/auditor_treasurer/index.php,"Send FOIA email requesting current excess proceeds/surplus funds list for Wabasha, Minnesota. Ask for Excel/PDF format. Template in county_email_outreach.py.",NOT STARTED,,
LOW,MN,Wadena,PHONE_REQUEST,(218) 631-7621,,https://www.co.wadena.mn.us/148/AuditorTreasurer,Call county office and request excess proceeds list. Ask: 1) Do you have an excess proceeds or surplus funds list? 2) Can you email it to claim@usforeclosurerecovery.com? 3) Is it available online?,NOT STARTED,,
LOW,MN,Waseca,EMAIL_FOIA,(507) 835-0620,tspooner@wasecacounty.gov,https://www.wasecacounty.gov/directory.aspx?did=9,"Send FOIA email requesting current excess proceeds/surplus funds list for Waseca, Minnesota. Ask for Excel/PDF format. Template in county_email_outreach.py.",NOT STARTED,,
LOW,MN,Washington,EMAIL_FOIA,(651) 430-6175,taxes@co.washington.mn.us,https://www.washingtoncountymn.gov/680/Property-Tax,"Send FOIA email requesting current excess proceeds/surplus funds list for Washington, Minnesota. Ask for Excel/PDF format. Template in county_email_outreach.py.",NOT STARTED,,
LOW,MN,Watonwan,PHONE_REQUEST,(507) 375-1210,,https://www.co.watonwan.mn.us/214/Treasurer,Call county office and request excess proceeds list. Ask: 1) Do you have an excess proceeds or surplus funds list? 2) Can you email it to claim@usforeclosurerecovery.com? 3) Is it available online?,NOT STARTED,,
LOW,MN,Wilkin,PHONE_REQUEST,(218) 643-7165,,https://www.co.wilkin.mn.us/directory,Call county office and request excess proceeds list. Ask: 1) Do you have an excess proceeds or surplus funds list? 2) Can you email it to claim@usforeclosurerecovery.com? 3) Is it available online?,NOT STARTED,,
LOW,MN,Winona,EMAIL_FOIA,(507) 457-8830,contactus@winonacounty.gov,https://winonacounty.gov/Directory.aspx?did=9,"Send FOIA email requesting current excess proceeds/surplus funds list for Winona, Minnesota. Ask for Excel/PDF format. Template in county_email_outreach.py.",NOT STARTED,,
LOW,MN,Wright,PHONE_REQUEST,(763) 682-7577,,https://www.co.wright.mn.us/170/Auditor-Treasurer,Call county office and request excess proceeds list. Ask: 1) Do you have an excess proceeds or surplus funds list? 2) Can you email it to claim@usforeclosurerecovery.com? 3) Is it available online?,NOT STARTED,,
LOW,MN,Yellow Medicine,EMAIL_FOIA,(320) 564-3132,Janel.Timm@co.ym.mn.gov,https://www.co.ym.mn.gov/directory,"Send FOIA email requesting current excess proceeds/surplus funds list for Yellow Medicine, Minnesota. Ask for Excel/PDF format. Template in county_email_outreach.py.",NOT STARTED,,
HIGH,MO,Adair,PHONE_REQUEST,(660) 665-6755,,https://adaircountymissouri.com/departments/treasurer,Call county office and request excess proceeds list. Ask: 1) Do you have an excess proceeds or surplus funds list? 2) Can you email it to claim@usforeclosurerecovery.com? 3) Is it available online?,NOT STARTED,,
HIGH,MO,Andrew,EMAIL_FOIA,(816) 324-3614,treasurer@andrewcountymo.gov,https://andrewcounty.org/offices/treasurer,"Send FOIA email requesting current excess proceeds/surplus funds list for Andrew, Missouri. Ask for Excel/PDF format. Template in county_email_outreach.py.",NOT STARTED,,
HIGH,MO,Atchison,EMAIL_FOIA,(660) 744-2800,treasurer@atchisoncountymo.gov,https://www.mocounties.com/atchison-county,"Send FOIA email requesting current excess proceeds/surplus funds list for Atchison, Missouri. Ask for Excel/PDF format. Template in county_email_outreach.py.",NOT STARTED,,
HIGH,MO,Audrain,EMAIL_FOIA,(573) 473-5826,pmeyers@audraincounty.org,https://www.audraincounty.org/treasurer,"Send FOIA email requesting current excess proceeds/surplus funds list for Audrain, Missouri. Ask for Excel/PDF format. Template in county_email_outreach.py.",NOT STARTED,,
HIGH,MO,Barry,EMAIL_FOIA,(417) 847-2113,gretta@barrycountygov.com,https://barrycountycollector.com,"Send FOIA email requesting current excess proceeds/surplus funds list for Barry, Missouri. Ask for Excel/PDF format. Template in county_email_outreach.py.",NOT STARTED,,
MEDIUM,MO,Barton,PHONE_REQUEST,(417) 682-5881,,https://countyofbarton.gov/collector-treasurer-1,Call county office and request excess proceeds list. Ask: 1) Do you have an excess proceeds or surplus funds list? 2) Can you email it to claim@usforeclosurerecovery.com? 3) Is it available online?,NOT STARTED,,
MEDIUM,MO,Bates,PHONE_REQUEST,(660) 679-3341,,https://batescounty.net/bates-county-collector-treasurers-office,Call county office and request excess proceeds list. Ask: 1) Do you have an excess proceeds or surplus funds list? 2) Can you email it to claim@usforeclosurerecovery.com? 3) Is it available online?,NOT STARTED,,
MEDIUM,MO,Benton,EMAIL_FOIA,(660) 438-6313,rebecca.minks@bentoncomo.com,https://www.bentoncountycollector.com,"Send FOIA email requesting current excess proceeds/surplus funds list for Benton, Missouri. Ask for Excel/PDF format. Template in county_email_outreach.py.",NOT STARTED,,
MEDIUM,MO,Bollinger,EMAIL_FOIA,(573) 238-1900,treasurer@bocogov.com,https://www.mocounties.com/bollinger-county,"Send FOIA email requesting current excess proceeds/surplus funds list for Bollinger, Missouri. Ask for Excel/PDF format. Template in county_email_outreach.py.",NOT STARTED,,
MEDIUM,MO,Boone,EMAIL_FOIA,(573) 886-4365,assessor@boonemo.gov,https://www.boonemo.gov/contact-officials.asp,"Send FOIA email requesting current excess proceeds/surplus funds list for Boone, Missouri. Ask for Excel/PDF format. Template in county_email_outreach.py.",NOT STARTED,,
MEDIUM,MO,Buchanan,EMAIL_FOIA,(816) 271-1432,dgall@co.buchanan.mo.us,https://www.co.buchanan.mo.us/treasurers-office,"Send FOIA email requesting current excess proceeds/surplus funds list for Buchanan, Missouri. Ask for Excel/PDF format. Template in county_email_outreach.py.",NOT STARTED,,
MEDIUM,MO,Butler,EMAIL_FOIA,(573) 686-8083,pmbutler@tcmax.net,https://butlercountymo.com/treasurer,"Send FOIA email requesting current excess proceeds/surplus funds list for Butler, Missouri. Ask for Excel/PDF format. Template in county_email_outreach.py.",NOT STARTED,,
MEDIUM,MO,Caldwell,EMAIL_FOIA,(816) 586-2781,cctreasurer13@gmail.com,https://stc.mo.gov/wp-content/uploads/sites/5/2023/07/Collectors.pdf,"Send FOIA email requesting current excess proceeds/surplus funds list for Caldwell, Missouri. Ask for Excel/PDF format. Template in county_email_outreach.py.",NOT STARTED,,
MEDIUM,MO,Callaway,PHONE_REQUEST,(573) 642-0770,,https://callawaycounty.org/treasurer,Call county office and request excess proceeds list. Ask: 1) Do you have an excess proceeds or surplus funds list? 2) Can you email it to claim@usforeclosurerecovery.com? 3) Is it available online?,NOT STARTED,,
MEDIUM,MO,Camden,EMAIL_FOIA,(573) 317-3970,kendra_hicks@camdencountymo.gov,https://camdencountymo.gov/departments/treasurer,"Send FOIA email requesting current excess proceeds/surplus funds list for Camden, Missouri. Ask for Excel/PDF format. Template in county_email_outreach.py.",NOT STARTED,,
LOW,MO,Cape Girardeau,EMAIL_FOIA,(573) 243-3720,rmaxwell@capecounty.us,https://www.capecounty.us/treasurer,"Send FOIA email requesting current excess proceeds/surplus funds list for Cape Girardeau, Missouri. Ask for Excel/PDF format. Template in county_email_outreach.py.",NOT STARTED,,
LOW,MO,Carroll,EMAIL_FOIA,(660) 542-1977,collector@carrollcountymo.gov,https://www.carrollcountymo.gov/collector-treasurer,"Send FOIA email requesting current excess proceeds/surplus funds list for Carroll, Missouri. Ask for Excel/PDF format. Template in county_email_outreach.py.",NOT STARTED,,
LOW,MO,Carter,PHONE_REQUEST,(573) 323-8271,,https://www.cartercountymosheriff.org/page.php?id=6,Call county office and request excess proceeds list. Ask: 1) Do you have an excess proceeds or surplus funds list? 2) Can you email it to claim@usforeclosurerecovery.com? 3) Is it available online?,NOT STARTED,,
LOW,MO,Cass,EMAIL_FOIA,(816) 380-8105,stevec@casscounty.com,https://www.casscounty.com/2160/Treasurer,"Send FOIA email requesting current excess proceeds/surplus funds list for Cass, Missouri. Ask for Excel/PDF format. Template in county_email_outreach.py.",NOT STARTED,,
LOW,MO,Cedar,PHONE_REQUEST,(417) 276-6700,,https://cedarcountymo.gov/treasurer,Call county office and request excess proceeds list. Ask: 1) Do you have an excess proceeds or surplus funds list? 2) Can you email it to claim@usforeclosurerecovery.com? 3) Is it available online?,NOT STARTED,,
LOW,MO,Chariton,EMAIL_FOIA,(660) 288-3789,colltreas@charitonco.com,https://www.mocounties.com/chariton-county,"Send FOIA email requesting current excess proceeds/surplus funds list for Chariton, Missouri. Ask for Excel/PDF format. Template in county_email_outreach.py.",NOT STARTED,,
LOW,MO,Christian,PHONE_REQUEST,(417) 582-4348,,https://www.christiancountymo.gov/offices/treasurer,Call county office and request excess proceeds list. Ask: 1) Do you have an excess proceeds or surplus funds list? 2) Can you email it to claim@usforeclosurerecovery.com? 3) Is it available online?,NOT STARTED,,
LOW,MO,Clark,EMAIL_FOIA,(660) 727-3272,clarkcountytreasurer@gmail.com,https://clarkcountymo.org/county-offices/treasurer,"Send FOIA email requesting current excess proceeds/surplus funds list for Clark, Missouri. Ask for Excel/PDF format. Template in county_email_outreach.py.",NOT STARTED,,
LOW,MO,Clay,PHONE_REQUEST,(816) 407-3540,,https://www.claycountymo.gov/270/County-Treasurer,Call county office and request excess proceeds list. Ask: 1) Do you have an excess proceeds or surplus funds list? 2) Can you email it to claim@usforeclosurerecovery.com? 3) Is it available online?,NOT STARTED,,
LOW,MO,Clinton,EMAIL_FOIA,(816) 539-3724,treasoffice@clintoncomo.gov,https://www.mocounties.com/clinton-county,"Send FOIA email requesting current excess proceeds/surplus funds list for Clinton, Missouri. Ask for Excel/PDF format. Template in county_email_outreach.py.",NOT STARTED,,
LOW,MO,Cole,PHONE_REQUEST,(573) 634-9121,,https://www.colecounty.org/275/Treasurer,Call county office and request excess proceeds list. Ask: 1) Do you have an excess proceeds or surplus funds list? 2) Can you email it to claim@usforeclosurerecovery.com? 3) Is it available online?,NOT STARTED,,
LOW,MO,Cooper,PHONE_REQUEST,(660) 882-0451,,https://www.coopercountymo.gov/treasurer.html,Call county office and request excess proceeds list. Ask: 1) Do you have an excess proceeds or surplus funds list? 2) Can you email it to claim@usforeclosurerecovery.com? 3) Is it available online?,NOT STARTED,,
LOW,MO,Crawford,EMAIL_FOIA,(573) 775-7668,crawfordtreasurer@gmail.com,https://crawfordcountymo.net/treasurer,"Send FOIA email requesting current excess proceeds/surplus funds list for Crawford, Missouri. Ask for Excel/PDF format. Template in county_email_outreach.py.",NOT STARTED,,
LOW,MO,Dade,EMAIL_FOIA,(417) 238-2400,scrouch@dadecountymo.gov,https://www.dadecountymo.gov/collector,"Send FOIA email requesting current excess proceeds/surplus funds list for Dade, Missouri. Ask for Excel/PDF format. Template in county_email_outreach.py.",NOT STARTED,,
LOW,MO,Dallas,EMAIL_FOIA,(417) 345-7836,propertytax@dallascounty.org,https://missouricountyoffices.com/dallas/treasurer-tax-collector-offices,"Send FOIA email requesting current excess proceeds/surplus funds list for Dallas, Missouri. Ask for Excel/PDF format. Template in county_email_outreach.py.",NOT STARTED,,
LOW,MO,Daviess,EMAIL_FOIA,(660) 663-3300,colltreas@daviesscountymo.gov,https://www.daviesscountymo.gov/officials,"Send FOIA email requesting current excess proceeds/surplus funds list for Daviess, Missouri. Ask for Excel/PDF format. Template in county_email_outreach.py.",NOT STARTED,,
LOW,MO,DeKalb,EMAIL_FOIA,(816) 449-5810,treasurer@dekalbcounty.org,http://www.dekalbcountycollector.com,"Send FOIA email requesting current excess proceeds/surplus funds list for DeKalb, Missouri. Ask for Excel/PDF format. Template in county_email_outreach.py.",NOT STARTED,,
LOW,MO,Dent,PHONE_REQUEST,(573) 729-8260,,https://www.mocounties.com/dent-county,Call county office and request excess proceeds list. Ask: 1) Do you have an excess proceeds or surplus funds list? 2) Can you email it to claim@usforeclosurerecovery.com? 3) Is it available online?,NOT STARTED,,
LOW,MO,Douglas,EMAIL_FOIA,(417) 683-2183,treasurer@getgoin.net,https://douglascountycollector.com,"Send FOIA email requesting current excess proceeds/surplus funds list for Douglas, Missouri. Ask for Excel/PDF format. Template in county_email_outreach.py.",NOT STARTED,,
LOW,MO,Dunklin,PHONE_REQUEST,(573) 888-2180,,https://dunklincounty.org/dunklin-county-collector-treasurer,Call county office and request excess proceeds list. Ask: 1) Do you have an excess proceeds or surplus funds list? 2) Can you email it to claim@usforeclosurerecovery.com? 3) Is it available online?,NOT STARTED,,
LOW,MO,Franklin,EMAIL_FOIA,(636) 583-6311,treasurer@franklinmo.gov,https://www.franklincountypa.gov/faqs/can-i-make-tax-payments-online,"Send FOIA email requesting current excess proceeds/surplus funds list for Franklin, Missouri. Ask for Excel/PDF format. Template in county_email_outreach.py.",NOT STARTED,,
LOW,MO,Gasconade,PHONE_REQUEST,(573) 486-2711,,https://gasconadecounty.org/county-officials,Call county office and request excess proceeds list. Ask: 1) Do you have an excess proceeds or surplus funds list? 2) Can you email it to claim@usforeclosurerecovery.com? 3) Is it available online?,NOT STARTED,,
LOW,MO,Gentry,EMAIL_FOIA,(660) 726-3319,gentrycocoll@windstream.net,https://gentrycounty.net/index.php/elected-officials,"Send FOIA email requesting current excess proceeds/surplus funds list for Gentry, Missouri. Ask for Excel/PDF format. Template in county_email_outreach.py.",NOT STARTED,,
LOW,MO,Greene,EMAIL_FOIA,(417) 868-4051,jrhill@greenecountymo.gov,https://greenecountymo.gov/treasurer,"Send FOIA email requesting current excess proceeds/surplus funds list for Greene, Missouri. Ask for Excel/PDF format. Template in county_email_outreach.py.",NOT STARTED,,
LOW,MO,Grundy,EMAIL_FOIA,(660) 359-4040,treasurer@grundycountymo.com,https://grundycountymo.com/wordpress/collector-treasurer,"Send FOIA email requesting current excess proceeds/surplus funds list for Grundy, Missouri. Ask for Excel/PDF format. Template in county_email_outreach.py.",NOT STARTED,,
LOW,MO,Harrison,EMAIL_FOIA,(660) 425-6442,treasurer@harrisoncountymo.com,https://stc.mo.gov/wp-content/uploads/sites/5/2023/07/Collectors.pdf,"Send FOIA email requesting current excess proceeds/surplus funds list for Harrison, Missouri. Ask for Excel/PDF format. Template in county_email_outreach.py.",NOT STARTED,,
LOW,MO,Henry,EMAIL_FOIA,(660) 885-7207,henry@sos.mo.gov,https://www.henrycountycollector.com,"Send FOIA email requesting current excess proceeds/surplus funds list for Henry, Missouri. Ask for Excel/PDF format. Template in county_email_outreach.py.",NOT STARTED,,
LOW,MO,Hickory,EMAIL_FOIA,(417) 745-6310,collector@hickorycountymo.org,https://www.mocounties.com/hickory-county,"Send FOIA email requesting current excess proceeds/surplus funds list for Hickory, Missouri. Ask for Excel/PDF format. Template in county_email_outreach.py.",NOT STARTED,,
LOW,MO,Holt,EMAIL_FOIA,(660) 446-3397,treas@ofmlive.net,https://holtcounty.org/county-offices/treasurer,"Send FOIA email requesting current excess proceeds/surplus funds list for Holt, Missouri. Ask for Excel/PDF format. Template in county_email_outreach.py.",NOT STARTED,,
LOW,MO,Howard,PHONE_REQUEST,(660) 248-2196,,https://www.mocounties.com/howard-county,Call county office and request excess proceeds list. Ask: 1) Do you have an excess proceeds or surplus funds list? 2) Can you email it to claim@usforeclosurerecovery.com? 3) Is it available online?,NOT STARTED,,
LOW,MO,Howell,EMAIL_FOIA,(417) 256-4261,nfrantz@howellcountymo.gov,https://howellcounty.net/directory,"Send FOIA email requesting current excess proceeds/surplus funds list for Howell, Missouri. Ask for Excel/PDF format. Template in county_email_outreach.py.",NOT STARTED,,
LOW,MO,Iron,PHONE_REQUEST,(573) 546-7611,,https://ironcountymo.gov/county-treasurer,Call county office and request excess proceeds list. Ask: 1) Do you have an excess proceeds or surplus funds list? 2) Can you email it to claim@usforeclosurerecovery.com? 3) Is it available online?,NOT STARTED,,
LOW,MO,Jackson,PHONE_REQUEST,(816) 881-3232,,https://www.kctv5.com/2025/11/05/jackson-county-voters-make-assessor-an-elected-role-heres-,Call county office and request excess proceeds list. Ask: 1) Do you have an excess proceeds or surplus funds list? 2) Can you email it to claim@usforeclosurerecovery.com? 3) Is it available online?,NOT STARTED,,
LOW,MO,Jasper,PHONE_REQUEST,(417) 358-0484,,https://www.jaspercountymo.gov/treasurer,Call county office and request excess proceeds list. Ask: 1) Do you have an excess proceeds or surplus funds list? 2) Can you email it to claim@usforeclosurerecovery.com? 3) Is it available online?,NOT STARTED,,
LOW,MO,Jefferson,EMAIL_FOIA,(636) 797-5368,treasurer@jeffco.us,https://www.jeffco.us/809/Treasurer,"Send FOIA email requesting current excess proceeds/surplus funds list for Jefferson, Missouri. Ask for Excel/PDF format. Template in county_email_outreach.py.",NOT STARTED,,
LOW,MO,Johnson,PHONE_REQUEST,(660) 747-7411,,https://cityofkn.net/residents/county-services,Call county office and request excess proceeds list. Ask: 1) Do you have an excess proceeds or surplus funds list? 2) Can you email it to claim@usforeclosurerecovery.com? 3) Is it available online?,NOT STARTED,,
LOW,MO,Knox,EMAIL_FOIA,(660) 397-3364,knoxcountytreasurer@knoxcountymo.gov,https://www.mocounties.com/knox-county,"Send FOIA email requesting current excess proceeds/surplus funds list for Knox, Missouri. Ask for Excel/PDF format. Template in county_email_outreach.py.",NOT STARTED,,
LOW,MO,Laclede,EMAIL_FOIA,(417) 532-4741,treasurer@lacledecountymissouri.org,https://lacledecountyclerk.org/county-directory,"Send FOIA email requesting current excess proceeds/surplus funds list for Laclede, Missouri. Ask for Excel/PDF format. Template in county_email_outreach.py.",NOT STARTED,,
LOW,MO,Lafayette,EMAIL_FOIA,(660) 259-3711,j.jellum@lafayettecountymo.gov,https://lafayettecountymo.gov/services/treasurer.php,"Send FOIA email requesting current excess proceeds/surplus funds list for Lafayette, Missouri. Ask for Excel/PDF format. Template in county_email_outreach.py.",NOT STARTED,,
LOW,MO,Lawrence,EMAIL_FOIA,(417) 466-2662,treasurer@lawrencecountymo.gov,https://www.lawrencecountymo.org/treasurer,"Send FOIA email requesting current excess proceeds/surplus funds list for Lawrence, Missouri. Ask for Excel/PDF format. Template in county_email_outreach.py.",NOT STARTED,,
LOW,MO,Lewis,PHONE_REQUEST,(573) 767-5446,,https://lewiscountymo.org,Call county office and request excess proceeds list. Ask: 1) Do you have an excess proceeds or surplus funds list? 2) Can you email it to claim@usforeclosurerecovery.com? 3) Is it available online?,NOT STARTED,,
LOW,MO,Lincoln,EMAIL_FOIA,(575) 648-2397,treasurer@lincolncountynm.gov,https://www.lincolncountynm.gov/government/elected_officials/county_treasurer/,"Send FOIA email requesting current excess proceeds/surplus funds list for Lincoln, Missouri. Ask for Excel/PDF format. Template in county_email_outreach.py.",NOT STARTED,,
LOW,MO,Linn,EMAIL_FOIA,(660) 895-5410,lccoll@grm.net,https://www.mocounties.com/linn-county,"Send FOIA email requesting current excess proceeds/surplus funds list for Linn, Missouri. Ask for Excel/PDF format. Template in county_email_outreach.py.",NOT STARTED,,
LOW,MO,Livingston,PHONE_REQUEST,(660) 646-8000,,https://livingstoncountymo.gov/treasurercollector,Call county office and request excess proceeds list. Ask: 1) Do you have an excess proceeds or surplus funds list? 2) Can you email it to claim@usforeclosurerecovery.com? 3) Is it available online?,NOT STARTED,,
LOW,MO,Macon,EMAIL_FOIA,(660) 385-2713,treasurer@maconcountymo.gov,https://www.maconcountymo.com/county-treasurer,"Send FOIA email requesting current excess proceeds/surplus funds list for Macon, Missouri. Ask for Excel/PDF format. Template in county_email_outreach.py.",NOT STARTED,,
LOW,MO,Madison,EMAIL_FOIA,(573) 783-2176,semorpc@semorpc.org,https://www.troymaryvillecoc.com/list/member/madison-county-treasurer-s-office-424.htm,"Send FOIA email requesting current excess proceeds/surplus funds list for Madison, Missouri. Ask for Excel/PDF format. Template in county_email_outreach.py.",NOT STARTED,,
LOW,MO,Maries,EMAIL_FOIA,(573) 422-3311,treasurer@mariescountymo.gov,https://www.mariescountymo.gov/treasurers-office.html,"Send FOIA email requesting current excess proceeds/surplus funds list for Maries, Missouri. Ask for Excel/PDF format. Template in county_email_outreach.py.",NOT STARTED,,
LOW,MO,Marion,PHONE_REQUEST,(573) 769-2552,,https://marioncountymo.com/departments/treasurer,Call county office and request excess proceeds list. Ask: 1) Do you have an excess proceeds or surplus funds list? 2) Can you email it to claim@usforeclosurerecovery.com? 3) Is it available online?,NOT STARTED,,
LOW,MO,McDonald,EMAIL_FOIA,(417) 223-7514,collector@mcdonaldcountymissouri.gov,https://mcdonaldcountymo.gov/treasurer,"Send FOIA email requesting current excess proceeds/surplus funds list for McDonald, Missouri. Ask for Excel/PDF format. Template in county_email_outreach.py.",NOT STARTED,,
LOW,MO,Mercer,EMAIL_FOIA,(660) 748-3435,mercerco.coll.treas@gmail.com,https://www.taxsaleresources.com/counties/mercer-county-missouri,"Send FOIA email requesting current excess proceeds/surplus funds list for Mercer, Missouri. Ask for Excel/PDF format. Template in county_email_outreach.py.",NOT STARTED,,
LOW,MO,Miller,EMAIL_FOIA,(573) 369-1920,treasurer@millercountymo.org,https://millercountymo.gov/services/treasurer.php,"Send FOIA email requesting current excess proceeds/surplus funds list for Miller, Missouri. Ask for Excel/PDF format. Template in county_email_outreach.py.",NOT STARTED,,
LOW,MO,Mississippi,EMAIL_FOIA,(573) 683-2146,pmoore@misscomo.net,https://www.mocounties.com/mississippi-county,"Send FOIA email requesting current excess proceeds/surplus funds list for Mississippi, Missouri. Ask for Excel/PDF format. Template in county_email_outreach.py.",NOT STARTED,,
LOW,MO,Moniteau,EMAIL_FOIA,(573) 796-4608,treasurer@moniteaucountymo.gov,https://www.moniteaucountycollector.com,"Send FOIA email requesting current excess proceeds/surplus funds list for Moniteau, Missouri. Ask for Excel/PDF format. Template in county_email_outreach.py.",NOT STARTED,,
LOW,MO,Monroe,EMAIL_FOIA,(660) 327-4711,treasurer@monroecountymo.gov,https://www.mo.gov/government/guide-to-missouris-government/office-of-the-state-treasurer,"Send FOIA email requesting current excess proceeds/surplus funds list for Monroe, Missouri. Ask for Excel/PDF format. Template in county_email_outreach.py.",NOT STARTED,,
LOW,MO,Montgomery,EMAIL_FOIA,(573) 564-2319,collector@mcmo.us,https://www.mocounties.com/montgomery-county,"Send FOIA email requesting current excess proceeds/surplus funds list for Montgomery, Missouri. Ask for Excel/PDF format. Template in county_email_outreach.py.",NOT STARTED,,
LOW,MO,Morgan,EMAIL_FOIA,(573) 378-4404,kfrancis@morgancountymo.gov,https://www.morgancountymo.gov,"Send FOIA email requesting current excess proceeds/surplus funds list for Morgan, Missouri. Ask for Excel/PDF format. Template in county_email_outreach.py.",NOT STARTED,,
LOW,MO,New Madrid,PHONE_REQUEST,(573) 748-2329,,http://www.new-madrid.mo.us/38/Resource-Directory,Call county office and request excess proceeds list. Ask: 1) Do you have an excess proceeds or surplus funds list? 2) Can you email it to claim@usforeclosurerecovery.com? 3) Is it available online?,NOT STARTED,,
LOW,MO,Newton,EMAIL_FOIA,(417) 451-8226,rick.geller@newtoncountymo.gov,https://www.newtoncountymo.com/offices.html,"Send FOIA email requesting current excess proceeds/surplus funds list for Newton, Missouri. Ask for Excel/PDF format. Template in county_email_outreach.py.",NOT STARTED,,
LOW,MO,Nodaway,EMAIL_FOIA,(660) 582-4302,nodcollector.treasurer@gmail.com,https://nodawaycountymo.us/county-offices/collector-treasurer,"Send FOIA email requesting current excess proceeds/surplus funds list for Nodaway, Missouri. Ask for Excel/PDF format. Template in county_email_outreach.py.",NOT STARTED,,
LOW,MO,Oregon,EMAIL_FOIA,(417) 778-6303,oregoncountytreasurer@gmail.com,https://www.mocounties.com/oregon-county,"Send FOIA email requesting current excess proceeds/surplus funds list for Oregon, Missouri. Ask for Excel/PDF format. Template in county_email_outreach.py.",NOT STARTED,,
LOW,MO,Osage,EMAIL_FOIA,(573) 897-3095,treasurer@osagecountymo.gov,https://www.osagecountygov.com/county_offices/county_treasurer/index.php,"Send FOIA email requesting current excess proceeds/surplus funds list for Osage, Missouri. Ask for Excel/PDF format. Template in county_email_outreach.py.",NOT STARTED,,
LOW,MO,Ozark,EMAIL_FOIA,(417) 679-3553,ozarkcountytreasurer@gmail.com,https://ozarkcountycollector.com,"Send FOIA email requesting current excess proceeds/surplus funds list for Ozark, Missouri. Ask for Excel/PDF format. Template in county_email_outreach.py.",NOT STARTED,,
LOW,MO,Pemiscot,EMAIL_FOIA,(573) 333-4171,treasurer.pemiscotcounty@gmail.com,https://www.pemiscotcounty.org/treasurer.php,"Send FOIA email requesting current excess proceeds/surplus funds list for Pemiscot, Missouri. Ask for Excel/PDF format. Template in county_email_outreach.py.",NOT STARTED,,
LOW,MO,Perry,EMAIL_FOIA,(573) 547-4502,kschemel@perrycountymo.gov,https://perrycountymo.us/66/Treasurer,"Send FOIA email requesting current excess proceeds/surplus funds list for Perry, Missouri. Ask for Excel/PDF format. Template in county_email_outreach.py.",NOT STARTED,,
LOW,MO,Pettis,EMAIL_FOIA,(660) 826-5000,lynek@pettiscomo.com,https://www.mocounties.com/pettis-county,"Send FOIA email requesting current excess proceeds/surplus funds list for Pettis, Missouri. Ask for Excel/PDF format. Template in county_email_outreach.py.",NOT STARTED,,
LOW,MO,Phelps,EMAIL_FOIA,(573) 458-6130,cathy.tipton@phelpscounty.org,http://www.phelpscounty.org/directory/treasurer,"Send FOIA email requesting current excess proceeds/surplus funds list for Phelps, Missouri. Ask for Excel/PDF format. Template in county_email_outreach.py.",NOT STARTED,,
LOW,MO,Pike,EMAIL_FOIA,(573) 324-2102,oledford@pikecounty-mo.gov,https://pikecountymo.net/treasurer,"Send FOIA email requesting current excess proceeds/surplus funds list for Pike, Missouri. Ask for Excel/PDF format. Template in county_email_outreach.py.",NOT STARTED,,
LOW,MO,Platte,EMAIL_FOIA,(816) 858-1937,allyson.berberich@co.platte.mo.us,https://www.co.platte.mo.us/treasurer,"Send FOIA email requesting current excess proceeds/surplus funds list for Platte, Missouri. Ask for Excel/PDF format. Template in county_email_outreach.py.",NOT STARTED,,
LOW,MO,Polk,EMAIL_FOIA,(417) 326-4913,treasurer@polkcountymo.gov,https://polkcountymo.gov/treasurers-office,"Send FOIA email requesting current excess proceeds/surplus funds list for Polk, Missouri. Ask for Excel/PDF format. Template in county_email_outreach.py.",NOT STARTED,,
LOW,MO,Pulaski,EMAIL_FOIA,(573) 774-4711,publicadmin@pulaskicountymo.org,https://countyinfo.hoursguide.com/pulaski-county-mo-treasurer-tax-collector-office,"Send FOIA email requesting current excess proceeds/surplus funds list for Pulaski, Missouri. Ask for Excel/PDF format. Template in county_email_outreach.py.",NOT STARTED,,
LOW,MO,Putnam,EMAIL_FOIA,(660) 947-2095,jenh@nemr.net,https://www.mo.gov/government/guide-to-missouris-government/office-of-the-state-treasurer,"Send FOIA email requesting current excess proceeds/surplus funds list for Putnam, Missouri. Ask for Excel/PDF format. Template in county_email_outreach.py.",NOT STARTED,,
LOW,MO,Ralls,EMAIL_FOIA,(573) 985-7151,rallstreas@rallscountymo.gov,https://rallscountymo.gov/treasurer,"Send FOIA email requesting current excess proceeds/surplus funds list for Ralls, Missouri. Ask for Excel/PDF format. Template in county_email_outreach.py.",NOT STARTED,,
LOW,MO,Randolph,EMAIL_FOIA,(844) 277-6555,kyle.mayo@randolphcounty-mo.gov,https://randolphcounty-mo.com/departments/randolph-county-treasurer,"Send FOIA email requesting current excess proceeds/surplus funds list for Randolph, Missouri. Ask for Excel/PDF format. Template in county_email_outreach.py.",NOT STARTED,,
LOW,MO,Ray,EMAIL_FOIA,(816) 776-4504,rcc@collector.raycountymo.gov,https://raycountycollectormo.com/contact-us,"Send FOIA email requesting current excess proceeds/surplus funds list for Ray, Missouri. Ask for Excel/PDF format. Template in county_email_outreach.py.",NOT STARTED,,
LOW,MO,Reynolds,PHONE_REQUEST,(573) 648-2494,,http://reynoldscountycollector.com/PersProp.aspx,Call county office and request excess proceeds list. Ask: 1) Do you have an excess proceeds or surplus funds list? 2) Can you email it to claim@usforeclosurerecovery.com? 3) Is it available online?,NOT STARTED,,
LOW,MO,Ripley,EMAIL_FOIA,(573) 996-3903,tlfarms@hotmail.com,https://ripleycountycollector.com,"Send FOIA email requesting current excess proceeds/surplus funds list for Ripley, Missouri. Ask for Excel/PDF format. Template in county_email_outreach.py.",NOT STARTED,,
LOW,MO,Saline,EMAIL_FOIA,(660) 886-3636,treasurer@salinecountymo.gov,https://www.salinecountymo.gov/treasurer,"Send FOIA email requesting current excess proceeds/surplus funds list for Saline, Missouri. Ask for Excel/PDF format. Template in county_email_outreach.py.",NOT STARTED,,
LOW,MO,Schuyler,EMAIL_FOIA,(217) 322-3830,treas85@schuylercountyil.gov,https://www.schuylercounty.org/officials/treasurer-collector,"Send FOIA email requesting current excess proceeds/surplus funds list for Schuyler, Missouri. Ask for Excel/PDF format. Template in county_email_outreach.py.",NOT STARTED,,
LOW,MO,Scotland,EMAIL_FOIA,(660) 465-7705,sccoll@nemr.net,https://www.scotlandcountymo.org/elected-officials,"Send FOIA email requesting current excess proceeds/surplus funds list for Scotland, Missouri. Ask for Excel/PDF format. Template in county_email_outreach.py.",NOT STARTED,,
LOW,MO,Scott,EMAIL_FOIA,(573) 545-3543,localgov@dor.mo.gov,https://www.scottcountymo.com/treasurer.php,"Send FOIA email requesting current excess proceeds/surplus funds list for Scott, Missouri. Ask for Excel/PDF format. Template in county_email_outreach.py.",NOT STARTED,,
LOW,MO,Shannon,EMAIL_FOIA,(573) 226-3051,collector@shannoncounty.gov,https://www.mocounties.com/shannon-county,"Send FOIA email requesting current excess proceeds/surplus funds list for Shannon, Missouri. Ask for Excel/PDF format. Template in county_email_outreach.py.",NOT STARTED,,
LOW,MO,Shelby,EMAIL_FOIA,(573) 633-2574,mike.greenwell@courts.mo.gov,https://shelbycountymo.com/shelby-county,"Send FOIA email requesting current excess proceeds/surplus funds list for Shelby, Missouri. Ask for Excel/PDF format. Template in county_email_outreach.py.",NOT STARTED,,
LOW,MO,St. Charles,EMAIL_FOIA,(636) 949-7470,collector@sccmo.org,https://mo-stcharlescounty.civicplus.com/261/Collector-of-Revenue,"Send FOIA email requesting current excess proceeds/surplus funds list for St. Charles, Missouri. Ask for Excel/PDF format. Template in county_email_outreach.py.",NOT STARTED,,
LOW,MO,St. Clair,EMAIL_FOIA,(417) 646-8068,treasurer@stclaircomo.com,https://www.mo.gov/government/guide-to-missouris-government/office-of-the-state-treasurer,"Send FOIA email requesting current excess proceeds/surplus funds list for St. Clair, Missouri. Ask for Excel/PDF format. Template in county_email_outreach.py.",NOT STARTED,,
LOW,MO,St. Francois,EMAIL_FOIA,(573) 756-3349,treasurer@sfcgov.org,https://www.mocounties.com/st-francois-county,"Send FOIA email requesting current excess proceeds/surplus funds list for St. Francois, Missouri. Ask for Excel/PDF format. Template in county_email_outreach.py.",NOT STARTED,,
LOW,MO,St. Louis,EMAIL_FOIA,(314) 615-5500,Collector@stlouiscountymo.gov,https://stlouiscountymo.gov/st-louis-county-departments/revenue/collector-of-revenue/collector-,"Send FOIA email requesting current excess proceeds/surplus funds list for St. Louis, Missouri. Ask for Excel/PDF format. Template in county_email_outreach.py.",NOT STARTED,,
LOW,MO,St. Louis City,EMAIL_FOIA,(314) 627-2232,collector@stlouiscountymo.gov,https://www.stlouis-mo.gov/government/departments/treasurer/index.cfm,"Send FOIA email requesting current excess proceeds/surplus funds list for St. Louis City, Missouri. Ask for Excel/PDF format. Template in county_email_outreach.py.",NOT STARTED,,
LOW,MO,Ste. Genevieve,EMAIL_FOIA,(573) 883-3000,bkeim@stegenevieve.gov,https://www.stegencounty.gov/treasurer,"Send FOIA email requesting current excess proceeds/surplus funds list for Ste. Genevieve, Missouri. Ask for Excel/PDF format. Template in county_email_outreach.py.",NOT STARTED,,
LOW,MO,Stoddard,PHONE_REQUEST,(573) 568-3327,,https://stoddardcountyclerk.gov/voter-information/links-resources,Call county office and request excess proceeds list. Ask: 1) Do you have an excess proceeds or surplus funds list? 2) Can you email it to claim@usforeclosurerecovery.com? 3) Is it available online?,NOT STARTED,,
LOW,MO,Stone,EMAIL_FOIA,(417) 357-6124,keely.cleland@stonecountymo.gov,https://stonecountycollector.com/contact-us,"Send FOIA email requesting current excess proceeds/surplus funds list for Stone, Missouri. Ask for Excel/PDF format. Template in county_email_outreach.py.",NOT STARTED,,
LOW,MO,Sullivan,EMAIL_FOIA,(660) 265-4514,treascoll@nemr.net,https://www.mocounties.com/sullivan-county,"Send FOIA email requesting current excess proceeds/surplus funds list for Sullivan, Missouri. Ask for Excel/PDF format. Template in county_email_outreach.py.",NOT STARTED,,
LOW,MO,Taney,EMAIL_FOIA,(417) 546-7207,Treasurer@taneycountymo.gov,https://www.taneycounty.org/index.php?section=departments&department=22,"Send FOIA email requesting current excess proceeds/surplus funds list for Taney, Missouri. Ask for Excel/PDF format. Template in county_email_outreach.py.",NOT STARTED,,
LOW,MO,Texas,PHONE_REQUEST,(417) 967-4709,,https://www.texascountymissouri.gov/contact-us,Call county office and request excess proceeds list. Ask: 1) Do you have an excess proceeds or surplus funds list? 2) Can you email it to claim@usforeclosurerecovery.com? 3) Is it available online?,NOT STARTED,,
LOW,MO,Vernon,PHONE_REQUEST,(417) 448-2510,,https://vernoncountymo.org,Call county office and request excess proceeds list. Ask: 1) Do you have an excess proceeds or surplus funds list? 2) Can you email it to claim@usforeclosurerecovery.com? 3) Is it available online?,NOT STARTED,,
LOW,MO,Warren,EMAIL_FOIA,(636) 456-3389,collector@warrencountymo.gov,https://warrencountycollector.com/contact-us,"Send FOIA email requesting current excess proceeds/surplus funds list for Warren, Missouri. Ask for Excel/PDF format. Template in county_email_outreach.py.",NOT STARTED,,
LOW,MO,Washington,EMAIL_FOIA,(573) 438-2031,krichards@washcomo.us,https://www.washingtoncountymo.us/treasurer,"Send FOIA email requesting current excess proceeds/surplus funds list for Washington, Missouri. Ask for Excel/PDF format. Template in county_email_outreach.py.",NOT STARTED,,
LOW,MO,Wayne,EMAIL_FOIA,(573) 224-5600,treasurer@waynecountymo.gov,https://waynecountycollector.com,"Send FOIA email requesting current excess proceeds/surplus funds list for Wayne, Missouri. Ask for Excel/PDF format. Template in county_email_outreach.py.",NOT STARTED,,
LOW,MO,Webster,PHONE_REQUEST,(417) 468-2108,,https://webstercountymo.gov/treasurers-office,Call county office and request excess proceeds list. Ask: 1) Do you have an excess proceeds or surplus funds list? 2) Can you email it to claim@usforeclosurerecovery.com? 3) Is it available online?,NOT STARTED,,
LOW,MO,Worth,PHONE_REQUEST,(660) 564-2154,,https://www.mocounties.com/worth-county,Call county office and request excess proceeds list. Ask: 1) Do you have an excess proceeds or surplus funds list? 2) Can you email it to claim@usforeclosurerecovery.com? 3) Is it available online?,NOT STARTED,,
LOW,MO,Wright,PHONE_REQUEST,(417) 741-7256,,https://www.countyoffice.org/wright-county-tax-collectors-office-hartville-mo-093,Call county office and request excess proceeds list. Ask: 1) Do you have an excess proceeds or surplus funds list? 2) Can you email it to claim@usforeclosurerecovery.com? 3) Is it available online?,NOT STARTED,,
HIGH,MS,Adams,EMAIL_FOIA,(601) 442-8601,taxcollector.adamstwp.snyderco.pa@gmail.com,https://www.adamscountyms.net/phone-directory,"Send FOIA email requesting current excess proceeds/surplus funds list for Adams, Mississippi. Ask for Excel/PDF format. Template in county_email_outreach.py.",NOT STARTED,,
HIGH,MS,Alcorn,EMAIL_FOIA,(662) 286-7750,taxcollector@alcorncounty.org,https://www.alcorncounty.org/tax-collector,"Send FOIA email requesting current excess proceeds/surplus funds list for Alcorn, Mississippi. Ask for Excel/PDF format. Template in county_email_outreach.py.",NOT STARTED,,
HIGH,MS,Amite,EMAIL_FOIA,(601) 657-8973,eblake@amitecountyms.gov,https://www.amitecounty.ms/tax-assessor-collector,"Send FOIA email requesting current excess proceeds/surplus funds list for Amite, Mississippi. Ask for Excel/PDF format. Template in county_email_outreach.py.",NOT STARTED,,
HIGH,MS,Attala,PHONE_REQUEST,(662) 289-2921,,https://www.attalacounty.net/tax-collector,Call county office and request excess proceeds list. Ask: 1) Do you have an excess proceeds or surplus funds list? 2) Can you email it to claim@usforeclosurerecovery.com? 3) Is it available online?,NOT STARTED,,
HIGH,MS,Benton,PHONE_REQUEST,(662) 224-6315,,https://www.bentoncountyms.gov/copy-of-elections,Call county office and request excess proceeds list. Ask: 1) Do you have an excess proceeds or surplus funds list? 2) Can you email it to claim@usforeclosurerecovery.com? 3) Is it available online?,NOT STARTED,,
MEDIUM,MS,Bolivar,EMAIL_FOIA,(662) 843-3926,taxassessor@co.bolivar.ms.us,https://www.countyoffice.org/ms-bolivar-county-treasurer-tax-collector,"Send FOIA email requesting current excess proceeds/surplus funds list for Bolivar, Mississippi. Ask for Excel/PDF format. Template in county_email_outreach.py.",NOT STARTED,,
MEDIUM,MS,Calhoun,PHONE_REQUEST,(662) 412-3140,,"https://en.wikipedia.org/wiki/Calhoun_County,_Mississippi",Call county office and request excess proceeds list. Ask: 1) Do you have an excess proceeds or surplus funds list? 2) Can you email it to claim@usforeclosurerecovery.com? 3) Is it available online?,NOT STARTED,,
MEDIUM,MS,Carroll,PHONE_REQUEST,(660) 542-1977,,https://carrollcountyms.org/county-officials,Call county office and request excess proceeds list. Ask: 1) Do you have an excess proceeds or surplus funds list? 2) Can you email it to claim@usforeclosurerecovery.com? 3) Is it available online?,NOT STARTED,,
MEDIUM,MS,Chickasaw,PHONE_REQUEST,(662) 456-3327,,https://www.countyoffice.org/chickasaw-county-tax-assessor-houston-ms-fa4,Call county office and request excess proceeds list. Ask: 1) Do you have an excess proceeds or surplus funds list? 2) Can you email it to claim@usforeclosurerecovery.com? 3) Is it available online?,NOT STARTED,,
MEDIUM,MS,Choctaw,PHONE_REQUEST,(662) 285-6320,,https://www.choctawcountyal.org/revenue-commissioner,Call county office and request excess proceeds list. Ask: 1) Do you have an excess proceeds or surplus funds list? 2) Can you email it to claim@usforeclosurerecovery.com? 3) Is it available online?,NOT STARTED,,
MEDIUM,MS,Claiborne,EMAIL_FOIA,(601) 437-5591,dianedavaul@ccmsgov.us,https://www.ccmsgov.us/tax-assessor,"Send FOIA email requesting current excess proceeds/surplus funds list for Claiborne, Mississippi. Ask for Excel/PDF format. Template in county_email_outreach.py.",NOT STARTED,,
MEDIUM,MS,Clarke,EMAIL_FOIA,(601) 776-6931,taxcollector@clarkecountyms.gov,https://clarkecountyms.gov,"Send FOIA email requesting current excess proceeds/surplus funds list for Clarke, Mississippi. Ask for Excel/PDF format. Template in county_email_outreach.py.",NOT STARTED,,
MEDIUM,MS,Clay,EMAIL_FOIA,(662) 494-3432,plee@claycounty.ms.gov,https://www.claycountyms.com/tax-assessor-collector/contact-information,"Send FOIA email requesting current excess proceeds/surplus funds list for Clay, Mississippi. Ask for Excel/PDF format. Template in county_email_outreach.py.",NOT STARTED,,
MEDIUM,MS,Coahoma,PHONE_REQUEST,(662) 624-3006,,https://coahomacounty.net/tax-assessor-tax-collector,Call county office and request excess proceeds list. Ask: 1) Do you have an excess proceeds or surplus funds list? 2) Can you email it to claim@usforeclosurerecovery.com? 3) Is it available online?,NOT STARTED,,
MEDIUM,MS,Copiah,EMAIL_FOIA,(601) 894-2732,taxcollector@copiahcountyms.gov,https://www.copiahcountyms.gov/elected-officials/tax-collector,"Send FOIA email requesting current excess proceeds/surplus funds list for Copiah, Mississippi. Ask for Excel/PDF format. Template in county_email_outreach.py.",NOT STARTED,,
LOW,MS,Covington,EMAIL_FOIA,(601) 765-8605,JParris@covington.va.us,https://www.covingtoncountyms.gov/government/tax-collector,"Send FOIA email requesting current excess proceeds/surplus funds list for Covington, Mississippi. Ask for Excel/PDF format. Template in county_email_outreach.py.",NOT STARTED,,
LOW,MS,DeSoto,PHONE_REQUEST,(662) 469-8030,,https://desotocountyms.gov/296/Tax-Collector,Call county office and request excess proceeds list. Ask: 1) Do you have an excess proceeds or surplus funds list? 2) Can you email it to claim@usforeclosurerecovery.com? 3) Is it available online?,NOT STARTED,,
LOW,MS,Forrest,EMAIL_FOIA,(601) 582-8228,taxcollector@forrestcountyms.us,https://forrestcountyms.us/forrest-county-tax-office,"Send FOIA email requesting current excess proceeds/surplus funds list for Forrest, Mississippi. Ask for Excel/PDF format. Template in county_email_outreach.py.",NOT STARTED,,
LOW,MS,Franklin,PHONE_REQUEST,(601) 384-2359,,https://franklincoms.weebly.com/county-government.html,Call county office and request excess proceeds list. Ask: 1) Do you have an excess proceeds or surplus funds list? 2) Can you email it to claim@usforeclosurerecovery.com? 3) Is it available online?,NOT STARTED,,
LOW,MS,George,PHONE_REQUEST,(601) 947-7541,,https://www.georgecountyms.com/tax_assessor_collector.html,Call county office and request excess proceeds list. Ask: 1) Do you have an excess proceeds or surplus funds list? 2) Can you email it to claim@usforeclosurerecovery.com? 3) Is it available online?,NOT STARTED,,
LOW,MS,Greene,EMAIL_FOIA,(601) 394-2378,assessoronline@greenecountymo.gov,https://www.greenecountyms.gov/about-5-6,"Send FOIA email requesting current excess proceeds/surplus funds list for Greene, Mississippi. Ask for Excel/PDF format. Template in county_email_outreach.py.",NOT STARTED,,
LOW,MS,Grenada,PHONE_REQUEST,(662) 226-1741,,https://ltams.org/counties/grenada-county,Call county office and request excess proceeds list. Ask: 1) Do you have an excess proceeds or surplus funds list? 2) Can you email it to claim@usforeclosurerecovery.com? 3) Is it available online?,NOT STARTED,,
LOW,MS,Hancock,PHONE_REQUEST,(228) 467-4425,,https://www.hancockcounty.ms.gov/199/Tax-Assessor,Call county office and request excess proceeds list. Ask: 1) Do you have an excess proceeds or surplus funds list? 2) Can you email it to claim@usforeclosurerecovery.com? 3) Is it available online?,NOT STARTED,,
LOW,MS,Harrison,EMAIL_FOIA,(228) 865-4040,taxcollectorgpt@co.harrison.ms.us,https://harrisoncountyms.gov/goverment/tax_collector/index.php,"Send FOIA email requesting current excess proceeds/surplus funds list for Harrison, Mississippi. Ask for Excel/PDF format. Template in county_email_outreach.py.",NOT STARTED,,
LOW,MS,Hinds,EMAIL_FOIA,(601) 968-6587,kcalvin@co.hinds.ms.us,https://www.hindscountyms.com/sites/default/files/March_2012.pdf,"Send FOIA email requesting current excess proceeds/surplus funds list for Hinds, Mississippi. Ask for Excel/PDF format. Template in county_email_outreach.py.",NOT STARTED,,
LOW,MS,Holmes,EMAIL_FOIA,(662) 834-2865,lrollins@holmescountyms.org,https://holmescountyms.org/tax-assessorcollector,"Send FOIA email requesting current excess proceeds/surplus funds list for Holmes, Mississippi. Ask for Excel/PDF format. Template in county_email_outreach.py.",NOT STARTED,,
LOW,MS,Humphreys,PHONE_REQUEST,(662) 247-1343,,https://www.humphreyscountyms.com/agencies/index.php,Call county office and request excess proceeds list. Ask: 1) Do you have an excess proceeds or surplus funds list? 2) Can you email it to claim@usforeclosurerecovery.com? 3) Is it available online?,NOT STARTED,,
LOW,MS,Issaquena,PHONE_REQUEST,(662) 873-4665,,https://www.countyoffice.org/issaquena-tax-collector-mayersville-ms-3c8,Call county office and request excess proceeds list. Ask: 1) Do you have an excess proceeds or surplus funds list? 2) Can you email it to claim@usforeclosurerecovery.com? 3) Is it available online?,NOT STARTED,,
LOW,MS,Itawamba,PHONE_REQUEST,(662) 862-4304,,https://itawamba.gov/tax-collector,Call county office and request excess proceeds list. Ask: 1) Do you have an excess proceeds or surplus funds list? 2) Can you email it to claim@usforeclosurerecovery.com? 3) Is it available online?,NOT STARTED,,
LOW,MS,Jackson,PHONE_REQUEST,(228) 769-3074,,https://www.co.jackson.ms.us/353/Tax-Collector,Call county office and request excess proceeds list. Ask: 1) Do you have an excess proceeds or surplus funds list? 2) Can you email it to claim@usforeclosurerecovery.com? 3) Is it available online?,NOT STARTED,,
LOW,MS,Jasper,EMAIL_FOIA,(601) 764-2813,kcampbell@co.jasper.ms.us,https://www.co.jasper.ms.us/tax-assessor-collector,"Send FOIA email requesting current excess proceeds/surplus funds list for Jasper, Mississippi. Ask for Excel/PDF format. Template in county_email_outreach.py.",NOT STARTED,,
LOW,MS,Jefferson,PHONE_REQUEST,(601) 786-3781,,http://www.jeffersoncountyms.com/tax-collector,Call county office and request excess proceeds list. Ask: 1) Do you have an excess proceeds or surplus funds list? 2) Can you email it to claim@usforeclosurerecovery.com? 3) Is it available online?,NOT STARTED,,
LOW,MS,Jefferson Davis,PHONE_REQUEST,(601) 792-4336,,https://www.mssupervisors.org/jefferson-davis-county-0,Call county office and request excess proceeds list. Ask: 1) Do you have an excess proceeds or surplus funds list? 2) Can you email it to claim@usforeclosurerecovery.com? 3) Is it available online?,NOT STARTED,,
LOW,MS,Jones,EMAIL_FOIA,(601) 477-3261,tbyrd@co.jones.ms.us,https://jonescountyms.com/tax-assessor-collector,"Send FOIA email requesting current excess proceeds/surplus funds list for Jones, Mississippi. Ask for Excel/PDF format. Template in county_email_outreach.py.",NOT STARTED,,
LOW,MS,Kemper,PHONE_REQUEST,(601) 743-2693,,https://kempercountyms.gov/tax-collector,Call county office and request excess proceeds list. Ask: 1) Do you have an excess proceeds or surplus funds list? 2) Can you email it to claim@usforeclosurerecovery.com? 3) Is it available online?,NOT STARTED,,
LOW,MS,Lafayette,EMAIL_FOIA,(662) 234-6006,rkennedy@lafayettecoms.com,https://www.dor.ms.gov/county-services/homestead-exemption,"Send FOIA email requesting current excess proceeds/surplus funds list for Lafayette, Mississippi. Ask for Excel/PDF format. Template in county_email_outreach.py.",NOT STARTED,,
LOW,MS,Lamar,PHONE_REQUEST,(601) 794-1020,,https://lamarcountyms.gov/ms/departments/tax-assessor-collector,Call county office and request excess proceeds list. Ask: 1) Do you have an excess proceeds or surplus funds list? 2) Can you email it to claim@usforeclosurerecovery.com? 3) Is it available online?,NOT STARTED,,
LOW,MS,Lauderdale,PHONE_REQUEST,(601) 482-9786,,https://mississippicountyoffices.com/lauderdale/treasurer-tax-collector-offices,Call county office and request excess proceeds list. Ask: 1) Do you have an excess proceeds or surplus funds list? 2) Can you email it to claim@usforeclosurerecovery.com? 3) Is it available online?,NOT STARTED,,
LOW,MS,Lawrence,EMAIL_FOIA,(601) 587-2211,support@govease.com,"https://en.wikipedia.org/wiki/Lawrence_County,_Mississippi","Send FOIA email requesting current excess proceeds/surplus funds list for Lawrence, Mississippi. Ask for Excel/PDF format. Template in county_email_outreach.py.",NOT STARTED,,
LOW,MS,Leake,EMAIL_FOIA,(601) 267-3021,taxac@co.leake.ms.us,https://leakecountyms.org/tax-assessorcollector,"Send FOIA email requesting current excess proceeds/surplus funds list for Leake, Mississippi. Ask for Excel/PDF format. Template in county_email_outreach.py.",NOT STARTED,,
LOW,MS,Lee,EMAIL_FOIA,(662) 432-2200,leecountytaxcollector@gmail.com,https://leecountyms.com/tax-collectors-office,"Send FOIA email requesting current excess proceeds/surplus funds list for Lee, Mississippi. Ask for Excel/PDF format. Template in county_email_outreach.py.",NOT STARTED,,
LOW,MS,Leflore,EMAIL_FOIA,(918) 647-3525,leflorecounty@okcountytreasurers.com,https://okcountytreasurers.com/leflore/contact-us,"Send FOIA email requesting current excess proceeds/surplus funds list for Leflore, Mississippi. Ask for Excel/PDF format. Template in county_email_outreach.py.",NOT STARTED,,
LOW,MS,Lincoln,EMAIL_FOIA,(601) 835-3427,bpickering@co.lincoln.ms.us,https://mississippicountyoffices.com/lincoln/treasurer-tax-collector-offices,"Send FOIA email requesting current excess proceeds/surplus funds list for Lincoln, Mississippi. Ask for Excel/PDF format. Template in county_email_outreach.py.",NOT STARTED,,
LOW,MS,Lowndes,PHONE_REQUEST,(662) 329-5700,,https://www.lowndescountyms.com/179/Tax-Office,Call county office and request excess proceeds list. Ask: 1) Do you have an excess proceeds or surplus funds list? 2) Can you email it to claim@usforeclosurerecovery.com? 3) Is it available online?,NOT STARTED,,
LOW,MS,Madison,PHONE_REQUEST,(601) 859-5226,,https://www.desotocountyms.gov/873/Homestead-Exemption,Call county office and request excess proceeds list. Ask: 1) Do you have an excess proceeds or surplus funds list? 2) Can you email it to claim@usforeclosurerecovery.com? 3) Is it available online?,NOT STARTED,,
LOW,MS,Marion,EMAIL_FOIA,(601) 731-3798,CollegeSavings@treasury.ms.gov,https://www.marioncountyms.com/tax-assessorcollector,"Send FOIA email requesting current excess proceeds/surplus funds list for Marion, Mississippi. Ask for Excel/PDF format. Template in county_email_outreach.py.",NOT STARTED,,
LOW,MS,Marshall,EMAIL_FOIA,(662) 252-3661,taxcollector@marshallcoms.org,https://www.marshall-county.com/tax-collector,"Send FOIA email requesting current excess proceeds/surplus funds list for Marshall, Mississippi. Ask for Excel/PDF format. Template in county_email_outreach.py.",NOT STARTED,,
LOW,MS,Monroe,PHONE_REQUEST,(662) 369-6484,,https://www.countyoffice.org/monroe-county-tax-collectors-office-aberdeen-ms-2cd,Call county office and request excess proceeds list. Ask: 1) Do you have an excess proceeds or surplus funds list? 2) Can you email it to claim@usforeclosurerecovery.com? 3) Is it available online?,NOT STARTED,,
LOW,MS,Montgomery,EMAIL_FOIA,(662) 283-2112,spyron@montgomerycountyms.com,https://www.montgomerycountyms.com/tax-assessorcollector,"Send FOIA email requesting current excess proceeds/surplus funds list for Montgomery, Mississippi. Ask for Excel/PDF format. Template in county_email_outreach.py.",NOT STARTED,,
LOW,MS,Neshoba,EMAIL_FOIA,(601) 656-4541,info@neshobacounty.net,https://www.neshobacounty.net/tax-assessor-collector,"Send FOIA email requesting current excess proceeds/surplus funds list for Neshoba, Mississippi. Ask for Excel/PDF format. Template in county_email_outreach.py.",NOT STARTED,,
LOW,MS,Newton,PHONE_REQUEST,(601) 359-3600,,https://www.newtoncountyms.net/tax-assessor-collector,Call county office and request excess proceeds list. Ask: 1) Do you have an excess proceeds or surplus funds list? 2) Can you email it to claim@usforeclosurerecovery.com? 3) Is it available online?,NOT STARTED,,
LOW,MS,Noxubee,PHONE_REQUEST,(662) 726-4744,,https://www.noxubeecounty.org,Call county office and request excess proceeds list. Ask: 1) Do you have an excess proceeds or surplus funds list? 2) Can you email it to claim@usforeclosurerecovery.com? 3) Is it available online?,NOT STARTED,,
LOW,MS,Oktibbeha,PHONE_REQUEST,(662) 323-1273,,https://www.oktibbeha.ms.gov/199/Tax-Office,Call county office and request excess proceeds list. Ask: 1) Do you have an excess proceeds or surplus funds list? 2) Can you email it to claim@usforeclosurerecovery.com? 3) Is it available online?,NOT STARTED,,
LOW,MS,Panola,EMAIL_FOIA,(662) 563-6270,odraper@panolacoms.com,https://panolacounty.com/panola-overview/government,"Send FOIA email requesting current excess proceeds/surplus funds list for Panola, Mississippi. Ask for Excel/PDF format. Template in county_email_outreach.py.",NOT STARTED,,
LOW,MS,Pearl River,PHONE_REQUEST,(601) 749-7700,,https://pearlrivercounty.net/Directory.aspx?did=34,Call county office and request excess proceeds list. Ask: 1) Do you have an excess proceeds or surplus funds list? 2) Can you email it to claim@usforeclosurerecovery.com? 3) Is it available online?,NOT STARTED,,
LOW,MS,Perry,EMAIL_FOIA,(601) 964-3398,acochran@co.perry.ms.us,https://perrycountyms.gov/tax-assessor-collector,"Send FOIA email requesting current excess proceeds/surplus funds list for Perry, Mississippi. Ask for Excel/PDF format. Template in county_email_outreach.py.",NOT STARTED,,
LOW,MS,Pike,PHONE_REQUEST,(601) 783-5511,,https://www.co.pike.ms.us/tax-collector,Call county office and request excess proceeds list. Ask: 1) Do you have an excess proceeds or surplus funds list? 2) Can you email it to claim@usforeclosurerecovery.com? 3) Is it available online?,NOT STARTED,,
LOW,MS,Pontotoc,EMAIL_FOIA,(580) 332-0183,pontotocco@gmail.com,https://oktaxrolls.com/county/pontotoc,"Send FOIA email requesting current excess proceeds/surplus funds list for Pontotoc, Mississippi. Ask for Excel/PDF format. Template in county_email_outreach.py.",NOT STARTED,,
LOW,MS,Prentiss,PHONE_REQUEST,(662) 728-5044,,https://www.prentisscounty.org/tax-collector,Call county office and request excess proceeds list. Ask: 1) Do you have an excess proceeds or surplus funds list? 2) Can you email it to claim@usforeclosurerecovery.com? 3) Is it available online?,NOT STARTED,,
LOW,MS,Quitman,PHONE_REQUEST,(662) 326-8928,,https://quitmancountyms.org/government/county-officials,Call county office and request excess proceeds list. Ask: 1) Do you have an excess proceeds or surplus funds list? 2) Can you email it to claim@usforeclosurerecovery.com? 3) Is it available online?,NOT STARTED,,
LOW,MS,Rankin,PHONE_REQUEST,(601) 825-1467,,https://www.rankincounty.org/department/index.php?structureid=15,Call county office and request excess proceeds list. Ask: 1) Do you have an excess proceeds or surplus funds list? 2) Can you email it to claim@usforeclosurerecovery.com? 3) Is it available online?,NOT STARTED,,
LOW,MS,Scott,EMAIL_FOIA,(601) 722-3504,scottcountytaxcollector@gmail.com,https://www.scottcountyms.gov,"Send FOIA email requesting current excess proceeds/surplus funds list for Scott, Mississippi. Ask for Excel/PDF format. Template in county_email_outreach.py.",NOT STARTED,,
LOW,MS,Sharkey,PHONE_REQUEST,(662) 873-4317,,https://www.sharkeycounty.net/tax-collector,Call county office and request excess proceeds list. Ask: 1) Do you have an excess proceeds or surplus funds list? 2) Can you email it to claim@usforeclosurerecovery.com? 3) Is it available online?,NOT STARTED,,
LOW,MS,Simpson,PHONE_REQUEST,(601) 847-1418,,http://simpsoncountyms.com/contact,Call county office and request excess proceeds list. Ask: 1) Do you have an excess proceeds or surplus funds list? 2) Can you email it to claim@usforeclosurerecovery.com? 3) Is it available online?,NOT STARTED,,
LOW,MS,Smith,PHONE_REQUEST,(601) 782-9803,,https://www.smithcountyms.gov/tax-assessor,Call county office and request excess proceeds list. Ask: 1) Do you have an excess proceeds or surplus funds list? 2) Can you email it to claim@usforeclosurerecovery.com? 3) Is it available online?,NOT STARTED,,
LOW,MS,Stone,PHONE_REQUEST,(870) 269-8426,,https://www.stonecountyar.gov/treasurer,Call county office and request excess proceeds list. Ask: 1) Do you have an excess proceeds or surplus funds list? 2) Can you email it to claim@usforeclosurerecovery.com? 3) Is it available online?,NOT STARTED,,
LOW,MS,Sunflower,EMAIL_FOIA,(662) 303-0060,gmcintosh@sunflowerms.net,https://www.sunflowercounty.ms.gov/contact-us,"Send FOIA email requesting current excess proceeds/surplus funds list for Sunflower, Mississippi. Ask for Excel/PDF format. Template in county_email_outreach.py.",NOT STARTED,,
LOW,MS,Tallahatchie,PHONE_REQUEST,(662) 647-8922,,https://www.tax-rates.org/mississippi/property-tax/tallahatchie-county-assessor,Call county office and request excess proceeds list. Ask: 1) Do you have an excess proceeds or surplus funds list? 2) Can you email it to claim@usforeclosurerecovery.com? 3) Is it available online?,NOT STARTED,,
LOW,MS,Tate,EMAIL_FOIA,(662) 562-4404,taxcollector@tatecountygov.com,https://www.tatecountygov.com/government/tax_collector.php,"Send FOIA email requesting current excess proceeds/surplus funds list for Tate, Mississippi. Ask for Excel/PDF format. Template in county_email_outreach.py.",NOT STARTED,,
LOW,MS,Tippah,PHONE_REQUEST,(662) 837-9410,,https://www.co.tippah.ms.us/elected-officials/tax-collector,Call county office and request excess proceeds list. Ask: 1) Do you have an excess proceeds or surplus funds list? 2) Can you email it to claim@usforeclosurerecovery.com? 3) Is it available online?,NOT STARTED,,
LOW,MS,Tishomingo,EMAIL_FOIA,(662) 423-7048,taxcollector@co.tishomingo.ms.us,https://www.co.tishomingo.ms.us/tax-collector,"Send FOIA email requesting current excess proceeds/surplus funds list for Tishomingo, Mississippi. Ask for Excel/PDF format. Template in county_email_outreach.py.",NOT STARTED,,
LOW,MS,Tunica,PHONE_REQUEST,(662) 363-1266,,https://publicrecords.netronline.com/state/MS/county/tunica,Call county office and request excess proceeds list. Ask: 1) Do you have an excess proceeds or surplus funds list? 2) Can you email it to claim@usforeclosurerecovery.com? 3) Is it available online?,NOT STARTED,,
LOW,MS,Union,PHONE_REQUEST,(662) 534-1972,,https://countyinfo.hoursguide.com/new-albany-ms-treasurer-tax-collector-office-179254,Call county office and request excess proceeds list. Ask: 1) Do you have an excess proceeds or surplus funds list? 2) Can you email it to claim@usforeclosurerecovery.com? 3) Is it available online?,NOT STARTED,,
LOW,MS,Walthall,PHONE_REQUEST,(662) 258-6446,,http://www.webstercountyms.org/node/9,Call county office and request excess proceeds list. Ask: 1) Do you have an excess proceeds or surplus funds list? 2) Can you email it to claim@usforeclosurerecovery.com? 3) Is it available online?,NOT STARTED,,
LOW,MS,Warren,EMAIL_FOIA,(601) 638-6181,taxcoll@warrencountyms.gov,https://co.warren.ms.us/tax-collector,"Send FOIA email requesting current excess proceeds/surplus funds list for Warren, Mississippi. Ask for Excel/PDF format. Template in county_email_outreach.py.",NOT STARTED,,
LOW,MS,Washington,EMAIL_FOIA,(662) 378-2922,plee@co.washington.ms.us,https://www.washingtoncounty.ms/tax-collector,"Send FOIA email requesting current excess proceeds/surplus funds list for Washington, Mississippi. Ask for Excel/PDF format. Template in county_email_outreach.py.",NOT STARTED,,
LOW,MS,Wayne,EMAIL_FOIA,(601) 735-3381,drichards@waynecountyms.gov,https://www.waynecounty.ms/tax-assessor-collector,"Send FOIA email requesting current excess proceeds/surplus funds list for Wayne, Mississippi. Ask for Excel/PDF format. Template in county_email_outreach.py.",NOT STARTED,,
LOW,MS,Webster,PHONE_REQUEST,(662) 258-6446,,http://www.webstercountyms.org/node/9,Call county office and request excess proceeds list. Ask: 1) Do you have an excess proceeds or surplus funds list? 2) Can you email it to claim@usforeclosurerecovery.com? 3) Is it available online?,NOT STARTED,,
LOW,MS,Wilkinson,EMAIL_FOIA,(601) 888-4562,taxassessor@wilkinson.co.ms.gov,https://www.wilkinson.co.ms.gov/tax-assessorcollector,"Send FOIA email requesting current excess proceeds/surplus funds list for Wilkinson, Mississippi. Ask for Excel/PDF format. Template in county_email_outreach.py.",NOT STARTED,,
LOW,MS,Winston,PHONE_REQUEST,(662) 773-3694,,https://www.winstoncountyms.org/tax-assessor.html,Call county office and request excess proceeds list. Ask: 1) Do you have an excess proceeds or surplus funds list? 2) Can you email it to claim@usforeclosurerecovery.com? 3) Is it available online?,NOT STARTED,,
LOW,MS,Yalobusha,EMAIL_FOIA,(662) 473-2091,taxcollector@yalobushacounty.net,https://www.dor.ms.gov/forms-resources/make-online-tax-payments,"Send FOIA email requesting current excess proceeds/surplus funds list for Yalobusha, Mississippi. Ask for Excel/PDF format. Template in county_email_outreach.py.",NOT STARTED,,
LOW,MS,Yazoo,PHONE_REQUEST,(662) 746-1583,,https://www.yazoocounty.net/tax-collector,Call county office and request excess proceeds list. Ask: 1) Do you have an excess proceeds or surplus funds list? 2) Can you email it to claim@usforeclosurerecovery.com? 3) Is it available online?,NOT STARTED,,
HIGH,MT,Beaverhead County,EMAIL_FOIA,(406) 683-5821,CHucke@mt.gov,https://beaverheadcountymt.gov,"Send FOIA email requesting current excess proceeds/surplus funds list for Beaverhead County, Montana. Ask for Excel/PDF format. Template in county_email_outreach.py.",NOT STARTED,,
HIGH,MT,Big Horn County,EMAIL_FOIA,(406) 426-7027,DORPADButte@mt.gov,https://www.bighorncountymt.gov/178/Treasurer,"Send FOIA email requesting current excess proceeds/surplus funds list for Big Horn County, Montana. Ask for Excel/PDF format. Template in county_email_outreach.py.",NOT STARTED,,
HIGH,MT,Blaine County,EMAIL_FOIA,(406) 357-3280,tdesrosier@blainecounty-mt.gov,https://blainecounty-mt.gov/treasurer,"Send FOIA email requesting current excess proceeds/surplus funds list for Blaine County, Montana. Ask for Excel/PDF format. Template in county_email_outreach.py.",NOT STARTED,,
HIGH,MT,Broadwater County,EMAIL_FOIA,(406) 266-3430,dkelley@broadwatercountymt.gov,https://www.taxassessors.net/montana/broadwatercounty.htm,"Send FOIA email requesting current excess proceeds/surplus funds list for Broadwater County, Montana. Ask for Excel/PDF format. Template in county_email_outreach.py.",NOT STARTED,,
HIGH,MT,Carbon County,EMAIL_FOIA,(406) 446-1221,treasurer@carbonmt.gov,https://carbonmt.gov/treasurer,"Send FOIA email requesting current excess proceeds/surplus funds list for Carbon County, Montana. Ask for Excel/PDF format. Template in county_email_outreach.py.",NOT STARTED,,
MEDIUM,MT,Carter County,EMAIL_FOIA,(406) 775-8735,jpierson@cartercountymt.gov,https://cartercountymontana.squarespace.com/cartercountytreasurer,"Send FOIA email requesting current excess proceeds/surplus funds list for Carter County, Montana. Ask for Excel/PDF format. Template in county_email_outreach.py.",NOT STARTED,,
MEDIUM,MT,Cascade County,PHONE_REQUEST,(406) 454-6850,,https://www.cascadecountymt.gov/302/Treasurers-Office,Call county office and request excess proceeds list. Ask: 1) Do you have an excess proceeds or surplus funds list? 2) Can you email it to claim@usforeclosurerecovery.com? 3) Is it available online?,NOT STARTED,,
MEDIUM,MT,Chouteau County,PHONE_REQUEST,(406) 622-5032,,https://co.chouteau.mt.us,Call county office and request excess proceeds list. Ask: 1) Do you have an excess proceeds or surplus funds list? 2) Can you email it to claim@usforeclosurerecovery.com? 3) Is it available online?,NOT STARTED,,
MEDIUM,MT,Custer County,EMAIL_FOIA,(406) 874-3427,t.moorehead@co.custer.mt.us,https://custercountymt.gov/services/treasurer,"Send FOIA email requesting current excess proceeds/surplus funds list for Custer County, Montana. Ask for Excel/PDF format. Template in county_email_outreach.py.",NOT STARTED,,
MEDIUM,MT,Daniels County,EMAIL_FOIA,(406) 487-2671,tmoorehead@co.custer.mt.us,https://www.danielscountymt.gov/treasurer,"Send FOIA email requesting current excess proceeds/surplus funds list for Daniels County, Montana. Ask for Excel/PDF format. Template in county_email_outreach.py.",NOT STARTED,,
MEDIUM,MT,Dawson County,PHONE_REQUEST,(406) 377-4256,,https://www.dawsonmt.gov/contacts.php,Call county office and request excess proceeds list. Ask: 1) Do you have an excess proceeds or surplus funds list? 2) Can you email it to claim@usforeclosurerecovery.com? 3) Is it available online?,NOT STARTED,,
MEDIUM,MT,Deer Lodge County,EMAIL_FOIA,(406) 563-4052,DORPADGlendive@mt.gov,https://falloncountymt.gov/treasurer,"Send FOIA email requesting current excess proceeds/surplus funds list for Deer Lodge County, Montana. Ask for Excel/PDF format. Template in county_email_outreach.py.",NOT STARTED,,
MEDIUM,MT,Fergus County,EMAIL_FOIA,(406) 535-9220,treasurer@fergusmt.gov,https://fergusmt.gov/contact,"Send FOIA email requesting current excess proceeds/surplus funds list for Fergus County, Montana. Ask for Excel/PDF format. Template in county_email_outreach.py.",NOT STARTED,,
MEDIUM,MT,Flathead County,EMAIL_FOIA,(406) 758-5680,trcontactus@flatheadcounty.gov,https://flatheadcounty.gov/department-directory/treasurer,"Send FOIA email requesting current excess proceeds/surplus funds list for Flathead County, Montana. Ask for Excel/PDF format. Template in county_email_outreach.py.",NOT STARTED,,
MEDIUM,MT,Gallatin County,EMAIL_FOIA,(406) 582-3400,treasurer@gallatin.mt.gov,https://www.gallatinmt.gov/treasurer-property-tax-division,"Send FOIA email requesting current excess proceeds/surplus funds list for Gallatin County, Montana. Ask for Excel/PDF format. Template in county_email_outreach.py.",NOT STARTED,,
LOW,MT,Garfield County,PHONE_REQUEST,(406) 557-2233,,https://garfieldcountymt.gov/department-contacts,Call county office and request excess proceeds list. Ask: 1) Do you have an excess proceeds or surplus funds list? 2) Can you email it to claim@usforeclosurerecovery.com? 3) Is it available online?,NOT STARTED,,
LOW,MT,Glacier County,EMAIL_FOIA,(406) 873-3625,ClerkRecOffice@glaciercountymt.gov,https://glaciercountymt.gov/departments/treasurer,"Send FOIA email requesting current excess proceeds/surplus funds list for Glacier County, Montana. Ask for Excel/PDF format. Template in county_email_outreach.py.",NOT STARTED,,
LOW,MT,Golden Valley County,EMAIL_FOIA,(406) 568-2342,rachel@goldenvalleymt.gov,https://www.goldenvalleycountymt.org/treasurer,"Send FOIA email requesting current excess proceeds/surplus funds list for Golden Valley County, Montana. Ask for Excel/PDF format. Template in county_email_outreach.py.",NOT STARTED,,
LOW,MT,Granite County,PHONE_REQUEST,(406) 859-3771,,https://www.countyoffice.org/granite-county-treasurers-office-philipsburg-mt-0d7,Call county office and request excess proceeds list. Ask: 1) Do you have an excess proceeds or surplus funds list? 2) Can you email it to claim@usforeclosurerecovery.com? 3) Is it available online?,NOT STARTED,,
LOW,MT,Hill County,EMAIL_FOIA,(406) 265-5481,sbrown@mt.gov,https://hillcounty.us/departments/treasurer.php,"Send FOIA email requesting current excess proceeds/surplus funds list for Hill County, Montana. Ask for Excel/PDF format. Template in county_email_outreach.py.",NOT STARTED,,
LOW,MT,Jefferson County,EMAIL_FOIA,(406) 225-4100,tkunz@jeffersoncounty-mt.gov,https://jeffersoncounty-mt.gov/treasurer,"Send FOIA email requesting current excess proceeds/surplus funds list for Jefferson County, Montana. Ask for Excel/PDF format. Template in county_email_outreach.py.",NOT STARTED,,
LOW,MT,Judith Basin County,EMAIL_FOIA,(406) 566-2277,DORPADLewistown@mt.gov,https://jbcountymt.gov/treasurer,"Send FOIA email requesting current excess proceeds/surplus funds list for Judith Basin County, Montana. Ask for Excel/PDF format. Template in county_email_outreach.py.",NOT STARTED,,
LOW,MT,Lake County,PHONE_REQUEST,(406) 883-7222,,https://www.lakemt.gov/directory.aspx?did=40,Call county office and request excess proceeds list. Ask: 1) Do you have an excess proceeds or surplus funds list? 2) Can you email it to claim@usforeclosurerecovery.com? 3) Is it available online?,NOT STARTED,,
LOW,MT,Lewis and Clark County,EMAIL_FOIA,(406) 447-8334,DORPADPolson@mt.gov,https://www.lccountymt.gov/Government/Clerk-and-Recorder-Treasurer/Tax-Information,"Send FOIA email requesting current excess proceeds/surplus funds list for Lewis and Clark County, Montana. Ask for Excel/PDF format. Template in county_email_outreach.py.",NOT STARTED,,
LOW,MT,Liberty County,EMAIL_FOIA,(406) 759-5365,treasurer@libertycountymt.gov,https://www.libertycountymt.gov/treasurer,"Send FOIA email requesting current excess proceeds/surplus funds list for Liberty County, Montana. Ask for Excel/PDF format. Template in county_email_outreach.py.",NOT STARTED,,
LOW,MT,Lincoln County,EMAIL_FOIA,(406) 283-2400,lctreasurer@libby.org,https://lincolncountymt.us/treasurer-home/treasurer-contacts,"Send FOIA email requesting current excess proceeds/surplus funds list for Lincoln County, Montana. Ask for Excel/PDF format. Template in county_email_outreach.py.",NOT STARTED,,
LOW,MT,Madison County,EMAIL_FOIA,(406) 843-4212,sburke@madisoncountymt.gov,https://madisoncountymt.gov/199/Treasurer-Taxes,"Send FOIA email requesting current excess proceeds/surplus funds list for Madison County, Montana. Ask for Excel/PDF format. Template in county_email_outreach.py.",NOT STARTED,,
LOW,MT,McCone County,EMAIL_FOIA,(406) 485-3590,mctreas@midrivers.com,https://www.taxsaleresources.com/counties/mccone-county-montana,"Send FOIA email requesting current excess proceeds/surplus funds list for McCone County, Montana. Ask for Excel/PDF format. Template in county_email_outreach.py.",NOT STARTED,,
LOW,MT,Meagher County,EMAIL_FOIA,(406) 547-3025,DORPADTownsend@mt.gov,https://revenue.mt.gov/contact/field-office-locations,"Send FOIA email requesting current excess proceeds/surplus funds list for Meagher County, Montana. Ask for Excel/PDF format. Template in county_email_outreach.py.",NOT STARTED,,
LOW,MT,Mineral County,EMAIL_FOIA,(406) 822-3533,cboyer@co.mineral.mt.us,https://co.mineral.mt.us/departments/treasurer,"Send FOIA email requesting current excess proceeds/surplus funds list for Mineral County, Montana. Ask for Excel/PDF format. Template in county_email_outreach.py.",NOT STARTED,,
LOW,MT,Missoula County,PHONE_REQUEST,(406) 721-5700,,https://www.missoulacounty.gov/departments/clerk-treasurer/property-taxes,Call county office and request excess proceeds list. Ask: 1) Do you have an excess proceeds or surplus funds list? 2) Can you email it to claim@usforeclosurerecovery.com? 3) Is it available online?,NOT STARTED,,
LOW,MT,Musselshell County,EMAIL_FOIA,(406) 323-2504,MusselshellCountyEMS@co.musselshell.mt.us,https://musselshellcounty.org/contact,"Send FOIA email requesting current excess proceeds/surplus funds list for Musselshell County, Montana. Ask for Excel/PDF format. Template in county_email_outreach.py.",NOT STARTED,,
LOW,MT,Park County,PHONE_REQUEST,(406) 900-1020,,https://www.parkcounty.org/government-departments/treasurer,Call county office and request excess proceeds list. Ask: 1) Do you have an excess proceeds or surplus funds list? 2) Can you email it to claim@usforeclosurerecovery.com? 3) Is it available online?,NOT STARTED,,
LOW,MT,Petroleum County,EMAIL_FOIA,(406) 896-4015,npeterrson@petroleummt.gov,https://petroleumcountymt.org/departments/assessor,"Send FOIA email requesting current excess proceeds/surplus funds list for Petroleum County, Montana. Ask for Excel/PDF format. Template in county_email_outreach.py.",NOT STARTED,,
LOW,MT,Phillips County,EMAIL_FOIA,(406) 654-2123,treasurer@phillipscounty.mt.gov,https://www.taxassessors.net/montana/phillipscounty.htm,"Send FOIA email requesting current excess proceeds/surplus funds list for Phillips County, Montana. Ask for Excel/PDF format. Template in county_email_outreach.py.",NOT STARTED,,
LOW,MT,Pondera County,EMAIL_FOIA,(406) 271-4015,treasurer@ponderacounty.org,https://www.ponderacountymontana.org/treasurer,"Send FOIA email requesting current excess proceeds/surplus funds list for Pondera County, Montana. Ask for Excel/PDF format. Template in county_email_outreach.py.",NOT STARTED,,
LOW,MT,Powder River County,EMAIL_FOIA,(406) 436-2444,harithson@prco.mt.gov,https://prco.mt.gov/Treasurer,"Send FOIA email requesting current excess proceeds/surplus funds list for Powder River County, Montana. Ask for Excel/PDF format. Template in county_email_outreach.py.",NOT STARTED,,
LOW,MT,Powell County,EMAIL_FOIA,(406) 846-9797,pctc@bresnan.net,https://www.powellcountymt.gov/treasurer,"Send FOIA email requesting current excess proceeds/surplus funds list for Powell County, Montana. Ask for Excel/PDF format. Template in county_email_outreach.py.",NOT STARTED,,
LOW,MT,Prairie County,PHONE_REQUEST,(406) 635-5577,,https://prairiecounty.org/treasurer,Call county office and request excess proceeds list. Ask: 1) Do you have an excess proceeds or surplus funds list? 2) Can you email it to claim@usforeclosurerecovery.com? 3) Is it available online?,NOT STARTED,,
LOW,MT,Ravalli County,PHONE_REQUEST,(406) 375-6585,,https://ravalli.us/193/Treasurer,Call county office and request excess proceeds list. Ask: 1) Do you have an excess proceeds or surplus funds list? 2) Can you email it to claim@usforeclosurerecovery.com? 3) Is it available online?,NOT STARTED,,
LOW,MT,Richland County,EMAIL_FOIA,(406) 433-1707,ametz@richland.org,https://www.taxsaleresources.com/counties/richland-county-montana,"Send FOIA email requesting current excess proceeds/surplus funds list for Richland County, Montana. Ask for Excel/PDF format. Template in county_email_outreach.py.",NOT STARTED,,
LOW,MT,Roosevelt County,EMAIL_FOIA,(406) 228-6236,sfloyd@rooseveltcounty.com,https://www.rooseveltcountymt.gov/treasurer,"Send FOIA email requesting current excess proceeds/surplus funds list for Roosevelt County, Montana. Ask for Excel/PDF format. Template in county_email_outreach.py.",NOT STARTED,,
LOW,MT,Rosebud County,PHONE_REQUEST,(406) 346-7477,,https://rosebudcountymt.gov/departments/appraiser-assessor,Call county office and request excess proceeds list. Ask: 1) Do you have an excess proceeds or surplus funds list? 2) Can you email it to claim@usforeclosurerecovery.com? 3) Is it available online?,NOT STARTED,,
LOW,MT,Sanders County,PHONE_REQUEST,(406) 827-6924,,https://co.sanders.mt.us/215/Treasurer,Call county office and request excess proceeds list. Ask: 1) Do you have an excess proceeds or surplus funds list? 2) Can you email it to claim@usforeclosurerecovery.com? 3) Is it available online?,NOT STARTED,,
LOW,MT,Sheridan County,EMAIL_FOIA,(406) 765-3414,treasurer@sheridancountymt.gov,https://www.sheridancountymt.gov/treasurer,"Send FOIA email requesting current excess proceeds/surplus funds list for Sheridan County, Montana. Ask for Excel/PDF format. Template in county_email_outreach.py.",NOT STARTED,,
LOW,MT,Silver Bow County,EMAIL_FOIA,(406) 497-6290,DORPADPlentywood@mt.gov,https://co.silverbow.mt.us/153/Assessor,"Send FOIA email requesting current excess proceeds/surplus funds list for Silver Bow County, Montana. Ask for Excel/PDF format. Template in county_email_outreach.py.",NOT STARTED,,
LOW,MT,Stillwater County,PHONE_REQUEST,(406) 322-8020,,https://www.stillwatercountymt.gov/Directory.aspx?did=38,Call county office and request excess proceeds list. Ask: 1) Do you have an excess proceeds or surplus funds list? 2) Can you email it to claim@usforeclosurerecovery.com? 3) Is it available online?,NOT STARTED,,
LOW,MT,Sweet Grass County,EMAIL_FOIA,(406) 444-6900,peggycampbell@mt.gov,https://revenue.mt.gov/contact,"Send FOIA email requesting current excess proceeds/surplus funds list for Sweet Grass County, Montana. Ask for Excel/PDF format. Template in county_email_outreach.py.",NOT STARTED,,
LOW,MT,Teton County,EMAIL_FOIA,(406) 466-2694,dameline@tetoncountymt.gov,https://tetoncountymt.gov/treasurer/property-tax-department,"Send FOIA email requesting current excess proceeds/surplus funds list for Teton County, Montana. Ask for Excel/PDF format. Template in county_email_outreach.py.",NOT STARTED,,
LOW,MT,Toole County,EMAIL_FOIA,(406) 424-8320,bjackson@toolecountymt.gov,https://www.toolecountymt.gov/treasurerassessor,"Send FOIA email requesting current excess proceeds/surplus funds list for Toole County, Montana. Ask for Excel/PDF format. Template in county_email_outreach.py.",NOT STARTED,,
LOW,MT,Treasure County,EMAIL_FOIA,(406) 342-5545,treasurer@fergusmt.gov,https://www.countyoffice.org/treasure-county-treasurer-hysham-mt-a73,"Send FOIA email requesting current excess proceeds/surplus funds list for Treasure County, Montana. Ask for Excel/PDF format. Template in county_email_outreach.py.",NOT STARTED,,
LOW,MT,Valley County,EMAIL_FOIA,(406) 228-6230,assessor@valleycountyne.gov,https://www.valleycountymt.gov,"Send FOIA email requesting current excess proceeds/surplus funds list for Valley County, Montana. Ask for Excel/PDF format. Template in county_email_outreach.py.",NOT STARTED,,
LOW,MT,Wheatland County,EMAIL_FOIA,(406) 632-4892,atupker@wheatlandcomt.gov,https://wheatlandcomt.gov/departments/county-treasurer,"Send FOIA email requesting current excess proceeds/surplus funds list for Wheatland County, Montana. Ask for Excel/PDF format. Template in county_email_outreach.py.",NOT STARTED,,
LOW,MT,Wibaux County,PHONE_REQUEST,(406) 896-4000,,https://publicrecords.netronline.com/state/MT/county/wibaux,Call county office and request excess proceeds list. Ask: 1) Do you have an excess proceeds or surplus funds list? 2) Can you email it to claim@usforeclosurerecovery.com? 3) Is it available online?,NOT STARTED,,
LOW,MT,Yellowstone County,EMAIL_FOIA,(406) 256-2802,treasurer@yellowstonecountymt.gov,https://www.yellowstonecountymt.gov,"Send FOIA email requesting current excess proceeds/surplus funds list for Yellowstone County, Montana. Ask for Excel/PDF format. Template in county_email_outreach.py.",NOT STARTED,,
HIGH,NC,Alamance,EMAIL_FOIA,(336) 570-4119,tax.help@alamancecountync.gov,https://tax.alamancecountync.gov/contact-us,"Send FOIA email requesting current excess proceeds/surplus funds list for Alamance, North Carolina. Ask for Excel/PDF format. Template in county_email_outreach.py.",NOT STARTED,,
HIGH,NC,Alexander,PHONE_REQUEST,(828) 632-4346,,https://alexandercountync.gov/departments,Call county office and request excess proceeds list. Ask: 1) Do you have an excess proceeds or surplus funds list? 2) Can you email it to claim@usforeclosurerecovery.com? 3) Is it available online?,NOT STARTED,,
HIGH,NC,Alleghany,EMAIL_FOIA,(336) 372-8291,rita.miller@alleghanycounty-nc.gov,https://alleghanycounty-nc.gov/index.php/frequently-asked-questions-tax-office,"Send FOIA email requesting current excess proceeds/surplus funds list for Alleghany, North Carolina. Ask for Excel/PDF format. Template in county_email_outreach.py.",NOT STARTED,,
HIGH,NC,Anson,PHONE_REQUEST,(704) 994-3218,,https://www.co.anson.nc.us/directory.aspx?did=20,Call county office and request excess proceeds list. Ask: 1) Do you have an excess proceeds or surplus funds list? 2) Can you email it to claim@usforeclosurerecovery.com? 3) Is it available online?,NOT STARTED,,
HIGH,NC,Ashe,EMAIL_FOIA,(336) 846-5577,taxadmin@ashecountygov.com,https://www.ashecountygov.com/departments/tax-administration,"Send FOIA email requesting current excess proceeds/surplus funds list for Ashe, North Carolina. Ask for Excel/PDF format. Template in county_email_outreach.py.",NOT STARTED,,
MEDIUM,NC,Avery,EMAIL_FOIA,(828) 733-8214,dawn.carpenter@averycountync.gov,https://countyinfo.hoursguide.com/avery-county-nc-treasurer-tax-collector-office,"Send FOIA email requesting current excess proceeds/surplus funds list for Avery, North Carolina. Ask for Excel/PDF format. Template in county_email_outreach.py.",NOT STARTED,,
MEDIUM,NC,Beaufort,EMAIL_FOIA,(252) 946-2922,BeaufortCountyAuditor@bcgov.net,https://www.beaufortcountync.gov/241/Tax-Collector,"Send FOIA email requesting current excess proceeds/surplus funds list for Beaufort, North Carolina. Ask for Excel/PDF format. Template in county_email_outreach.py.",NOT STARTED,,
MEDIUM,NC,Bertie,EMAIL_FOIA,(252) 794-5310,commissioners@bertie.nc.gov,http://www.co.bertie.nc.us/directory/county.html,"Send FOIA email requesting current excess proceeds/surplus funds list for Bertie, North Carolina. Ask for Excel/PDF format. Template in county_email_outreach.py.",NOT STARTED,,
MEDIUM,NC,Bladen,PHONE_REQUEST,(910) 863-3655,,https://bladennc.govoffice3.com,Call county office and request excess proceeds list. Ask: 1) Do you have an excess proceeds or surplus funds list? 2) Can you email it to claim@usforeclosurerecovery.com? 3) Is it available online?,NOT STARTED,,
MEDIUM,NC,Brunswick,PHONE_REQUEST,(910) 253-2829,,https://www.countyoffice.org/brunswick-county-tax-collectors-office-bolivia-nc-4e5,Call county office and request excess proceeds list. Ask: 1) Do you have an excess proceeds or surplus funds list? 2) Can you email it to claim@usforeclosurerecovery.com? 3) Is it available online?,NOT STARTED,,
MEDIUM,NC,Buncombe,PHONE_REQUEST,(828) 250-4910,,https://www.buncombenc.gov/581/Tax-Department,Call county office and request excess proceeds list. Ask: 1) Do you have an excess proceeds or surplus funds list? 2) Can you email it to claim@usforeclosurerecovery.com? 3) Is it available online?,NOT STARTED,,
MEDIUM,NC,Burke,EMAIL_FOIA,(828) 764-9430,collections@burkenc.org,https://www.doxo.com/u/biller/county-of-burke-1D1A12A/county-of-burke-ACA10D,"Send FOIA email requesting current excess proceeds/surplus funds list for Burke, North Carolina. Ask for Excel/PDF format. Template in county_email_outreach.py.",NOT STARTED,,
MEDIUM,NC,Cabarrus,EMAIL_FOIA,(704) 920-2166,taxinfo@cabarruscounty.us,https://mugshots-02.uscountyoffices.com/concord-nc-treasurer-tax-collector-office,"Send FOIA email requesting current excess proceeds/surplus funds list for Cabarrus, North Carolina. Ask for Excel/PDF format. Template in county_email_outreach.py.",NOT STARTED,,
MEDIUM,NC,Caldwell,EMAIL_FOIA,(828) 757-1340,agents@caldwellcad.org,https://localoffices.org/treasurer-tax-collector/north-carolina/caldwell-county,"Send FOIA email requesting current excess proceeds/surplus funds list for Caldwell, North Carolina. Ask for Excel/PDF format. Template in county_email_outreach.py.",NOT STARTED,,
MEDIUM,NC,Camden,EMAIL_FOIA,(252) 338-1919,landerson@camdencountync.gov,https://www.camdencountync.gov/279/Taxes,"Send FOIA email requesting current excess proceeds/surplus funds list for Camden, North Carolina. Ask for Excel/PDF format. Template in county_email_outreach.py.",NOT STARTED,,
LOW,NC,Carteret,EMAIL_FOIA,(252) 728-8485,taxhelp@carteretcountync.gov,https://www.carteretcountync.gov/Directory.aspx?did=38,"Send FOIA email requesting current excess proceeds/surplus funds list for Carteret, North Carolina. Ask for Excel/PDF format. Template in county_email_outreach.py.",NOT STARTED,,
LOW,NC,Caswell,EMAIL_FOIA,(336) 694-4194,spetry@caswellcountync.gov,https://www.caswellcountync.gov/staff-directory,"Send FOIA email requesting current excess proceeds/surplus funds list for Caswell, North Carolina. Ask for Excel/PDF format. Template in county_email_outreach.py.",NOT STARTED,,
LOW,NC,Catawba,EMAIL_FOIA,(828) 465-8408,bmyers@catawbountync.gov,https://www.countyoffice.org/catawba-county-tax-collectors-office-newton-nc-0c0,"Send FOIA email requesting current excess proceeds/surplus funds list for Catawba, North Carolina. Ask for Excel/PDF format. Template in county_email_outreach.py.",NOT STARTED,,
LOW,NC,Chatham,EMAIL_FOIA,(919) 542-8211,chatham.tax@chathamcountync.gov,https://www.chathamcountync.gov/government/departments-programs-i-z/tax-administration,"Send FOIA email requesting current excess proceeds/surplus funds list for Chatham, North Carolina. Ask for Excel/PDF format. Template in county_email_outreach.py.",NOT STARTED,,
LOW,NC,Cherokee,EMAIL_FOIA,(864) 487-2551,sheila.carpenter@cherokeecountysc.gov,https://cherokeecountysc.gov/treasurer,"Send FOIA email requesting current excess proceeds/surplus funds list for Cherokee, North Carolina. Ask for Excel/PDF format. Template in county_email_outreach.py.",NOT STARTED,,
LOW,NC,Chowan,PHONE_REQUEST,(252) 482-8595,,https://www.chowancounty-nc.gov/tax-dept,Call county office and request excess proceeds list. Ask: 1) Do you have an excess proceeds or surplus funds list? 2) Can you email it to claim@usforeclosurerecovery.com? 3) Is it available online?,NOT STARTED,,
LOW,NC,Clay,EMAIL_FOIA,(828) 389-1266,taxoffice@claync.us,https://tax.claync.us/contact,"Send FOIA email requesting current excess proceeds/surplus funds list for Clay, North Carolina. Ask for Excel/PDF format. Template in county_email_outreach.py.",NOT STARTED,,
LOW,NC,Cleveland,EMAIL_FOIA,(704) 484-4845,CountyTreasurer@ClevelandCountyOK.com,https://localoffices.org/treasurer-tax-collector/north-carolina/cleveland-county,"Send FOIA email requesting current excess proceeds/surplus funds list for Cleveland, North Carolina. Ask for Excel/PDF format. Template in county_email_outreach.py.",NOT STARTED,,
LOW,NC,Columbus,PHONE_REQUEST,(877) 768-4775,,https://northcarolinacountyoffices.com/columbus/treasurer-tax-collector-offices,Call county office and request excess proceeds list. Ask: 1) Do you have an excess proceeds or surplus funds list? 2) Can you email it to claim@usforeclosurerecovery.com? 3) Is it available online?,NOT STARTED,,
LOW,NC,Craven,EMAIL_FOIA,(252) 636-6605,taxcollection@cravencountync.gov,https://www.cravencountync.gov/2469/Overview,"Send FOIA email requesting current excess proceeds/surplus funds list for Craven, North Carolina. Ask for Excel/PDF format. Template in county_email_outreach.py.",NOT STARTED,,
LOW,NC,Cumberland,EMAIL_FOIA,(910) 321-6804,taxweb@cumberlandcountync.gov,https://countyinfo.hoursguide.com/fayetteville-nc-treasurer-tax-collector-office-415913,"Send FOIA email requesting current excess proceeds/surplus funds list for Cumberland, North Carolina. Ask for Excel/PDF format. Template in county_email_outreach.py.",NOT STARTED,,
LOW,NC,Currituck,PHONE_REQUEST,(252) 232-3005,,https://currituckcountync.gov/tax/tax-staff,Call county office and request excess proceeds list. Ask: 1) Do you have an excess proceeds or surplus funds list? 2) Can you email it to claim@usforeclosurerecovery.com? 3) Is it available online?,NOT STARTED,,
LOW,NC,Dare,EMAIL_FOIA,(252) 475-5954,becky.huff@darenc.gov,https://localoffices.org/treasurer-tax-collector/north-carolina/dare-county,"Send FOIA email requesting current excess proceeds/surplus funds list for Dare, North Carolina. Ask for Excel/PDF format. Template in county_email_outreach.py.",NOT STARTED,,
LOW,NC,Davidson,PHONE_REQUEST,(336) 242-2160,,https://northcarolinacountyoffices.com/davidson/treasurer-tax-collector-offices,Call county office and request excess proceeds list. Ask: 1) Do you have an excess proceeds or surplus funds list? 2) Can you email it to claim@usforeclosurerecovery.com? 3) Is it available online?,NOT STARTED,,
LOW,NC,Davie,PHONE_REQUEST,(336) 753-6130,,https://www.daviecountync.gov/498/Contact-Us,Call county office and request excess proceeds list. Ask: 1) Do you have an excess proceeds or surplus funds list? 2) Can you email it to claim@usforeclosurerecovery.com? 3) Is it available online?,NOT STARTED,,
LOW,NC,Duplin,EMAIL_FOIA,(910) 296-2112,taxhelp@duplincountync.com,https://www.duplinnc.gov/directory.aspx?did=33,"Send FOIA email requesting current excess proceeds/surplus funds list for Duplin, North Carolina. Ask for Excel/PDF format. Template in county_email_outreach.py.",NOT STARTED,,
LOW,NC,Durham,EMAIL_FOIA,(919) 560-0300,tax_assessor@dconc.gov,https://dconc.gov/Tax-Administration,"Send FOIA email requesting current excess proceeds/surplus funds list for Durham, North Carolina. Ask for Excel/PDF format. Template in county_email_outreach.py.",NOT STARTED,,
LOW,NC,Edgecombe,PHONE_REQUEST,(252) 641-7810,,https://www.edgecombecountync.gov/businesses/tax_collector/index.php,Call county office and request excess proceeds list. Ask: 1) Do you have an excess proceeds or surplus funds list? 2) Can you email it to claim@usforeclosurerecovery.com? 3) Is it available online?,NOT STARTED,,
LOW,NC,Forsyth,PHONE_REQUEST,(336) 703-2300,,https://northcarolinacountyoffices.com/forsyth/treasurer-tax-collector-offices,Call county office and request excess proceeds list. Ask: 1) Do you have an excess proceeds or surplus funds list? 2) Can you email it to claim@usforeclosurerecovery.com? 3) Is it available online?,NOT STARTED,,
LOW,NC,Franklin,PHONE_REQUEST,(919) 496-2172,,https://www.franklincountync.gov/295/Tax-GIS,Call county office and request excess proceeds list. Ask: 1) Do you have an excess proceeds or surplus funds list? 2) Can you email it to claim@usforeclosurerecovery.com? 3) Is it available online?,NOT STARTED,,
LOW,NC,Gaston,PHONE_REQUEST,(980) 303-2276,,https://cao.mecknc.gov/tax-relief-programs/property-tax-exclusion-elderly-or-disabled,Call county office and request excess proceeds list. Ask: 1) Do you have an excess proceeds or surplus funds list? 2) Can you email it to claim@usforeclosurerecovery.com? 3) Is it available online?,NOT STARTED,,
LOW,NC,Gates,PHONE_REQUEST,(252) 357-1360,,https://gatescountync.gov/tax-administration,Call county office and request excess proceeds list. Ask: 1) Do you have an excess proceeds or surplus funds list? 2) Can you email it to claim@usforeclosurerecovery.com? 3) Is it available online?,NOT STARTED,,
LOW,NC,Graham,EMAIL_FOIA,(828) 479-7962,tajuana.ledwell@grahamcounty.org,https://www.grahamcounty.org/tax_collector.html,"Send FOIA email requesting current excess proceeds/surplus funds list for Graham, North Carolina. Ask for Excel/PDF format. Template in county_email_outreach.py.",NOT STARTED,,
LOW,NC,Granville,PHONE_REQUEST,(919) 693-4181,,https://www.granvillecounty.org/238/Tax-Administration,Call county office and request excess proceeds list. Ask: 1) Do you have an excess proceeds or surplus funds list? 2) Can you email it to claim@usforeclosurerecovery.com? 3) Is it available online?,NOT STARTED,,
LOW,NC,Greene,PHONE_REQUEST,(252) 747-3615,,https://greenecountync.gov/departments/tax,Call county office and request excess proceeds list. Ask: 1) Do you have an excess proceeds or surplus funds list? 2) Can you email it to claim@usforeclosurerecovery.com? 3) Is it available online?,NOT STARTED,,
LOW,NC,Guilford,EMAIL_FOIA,(336) 641-3363,indtax@guilfordcountync.gov,https://www.guilfordcountync.gov/government/departments-and-agencies/tax-department,"Send FOIA email requesting current excess proceeds/surplus funds list for Guilford, North Carolina. Ask for Excel/PDF format. Template in county_email_outreach.py.",NOT STARTED,,
LOW,NC,Halifax,EMAIL_FOIA,(252) 583-2121,taxhelp@halifaxnc.com,https://cao.mecknc.gov/tax-relief-programs/property-tax-exclusion-elderly-or-disabled,"Send FOIA email requesting current excess proceeds/surplus funds list for Halifax, North Carolina. Ask for Excel/PDF format. Template in county_email_outreach.py.",NOT STARTED,,
LOW,NC,Harnett,EMAIL_FOIA,(910) 893-7520,taxinfo@harnett.org,https://countyinfo.hoursguide.com/harnett-county-nc-treasurer-tax-collector-office,"Send FOIA email requesting current excess proceeds/surplus funds list for Harnett, North Carolina. Ask for Excel/PDF format. Template in county_email_outreach.py.",NOT STARTED,,
LOW,NC,Haywood,PHONE_REQUEST,(828) 452-6629,,https://localoffices.org/treasurer-tax-collector/north-carolina/haywood-county,Call county office and request excess proceeds list. Ask: 1) Do you have an excess proceeds or surplus funds list? 2) Can you email it to claim@usforeclosurerecovery.com? 3) Is it available online?,NOT STARTED,,
LOW,NC,Henderson,EMAIL_FOIA,(828) 697-5595,taxdept@hendersoncountync.gov,https://www.hendersoncountync.gov/tax/custom-contact-page/tax-department-contact-information,"Send FOIA email requesting current excess proceeds/surplus funds list for Henderson, North Carolina. Ask for Excel/PDF format. Template in county_email_outreach.py.",NOT STARTED,,
LOW,NC,Hertford,PHONE_REQUEST,(252) 358-7815,,https://www.hertfordcountync.gov/departments/county_administration/tax_collector/index.php,Call county office and request excess proceeds list. Ask: 1) Do you have an excess proceeds or surplus funds list? 2) Can you email it to claim@usforeclosurerecovery.com? 3) Is it available online?,NOT STARTED,,
LOW,NC,Hoke,PHONE_REQUEST,(910) 875-8751,,https://www.hokecounty.net/Directory.aspx?DID=14,Call county office and request excess proceeds list. Ask: 1) Do you have an excess proceeds or surplus funds list? 2) Can you email it to claim@usforeclosurerecovery.com? 3) Is it available online?,NOT STARTED,,
LOW,NC,Hyde,EMAIL_FOIA,(252) 926-4190,ryan.bishop@hydecountync.gov,https://www.hydecountync.gov/departments/tax_dept.php,"Send FOIA email requesting current excess proceeds/surplus funds list for Hyde, North Carolina. Ask for Excel/PDF format. Template in county_email_outreach.py.",NOT STARTED,,
LOW,NC,Iredell,PHONE_REQUEST,(704) 878-3020,,https://taxweb.iredellcountync.gov/PublicAccess/TaxBill.aspx,Call county office and request excess proceeds list. Ask: 1) Do you have an excess proceeds or surplus funds list? 2) Can you email it to claim@usforeclosurerecovery.com? 3) Is it available online?,NOT STARTED,,
LOW,NC,Jackson,PHONE_REQUEST,(828) 586-7553,,https://localoffices.org/treasurer-tax-collector/north-carolina/jackson-county,Call county office and request excess proceeds list. Ask: 1) Do you have an excess proceeds or surplus funds list? 2) Can you email it to claim@usforeclosurerecovery.com? 3) Is it available online?,NOT STARTED,,
LOW,NC,Johnston,EMAIL_FOIA,(580) 371-3082,johnston@okcountytreasurers.com,https://johnsoncounty.in.gov/egov/apps/faq/list.egov?eGov_searchDepartment=11,"Send FOIA email requesting current excess proceeds/surplus funds list for Johnston, North Carolina. Ask for Excel/PDF format. Template in county_email_outreach.py.",NOT STARTED,,
LOW,NC,Jones,PHONE_REQUEST,(252) 448-2546,,https://jonescountync.gov/departments/tax-department,Call county office and request excess proceeds list. Ask: 1) Do you have an excess proceeds or surplus funds list? 2) Can you email it to claim@usforeclosurerecovery.com? 3) Is it available online?,NOT STARTED,,
LOW,NC,Lee,EMAIL_FOIA,(919) 718-4662,collections@leecountync.gov,https://leecountync.gov/departments/tax_administration/online_bill_inquiry.php,"Send FOIA email requesting current excess proceeds/surplus funds list for Lee, North Carolina. Ask for Excel/PDF format. Template in county_email_outreach.py.",NOT STARTED,,
LOW,NC,Lenoir,EMAIL_FOIA,(252) 527-7174,lorie.english@lenoircountync.gov,https://lenoircountync.gov/tax-department/contact-list,"Send FOIA email requesting current excess proceeds/surplus funds list for Lenoir, North Carolina. Ask for Excel/PDF format. Template in county_email_outreach.py.",NOT STARTED,,
LOW,NC,Lincoln,PHONE_REQUEST,(704) 736-8542,,https://www.lincolncountync.gov/directory.aspx?did=28,Call county office and request excess proceeds list. Ask: 1) Do you have an excess proceeds or surplus funds list? 2) Can you email it to claim@usforeclosurerecovery.com? 3) Is it available online?,NOT STARTED,,
LOW,NC,Macon,EMAIL_FOIA,(828) 349-2149,abraswell@maconnc.org,https://www.localoffices.org/treasurer-tax-collector/north-carolina/macon-county,"Send FOIA email requesting current excess proceeds/surplus funds list for Macon, North Carolina. Ask for Excel/PDF format. Template in county_email_outreach.py.",NOT STARTED,,
LOW,NC,Madison,PHONE_REQUEST,(828) 649-0734,,https://www.madisoncountync.gov/contact-us.html,Call county office and request excess proceeds list. Ask: 1) Do you have an excess proceeds or surplus funds list? 2) Can you email it to claim@usforeclosurerecovery.com? 3) Is it available online?,NOT STARTED,,
LOW,NC,Martin,EMAIL_FOIA,(252) 789-4360,taxcollector@martincountync.gov,https://www.martincountync.gov/departments/_tax_collector/index.php,"Send FOIA email requesting current excess proceeds/surplus funds list for Martin, North Carolina. Ask for Excel/PDF format. Template in county_email_outreach.py.",NOT STARTED,,
LOW,NC,McDowell,EMAIL_FOIA,(828) 652-0701,taxcollections@mcdowellgov.com,https://mcdowellcountyncboe.gov/wp-content/uploads/2018/10/mcdowell-county-elected-,"Send FOIA email requesting current excess proceeds/surplus funds list for McDowell, North Carolina. Ask for Excel/PDF format. Template in county_email_outreach.py.",NOT STARTED,,
LOW,NC,Mecklenburg,EMAIL_FOIA,(704) 336-7600,taxmeck@MeckNC.gov,https://tax.mecknc.gov/services/pay,"Send FOIA email requesting current excess proceeds/surplus funds list for Mecklenburg, North Carolina. Ask for Excel/PDF format. Template in county_email_outreach.py.",NOT STARTED,,
LOW,NC,Mitchell,EMAIL_FOIA,(828) 537-1627,collector@mitchellcountync.gov,https://www.mitchellcountync.gov/departments/tax-collector,"Send FOIA email requesting current excess proceeds/surplus funds list for Mitchell, North Carolina. Ask for Excel/PDF format. Template in county_email_outreach.py.",NOT STARTED,,
LOW,NC,Montgomery,PHONE_REQUEST,(910) 576-4311,,https://www.montgomerycountync.gov/departments/tax-department,Call county office and request excess proceeds list. Ask: 1) Do you have an excess proceeds or surplus funds list? 2) Can you email it to claim@usforeclosurerecovery.com? 3) Is it available online?,NOT STARTED,,
LOW,NC,Moore,PHONE_REQUEST,(910) 947-2255,,https://www.moorecountync.gov/202/Tax,Call county office and request excess proceeds list. Ask: 1) Do you have an excess proceeds or surplus funds list? 2) Can you email it to claim@usforeclosurerecovery.com? 3) Is it available online?,NOT STARTED,,
LOW,NC,Nash,PHONE_REQUEST,(252) 459-9802,,https://localoffices.org/treasurer-tax-collector/north-carolina/nash-county,Call county office and request excess proceeds list. Ask: 1) Do you have an excess proceeds or surplus funds list? 2) Can you email it to claim@usforeclosurerecovery.com? 3) Is it available online?,NOT STARTED,,
LOW,NC,New Hanover,EMAIL_FOIA,(910) 798-7300,TaxAdmin@nhcgov.com,https://localoffices.org/treasurer-tax-collector/north-carolina/new-hanover-county,"Send FOIA email requesting current excess proceeds/surplus funds list for New Hanover, North Carolina. Ask for Excel/PDF format. Template in county_email_outreach.py.",NOT STARTED,,
LOW,NC,Northampton,EMAIL_FOIA,(252) 534-4461,michelle.jordan2@nhcnc.net,https://countyinfo.hoursguide.com/northampton-county-nc-treasurer-tax-collector-office,"Send FOIA email requesting current excess proceeds/surplus funds list for Northampton, North Carolina. Ask for Excel/PDF format. Template in county_email_outreach.py.",NOT STARTED,,
LOW,NC,Onslow,PHONE_REQUEST,(910) 989-3000,,https://www.onslowcountync.gov/directory.aspx?did=12,Call county office and request excess proceeds list. Ask: 1) Do you have an excess proceeds or surplus funds list? 2) Can you email it to claim@usforeclosurerecovery.com? 3) Is it available online?,NOT STARTED,,
LOW,NC,Orange,EMAIL_FOIA,(919) 245-2100,tax@orangecountync.gov,https://www.orangecountync.gov/839/Contact-Location,"Send FOIA email requesting current excess proceeds/surplus funds list for Orange, North Carolina. Ask for Excel/PDF format. Template in county_email_outreach.py.",NOT STARTED,,
LOW,NC,Pamlico,EMAIL_FOIA,(252) 745-4125,tax.office@pamlicocounty.org,https://pamlicocounty.org/departments/tax/about_the_tax_office.php,"Send FOIA email requesting current excess proceeds/surplus funds list for Pamlico, North Carolina. Ask for Excel/PDF format. Template in county_email_outreach.py.",NOT STARTED,,
LOW,NC,Pasquotank,EMAIL_FOIA,(252) 338-6107,griffinl@co.pasquotank.nc.us,https://northcarolinacountyoffices.com/pasquotank/treasurer-tax-collector-offices,"Send FOIA email requesting current excess proceeds/surplus funds list for Pasquotank, North Carolina. Ask for Excel/PDF format. Template in county_email_outreach.py.",NOT STARTED,,
LOW,NC,Pender,PHONE_REQUEST,(910) 259-1222,,https://pendercountync.gov/directory.aspx?did=74,Call county office and request excess proceeds list. Ask: 1) Do you have an excess proceeds or surplus funds list? 2) Can you email it to claim@usforeclosurerecovery.com? 3) Is it available online?,NOT STARTED,,
LOW,NC,Perquimans,PHONE_REQUEST,(252) 426-7010,,https://www.perquimanscountync.gov/tax-administrator/1000,Call county office and request excess proceeds list. Ask: 1) Do you have an excess proceeds or surplus funds list? 2) Can you email it to claim@usforeclosurerecovery.com? 3) Is it available online?,NOT STARTED,,
LOW,NC,Person,PHONE_REQUEST,(336) 597-1721,,https://www.thecountyoffice.com/roxboro-nc-treasurer-tax-collector-office-675357,Call county office and request excess proceeds list. Ask: 1) Do you have an excess proceeds or surplus funds list? 2) Can you email it to claim@usforeclosurerecovery.com? 3) Is it available online?,NOT STARTED,,
LOW,NC,Pitt,EMAIL_FOIA,(252) 902-3425,taxadmin.realproperty@pittcountync.gov,https://www.pittcountync.gov/465/Tax-Administration,"Send FOIA email requesting current excess proceeds/surplus funds list for Pitt, North Carolina. Ask for Excel/PDF format. Template in county_email_outreach.py.",NOT STARTED,,
LOW,NC,Polk,EMAIL_FOIA,(828) 894-8500,moloughlin@polknc.gov,https://www.polknc.gov/tax_assessor_and_collector.php,"Send FOIA email requesting current excess proceeds/surplus funds list for Polk, North Carolina. Ask for Excel/PDF format. Template in county_email_outreach.py.",NOT STARTED,,
LOW,NC,Randolph,EMAIL_FOIA,(844) 342-6555,mlee@randolphcounty-mo.gov,https://www.randolphcountycollector.com,"Send FOIA email requesting current excess proceeds/surplus funds list for Randolph, North Carolina. Ask for Excel/PDF format. Template in county_email_outreach.py.",NOT STARTED,,
LOW,NC,Richmond,EMAIL_FOIA,(910) 997-8270,vagas.jackson@richmondnc.gov,https://cao.mecknc.gov/tax-relief-programs/property-tax-exclusion-elderly-or-disabled,"Send FOIA email requesting current excess proceeds/surplus funds list for Richmond, North Carolina. Ask for Excel/PDF format. Template in county_email_outreach.py.",NOT STARTED,,
LOW,NC,Robeson,EMAIL_FOIA,(910) 671-3060,vicki.locklear@robesoncountync.gov,https://www.robesoncountync.gov/tax,"Send FOIA email requesting current excess proceeds/surplus funds list for Robeson, North Carolina. Ask for Excel/PDF format. Template in county_email_outreach.py.",NOT STARTED,,
LOW,NC,Rockingham,EMAIL_FOIA,(336) 342-8284,taxadm@rockinghamcountync.gov,https://www.myrockinghamcountynctax.com,"Send FOIA email requesting current excess proceeds/surplus funds list for Rockingham, North Carolina. Ask for Excel/PDF format. Template in county_email_outreach.py.",NOT STARTED,,
LOW,NC,Rowan,PHONE_REQUEST,(704) 216-8585,,https://www.rowancountync.gov/201/Tax-Collector,Call county office and request excess proceeds list. Ask: 1) Do you have an excess proceeds or surplus funds list? 2) Can you email it to claim@usforeclosurerecovery.com? 3) Is it available online?,NOT STARTED,,
LOW,NC,Rutherford,EMAIL_FOIA,(828) 287-6214,rebecca.perez@rutherfordcountync.gov,https://localoffices.org/treasurer-tax-collector/north-carolina/rutherford-county,"Send FOIA email requesting current excess proceeds/surplus funds list for Rutherford, North Carolina. Ask for Excel/PDF format. Template in county_email_outreach.py.",NOT STARTED,,
LOW,NC,Sampson,EMAIL_FOIA,(910) 592-7081,jjohnson@sampsonnc.com,https://countyinfo.hoursguide.com/sampson-county-nc-treasurer-tax-collector-office,"Send FOIA email requesting current excess proceeds/surplus funds list for Sampson, North Carolina. Ask for Excel/PDF format. Template in county_email_outreach.py.",NOT STARTED,,
LOW,NC,Scotland,PHONE_REQUEST,(910) 277-2566,,https://localoffices.org/treasurer-tax-collector/north-carolina/scotland-county,Call county office and request excess proceeds list. Ask: 1) Do you have an excess proceeds or surplus funds list? 2) Can you email it to claim@usforeclosurerecovery.com? 3) Is it available online?,NOT STARTED,,
LOW,NC,Stanly,EMAIL_FOIA,(704) 986-3639,information@courthousedirect.com,https://www.stanlycountync.gov/directory.aspx?did=15,"Send FOIA email requesting current excess proceeds/surplus funds list for Stanly, North Carolina. Ask for Excel/PDF format. Template in county_email_outreach.py.",NOT STARTED,,
LOW,NC,Stokes,EMAIL_FOIA,(336) 593-2418,rbrim@co.stokes.nc.us,https://www.co.stokes.nc.us/departments/tax_administration.php,"Send FOIA email requesting current excess proceeds/surplus funds list for Stokes, North Carolina. Ask for Excel/PDF format. Template in county_email_outreach.py.",NOT STARTED,,
LOW,NC,Surry,PHONE_REQUEST,(336) 401-8121,,https://www.localoffices.org/treasurer-tax-collector/north-carolina/surry-county,Call county office and request excess proceeds list. Ask: 1) Do you have an excess proceeds or surplus funds list? 2) Can you email it to claim@usforeclosurerecovery.com? 3) Is it available online?,NOT STARTED,,
LOW,NC,Swain,EMAIL_FOIA,(828) 488-9273,TAXOFFICE@SWAINCOUNTYNC.GOV,https://www.swaincountync.gov/tax-office,"Send FOIA email requesting current excess proceeds/surplus funds list for Swain, North Carolina. Ask for Excel/PDF format. Template in county_email_outreach.py.",NOT STARTED,,
LOW,NC,Transylvania,EMAIL_FOIA,(828) 884-3200,Jessica.mccall@transylvaniacounty.org,https://www.transylvaniacounty.org/county-directory,"Send FOIA email requesting current excess proceeds/surplus funds list for Transylvania, North Carolina. Ask for Excel/PDF format. Template in county_email_outreach.py.",NOT STARTED,,
LOW,NC,Tyrrell,EMAIL_FOIA,(252) 796-2901,geneboger@tyrrellcounty.net,https://www.findcityoffice.com/offices/treasurer-tax-collector-office/NC/tyrrell-county,"Send FOIA email requesting current excess proceeds/surplus funds list for Tyrrell, North Carolina. Ask for Excel/PDF format. Template in county_email_outreach.py.",NOT STARTED,,
LOW,NC,Union,PHONE_REQUEST,(704) 283-3748,,https://coroners-medical-examiner-01.uscountyoffices.com/union-county-nc-treasurer-tax-,Call county office and request excess proceeds list. Ask: 1) Do you have an excess proceeds or surplus funds list? 2) Can you email it to claim@usforeclosurerecovery.com? 3) Is it available online?,NOT STARTED,,
LOW,NC,Vance,EMAIL_FOIA,(252) 738-2040,taxoffice@vancecounty.org,https://www.uslocaloffice.com/404,"Send FOIA email requesting current excess proceeds/surplus funds list for Vance, North Carolina. Ask for Excel/PDF format. Template in county_email_outreach.py.",NOT STARTED,,
LOW,NC,Wake,EMAIL_FOIA,(919) 856-5400,taxhelp@wake.gov,https://www.wake.gov/departments-government/tax-administration/contact-department-tax-,"Send FOIA email requesting current excess proceeds/surplus funds list for Wake, North Carolina. Ask for Excel/PDF format. Template in county_email_outreach.py.",NOT STARTED,,
LOW,NC,Warren,EMAIL_FOIA,(252) 257-3337,yvonnealston@warrencountync.gov,https://localoffices.org/treasurer-tax-collector/north-carolina/warren-county,"Send FOIA email requesting current excess proceeds/surplus funds list for Warren, North Carolina. Ask for Excel/PDF format. Template in county_email_outreach.py.",NOT STARTED,,
LOW,NC,Washington,EMAIL_FOIA,(252) 793-1176,jbennett@washconc.org,https://cao.mecknc.gov/tax-relief-programs/property-tax-exclusion-elderly-or-disabled,"Send FOIA email requesting current excess proceeds/surplus funds list for Washington, North Carolina. Ask for Excel/PDF format. Template in county_email_outreach.py.",NOT STARTED,,
LOW,NC,Watauga,EMAIL_FOIA,(828) 265-8021,Tyler.Rash@watgov.org,https://www.wataugacounty.org/App_pages/Dept/Tax/contact.aspx,"Send FOIA email requesting current excess proceeds/surplus funds list for Watauga, North Carolina. Ask for Excel/PDF format. Template in county_email_outreach.py.",NOT STARTED,,
LOW,NC,Wayne,PHONE_REQUEST,(919) 731-1461,,https://pta.waynecounty.com,Call county office and request excess proceeds list. Ask: 1) Do you have an excess proceeds or surplus funds list? 2) Can you email it to claim@usforeclosurerecovery.com? 3) Is it available online?,NOT STARTED,,
LOW,NC,Wilkes,EMAIL_FOIA,(336) 651-7575,misty.smithey@wilkescounty.net,https://localoffices.org/treasurer-tax-collector/north-carolina/wilkes-county,"Send FOIA email requesting current excess proceeds/surplus funds list for Wilkes, North Carolina. Ask for Excel/PDF format. Template in county_email_outreach.py.",NOT STARTED,,
LOW,NC,Wilson,PHONE_REQUEST,(252) 399-2915,,https://www.wilsoncountync.gov/departments/tax-department,Call county office and request excess proceeds list. Ask: 1) Do you have an excess proceeds or surplus funds list? 2) Can you email it to claim@usforeclosurerecovery.com? 3) Is it available online?,NOT STARTED,,
LOW,NC,Yadkin,EMAIL_FOIA,(336) 679-4223,mkoser@yadkinville.org,https://countyinfo.hoursguide.com/yadkin-county-nc-treasurer-tax-collector-office,"Send FOIA email requesting current excess proceeds/surplus funds list for Yadkin, North Carolina. Ask for Excel/PDF format. Template in county_email_outreach.py.",NOT STARTED,,
LOW,NC,Yancey,EMAIL_FOIA,(828) 682-2197,susan.jobe@yanceycountync.gov,https://countyinfo.hoursguide.com/yancey-county-nc-treasurer-tax-collector-office,"Send FOIA email requesting current excess proceeds/surplus funds list for Yancey, North Carolina. Ask for Excel/PDF format. Template in county_email_outreach.py.",NOT STARTED,,
HIGH,NE,Adams,PHONE_REQUEST,(402) 461-7120,,https://adamscountyne.gov/treasurer,Call county office and request excess proceeds list. Ask: 1) Do you have an excess proceeds or surplus funds list? 2) Can you email it to claim@usforeclosurerecovery.com? 3) Is it available online?,NOT STARTED,,
HIGH,NE,Antelope,EMAIL_FOIA,(402) 887-4247,treasurer@antelopecounty.ne.gov,https://antelopecounty.nebraska.gov/treasurer,"Send FOIA email requesting current excess proceeds/surplus funds list for Antelope, Nebraska. Ask for Excel/PDF format. Template in county_email_outreach.py.",NOT STARTED,,
HIGH,NE,Arthur,PHONE_REQUEST,(308) 764-2201,,https://arthurcounty.nebraska.gov/node/5,Call county office and request excess proceeds list. Ask: 1) Do you have an excess proceeds or surplus funds list? 2) Can you email it to claim@usforeclosurerecovery.com? 3) Is it available online?,NOT STARTED,,
HIGH,NE,Banner,PHONE_REQUEST,(308) 436-6597,,https://bannercountyne.gov/government/officials/treasurer,Call county office and request excess proceeds list. Ask: 1) Do you have an excess proceeds or surplus funds list? 2) Can you email it to claim@usforeclosurerecovery.com? 3) Is it available online?,NOT STARTED,,
HIGH,NE,Blaine,EMAIL_FOIA,(308) 547-2222,treasurer@blainecountyne.com,https://blainecounty.nebraska.gov/county-treasurer,"Send FOIA email requesting current excess proceeds/surplus funds list for Blaine, Nebraska. Ask for Excel/PDF format. Template in county_email_outreach.py.",NOT STARTED,,
MEDIUM,NE,Boone,PHONE_REQUEST,(402) 395-2513,,https://boonecountyne.gov/treasurer-office,Call county office and request excess proceeds list. Ask: 1) Do you have an excess proceeds or surplus funds list? 2) Can you email it to claim@usforeclosurerecovery.com? 3) Is it available online?,NOT STARTED,,
MEDIUM,NE,Box Butte,PHONE_REQUEST,(308) 762-1520,,https://boxbuttecountyne.gov,Call county office and request excess proceeds list. Ask: 1) Do you have an excess proceeds or surplus funds list? 2) Can you email it to claim@usforeclosurerecovery.com? 3) Is it available online?,NOT STARTED,,
MEDIUM,NE,Boyd,EMAIL_FOIA,(402) 775-2581,treasurer@boydcounty.ne.gov,https://boydcounty.ne.gov/webpages/treasurer/treasurer.html,"Send FOIA email requesting current excess proceeds/surplus funds list for Boyd, Nebraska. Ask for Excel/PDF format. Template in county_email_outreach.py.",NOT STARTED,,
MEDIUM,NE,Brown,EMAIL_FOIA,(402) 387-2650,treasurer@browncountyne.gov,https://browncountyne.gov/county-treasurer,"Send FOIA email requesting current excess proceeds/surplus funds list for Brown, Nebraska. Ask for Excel/PDF format. Template in county_email_outreach.py.",NOT STARTED,,
MEDIUM,NE,Buffalo,EMAIL_FOIA,(308) 236-1250,treasurer@buffalocounty.ne.gov,https://buffalocounty.ne.gov/TREASURER,"Send FOIA email requesting current excess proceeds/surplus funds list for Buffalo, Nebraska. Ask for Excel/PDF format. Template in county_email_outreach.py.",NOT STARTED,,
MEDIUM,NE,Burt,PHONE_REQUEST,(402) 374-2911,,https://burtcounty.ne.gov/webpages/treasurer/treasurer.html,Call county office and request excess proceeds list. Ask: 1) Do you have an excess proceeds or surplus funds list? 2) Can you email it to claim@usforeclosurerecovery.com? 3) Is it available online?,NOT STARTED,,
MEDIUM,NE,Butler,EMAIL_FOIA,(402) 367-7450,kadamy@butlercountyne.gov,https://butlercountyne.gov/webpages/treasurer/treasurer.html,"Send FOIA email requesting current excess proceeds/surplus funds list for Butler, Nebraska. Ask for Excel/PDF format. Template in county_email_outreach.py.",NOT STARTED,,
MEDIUM,NE,Cass,PHONE_REQUEST,(402) 296-2460,,https://www.casscountyne.gov/county-treasurer,Call county office and request excess proceeds list. Ask: 1) Do you have an excess proceeds or surplus funds list? 2) Can you email it to claim@usforeclosurerecovery.com? 3) Is it available online?,NOT STARTED,,
MEDIUM,NE,Cedar,EMAIL_FOIA,(402) 254-7421,jean.wiebelhaus@cedarcountyne.gov,https://cedarcountyne.gov/webpages/contacts/contacts.html,"Send FOIA email requesting current excess proceeds/surplus funds list for Cedar, Nebraska. Ask for Excel/PDF format. Template in county_email_outreach.py.",NOT STARTED,,
MEDIUM,NE,Chase,EMAIL_FOIA,(308) 882-7510,treasurer@chasecountyne.gov,https://chasecounty.nebraska.gov/about/contact-directory,"Send FOIA email requesting current excess proceeds/surplus funds list for Chase, Nebraska. Ask for Excel/PDF format. Template in county_email_outreach.py.",NOT STARTED,,
LOW,NE,Cherry,EMAIL_FOIA,(402) 376-1580,Treasurer@cherrycountyne.com,https://cherrycountyne.gov/webpages/treasurer/treasurer.html,"Send FOIA email requesting current excess proceeds/surplus funds list for Cherry, Nebraska. Ask for Excel/PDF format. Template in county_email_outreach.py.",NOT STARTED,,
LOW,NE,Cheyenne,EMAIL_FOIA,(308) 254-2733,treasurer@cheyennecountyne.gov,https://www.cheyennecountyne.net/treasurer,"Send FOIA email requesting current excess proceeds/surplus funds list for Cheyenne, Nebraska. Ask for Excel/PDF format. Template in county_email_outreach.py.",NOT STARTED,,
LOW,NE,Clay,EMAIL_FOIA,(402) 762-3505,robin.gilbert@claycountyne.gov,https://claycounty.ne.gov/webpages/treasurer/treasurer.html,"Send FOIA email requesting current excess proceeds/surplus funds list for Clay, Nebraska. Ask for Excel/PDF format. Template in county_email_outreach.py.",NOT STARTED,,
LOW,NE,Colfax,PHONE_REQUEST,(402) 352-8504,,https://colfaxcountyne.gov,Call county office and request excess proceeds list. Ask: 1) Do you have an excess proceeds or surplus funds list? 2) Can you email it to claim@usforeclosurerecovery.com? 3) Is it available online?,NOT STARTED,,
LOW,NE,Cuming,EMAIL_FOIA,(402) 372-6011,treasurer@cumingcounty.ne.gov,https://cumingcountyne.gov/treasurer,"Send FOIA email requesting current excess proceeds/surplus funds list for Cuming, Nebraska. Ask for Excel/PDF format. Template in county_email_outreach.py.",NOT STARTED,,
LOW,NE,Custer,EMAIL_FOIA,(308) 872-2921,sbryant@custercountyne.gov,https://custercountyne.gov/webpages/treasurer/treasurer.html,"Send FOIA email requesting current excess proceeds/surplus funds list for Custer, Nebraska. Ask for Excel/PDF format. Template in county_email_outreach.py.",NOT STARTED,,
LOW,NE,Dakota,EMAIL_FOIA,(402) 987-2131,cconley@dakotacounty.ne.gov,https://dakotacounty.ne.gov/webpages/clerk/clerk.html,"Send FOIA email requesting current excess proceeds/surplus funds list for Dakota, Nebraska. Ask for Excel/PDF format. Template in county_email_outreach.py.",NOT STARTED,,
LOW,NE,Dawes,PHONE_REQUEST,(308) 432-0105,,https://www.mapquest.com/us/nebraska/dawes-county-treasurer-372497457,Call county office and request excess proceeds list. Ask: 1) Do you have an excess proceeds or surplus funds list? 2) Can you email it to claim@usforeclosurerecovery.com? 3) Is it available online?,NOT STARTED,,
LOW,NE,Dawson,EMAIL_FOIA,(308) 324-3241,Kaitlyn.Woltemath@dawsoncountyne.gov,https://www.dawsoncountyne.gov/administrative/treasurer/index.php,"Send FOIA email requesting current excess proceeds/surplus funds list for Dawson, Nebraska. Ask for Excel/PDF format. Template in county_email_outreach.py.",NOT STARTED,,
LOW,NE,Deuel,PHONE_REQUEST,(308) 874-3307,,https://deuelcountyne.gov/webpages/treasurer/treasurer.html,Call county office and request excess proceeds list. Ask: 1) Do you have an excess proceeds or surplus funds list? 2) Can you email it to claim@usforeclosurerecovery.com? 3) Is it available online?,NOT STARTED,,
LOW,NE,Dixon,EMAIL_FOIA,(402) 755-5603,dixonca@dixoncountyne.gov,https://dixoncountyne.gov,"Send FOIA email requesting current excess proceeds/surplus funds list for Dixon, Nebraska. Ask for Excel/PDF format. Template in county_email_outreach.py.",NOT STARTED,,
LOW,NE,Dodge,EMAIL_FOIA,(402) 727-2750,treasurer@dodgecountyne.gov,https://dodgecounty.nebraska.gov/treasurer,"Send FOIA email requesting current excess proceeds/surplus funds list for Dodge, Nebraska. Ask for Excel/PDF format. Template in county_email_outreach.py.",NOT STARTED,,
LOW,NE,Douglas,PHONE_REQUEST,(402) 444-7082,,https://douglascountysheriff.org/FAQ.aspx?QID=74,Call county office and request excess proceeds list. Ask: 1) Do you have an excess proceeds or surplus funds list? 2) Can you email it to claim@usforeclosurerecovery.com? 3) Is it available online?,NOT STARTED,,
LOW,NE,Dundy,EMAIL_FOIA,(308) 423-2346,penny.denny@dundycountyne.gov,https://dundycounty.nebraska.gov/webpages/contacts/contacts.html,"Send FOIA email requesting current excess proceeds/surplus funds list for Dundy, Nebraska. Ask for Excel/PDF format. Template in county_email_outreach.py.",NOT STARTED,,
LOW,NE,Fillmore,PHONE_REQUEST,(402) 759-3812,,https://fillmorecountyne.gov,Call county office and request excess proceeds list. Ask: 1) Do you have an excess proceeds or surplus funds list? 2) Can you email it to claim@usforeclosurerecovery.com? 3) Is it available online?,NOT STARTED,,
LOW,NE,Franklin,PHONE_REQUEST,(308) 425-6265,,https://franklincountyne.gov/treasurer-office,Call county office and request excess proceeds list. Ask: 1) Do you have an excess proceeds or surplus funds list? 2) Can you email it to claim@usforeclosurerecovery.com? 3) Is it available online?,NOT STARTED,,
LOW,NE,Frontier,PHONE_REQUEST,(308) 367-8631,,https://frontiercounty.ne.gov,Call county office and request excess proceeds list. Ask: 1) Do you have an excess proceeds or surplus funds list? 2) Can you email it to claim@usforeclosurerecovery.com? 3) Is it available online?,NOT STARTED,,
LOW,NE,Furnas,EMAIL_FOIA,(308) 268-2195,treasurer@furnascounty.ne.gov,https://furnascounty.ne.gov/webpages/treasurer/treasurer.html,"Send FOIA email requesting current excess proceeds/surplus funds list for Furnas, Nebraska. Ask for Excel/PDF format. Template in county_email_outreach.py.",NOT STARTED,,
LOW,NE,Gage,EMAIL_FOIA,(402) 223-1316,lwollenburg@gagecountyne.gov,https://gagecountyne.gov/webpages/treasurer/treasurer.html,"Send FOIA email requesting current excess proceeds/surplus funds list for Gage, Nebraska. Ask for Excel/PDF format. Template in county_email_outreach.py.",NOT STARTED,,
LOW,NE,Garden,EMAIL_FOIA,(308) 772-3622,treasurer@gardencounty.ne.gov,https://gardencounty.ne.gov,"Send FOIA email requesting current excess proceeds/surplus funds list for Garden, Nebraska. Ask for Excel/PDF format. Template in county_email_outreach.py.",NOT STARTED,,
LOW,NE,Garfield,EMAIL_FOIA,(308) 346-4125,treasurer@garfieldcountyne.gov,https://garfieldcounty.ne.gov/webpages/treasurer/treasurer.html,"Send FOIA email requesting current excess proceeds/surplus funds list for Garfield, Nebraska. Ask for Excel/PDF format. Template in county_email_outreach.py.",NOT STARTED,,
LOW,NE,Gosper,EMAIL_FOIA,(308) 785-2450,treasurer@gospercountyne.gov,https://gospercountyne.gov/webpages/treasurer/treasurer.html,"Send FOIA email requesting current excess proceeds/surplus funds list for Gosper, Nebraska. Ask for Excel/PDF format. Template in county_email_outreach.py.",NOT STARTED,,
LOW,NE,Grant,EMAIL_FOIA,(308) 458-2422,treasurer@grantcountyne.gov,https://grantcountyne.gov/webpages/treasurer/treasurer.html,"Send FOIA email requesting current excess proceeds/surplus funds list for Grant, Nebraska. Ask for Excel/PDF format. Template in county_email_outreach.py.",NOT STARTED,,
LOW,NE,Greeley,EMAIL_FOIA,(308) 428-3535,treasurer@greeleycountyne.gov,https://greeleycounty.ne.gov/webpages/treasurer/treasurer.html,"Send FOIA email requesting current excess proceeds/surplus funds list for Greeley, Nebraska. Ask for Excel/PDF format. Template in county_email_outreach.py.",NOT STARTED,,
LOW,NE,Hall,EMAIL_FOIA,(308) 385-5025,alainav@hallcountyne.gov,https://www.hallcountyne.gov/departments/treasurer/index.php,"Send FOIA email requesting current excess proceeds/surplus funds list for Hall, Nebraska. Ask for Excel/PDF format. Template in county_email_outreach.py.",NOT STARTED,,
LOW,NE,Hamilton,EMAIL_FOIA,(402) 694-2291,treasurer@hamiltoncountyne.gov,https://hamiltoncountyne.gov/treasurer,"Send FOIA email requesting current excess proceeds/surplus funds list for Hamilton, Nebraska. Ask for Excel/PDF format. Template in county_email_outreach.py.",NOT STARTED,,
LOW,NE,Harlan,EMAIL_FOIA,(308) 928-2171,treasurer@harlancounty.ne.gov,https://harlancounty.ne.gov/webpages/treasurer/treasurer.html,"Send FOIA email requesting current excess proceeds/surplus funds list for Harlan, Nebraska. Ask for Excel/PDF format. Template in county_email_outreach.py.",NOT STARTED,,
LOW,NE,Hayes,EMAIL_FOIA,(308) 286-3214,treasurer@hayescounty.ne.gov,https://hayescounty.ne.gov/webpages/treasurer/treasurer.html,"Send FOIA email requesting current excess proceeds/surplus funds list for Hayes, Nebraska. Ask for Excel/PDF format. Template in county_email_outreach.py.",NOT STARTED,,
LOW,NE,Hitchcock,EMAIL_FOIA,(308) 334-5500,jdrain@hitchcockcountyne.gov,https://hitchcockcounty.ne.gov/webpages/treasurer/treasurer.html,"Send FOIA email requesting current excess proceeds/surplus funds list for Hitchcock, Nebraska. Ask for Excel/PDF format. Template in county_email_outreach.py.",NOT STARTED,,
LOW,NE,Holt,EMAIL_FOIA,(402) 336-1291,treas@holtcountyne.gov,https://holtcounty.nebraska.gov/about/county-treasurer,"Send FOIA email requesting current excess proceeds/surplus funds list for Holt, Nebraska. Ask for Excel/PDF format. Template in county_email_outreach.py.",NOT STARTED,,
LOW,NE,Hooker,EMAIL_FOIA,(308) 546-2245,crystal.wiens@hookercountyne.gov,https://hookercountyne.gov/phone-directory,"Send FOIA email requesting current excess proceeds/surplus funds list for Hooker, Nebraska. Ask for Excel/PDF format. Template in county_email_outreach.py.",NOT STARTED,,
LOW,NE,Howard,EMAIL_FOIA,(308) 754-4852,hctreasurer1@howardcountyne.gov,https://howardcounty.ne.gov/webpages/treasurer/treasurer.html,"Send FOIA email requesting current excess proceeds/surplus funds list for Howard, Nebraska. Ask for Excel/PDF format. Template in county_email_outreach.py.",NOT STARTED,,
LOW,NE,Jefferson,PHONE_REQUEST,(402) 729-6827,,https://jeffersoncounty.nebraska.gov/jefferson-county-treasurer,Call county office and request excess proceeds list. Ask: 1) Do you have an excess proceeds or surplus funds list? 2) Can you email it to claim@usforeclosurerecovery.com? 3) Is it available online?,NOT STARTED,,
LOW,NE,Johnson,PHONE_REQUEST,(402) 335-6310,,https://johnsoncounty.ne.gov/county-treasurer.html,Call county office and request excess proceeds list. Ask: 1) Do you have an excess proceeds or surplus funds list? 2) Can you email it to claim@usforeclosurerecovery.com? 3) Is it available online?,NOT STARTED,,
LOW,NE,Kearney,EMAIL_FOIA,(308) 832-2730,treasurer@kearneycountyne.gov,https://kearneycounty.ne.gov/webpages/treasurer/treasurer.html,"Send FOIA email requesting current excess proceeds/surplus funds list for Kearney, Nebraska. Ask for Excel/PDF format. Template in county_email_outreach.py.",NOT STARTED,,
LOW,NE,Keith,EMAIL_FOIA,(308) 284-3231,treasurer@keithcountyne.gov,https://www.keithcountyne.gov/residents/treasurer.php,"Send FOIA email requesting current excess proceeds/surplus funds list for Keith, Nebraska. Ask for Excel/PDF format. Template in county_email_outreach.py.",NOT STARTED,,
LOW,NE,Keya Paha,EMAIL_FOIA,(402) 497-3891,treasurer@keyapahacountyne.gov,https://keyapahacountyne.gov/webpages/treasurer/treasurer.html,"Send FOIA email requesting current excess proceeds/surplus funds list for Keya Paha, Nebraska. Ask for Excel/PDF format. Template in county_email_outreach.py.",NOT STARTED,,
LOW,NE,Kimball,EMAIL_FOIA,(308) 235-2242,treasurer@kimballcountyne.gov,https://www.kimballcountyne.gov/treasurer87f48a90,"Send FOIA email requesting current excess proceeds/surplus funds list for Kimball, Nebraska. Ask for Excel/PDF format. Template in county_email_outreach.py.",NOT STARTED,,
LOW,NE,Knox,EMAIL_FOIA,(402) 288-5615,treasurer@knoxcountyne.gov,https://knoxcountyne.gov,"Send FOIA email requesting current excess proceeds/surplus funds list for Knox, Nebraska. Ask for Excel/PDF format. Template in county_email_outreach.py.",NOT STARTED,,
LOW,NE,Lancaster,EMAIL_FOIA,(402) 441-7425,cotreasurer@lancaster.ne.gov,https://www.lancaster.ne.gov/224/County-Treasurer,"Send FOIA email requesting current excess proceeds/surplus funds list for Lancaster, Nebraska. Ask for Excel/PDF format. Template in county_email_outreach.py.",NOT STARTED,,
LOW,NE,Lincoln,EMAIL_FOIA,(308) 534-4350,treasurer@lincolncountyne.gov,https://lincolncountyne.gov/treasurer,"Send FOIA email requesting current excess proceeds/surplus funds list for Lincoln, Nebraska. Ask for Excel/PDF format. Template in county_email_outreach.py.",NOT STARTED,,
LOW,NE,Logan,EMAIL_FOIA,(308) 636-2441,treasurer@logancounty.ne.gov,https://logancounty.ne.gov/webpages/treasurer/treasurer.html,"Send FOIA email requesting current excess proceeds/surplus funds list for Logan, Nebraska. Ask for Excel/PDF format. Template in county_email_outreach.py.",NOT STARTED,,
LOW,NE,Loup,EMAIL_FOIA,(308) 942-3115,Treasurer@loupcounty.ne.gov,https://loupcounty.nebraska.gov/about/contact-us,"Send FOIA email requesting current excess proceeds/surplus funds list for Loup, Nebraska. Ask for Excel/PDF format. Template in county_email_outreach.py.",NOT STARTED,,
LOW,NE,Madison,PHONE_REQUEST,(402) 454-3311,,https://madisoncountyne.gov/contact-us,Call county office and request excess proceeds list. Ask: 1) Do you have an excess proceeds or surplus funds list? 2) Can you email it to claim@usforeclosurerecovery.com? 3) Is it available online?,NOT STARTED,,
LOW,NE,McPherson,EMAIL_FOIA,(308) 587-2442,treasurer@mcphersoncounty.ne.gov,https://mcphersoncounty.ne.gov/webpages/contacts/contacts.html,"Send FOIA email requesting current excess proceeds/surplus funds list for McPherson, Nebraska. Ask for Excel/PDF format. Template in county_email_outreach.py.",NOT STARTED,,
LOW,NE,Merrick,EMAIL_FOIA,(308) 946-2171,treasurer@merrickcountyne.gov,https://merrickcounty.ne.gov/webpages/treasurer/treasurer.html,"Send FOIA email requesting current excess proceeds/surplus funds list for Merrick, Nebraska. Ask for Excel/PDF format. Template in county_email_outreach.py.",NOT STARTED,,
LOW,NE,Morrill,PHONE_REQUEST,(308) 262-1177,,https://www.morrillcountyne.gov/treasurer.html,Call county office and request excess proceeds list. Ask: 1) Do you have an excess proceeds or surplus funds list? 2) Can you email it to claim@usforeclosurerecovery.com? 3) Is it available online?,NOT STARTED,,
LOW,NE,Nance,PHONE_REQUEST,(308) 536-2165,,https://nancecountyne.gov/treasurer-office,Call county office and request excess proceeds list. Ask: 1) Do you have an excess proceeds or surplus funds list? 2) Can you email it to claim@usforeclosurerecovery.com? 3) Is it available online?,NOT STARTED,,
LOW,NE,Nemaha,PHONE_REQUEST,(402) 274-3319,,https://nemahacountyne.gov/treasurer-office,Call county office and request excess proceeds list. Ask: 1) Do you have an excess proceeds or surplus funds list? 2) Can you email it to claim@usforeclosurerecovery.com? 3) Is it available online?,NOT STARTED,,
LOW,NE,Nuckolls,PHONE_REQUEST,(402) 225-2458,,https://nuckollscountyne.gov/treasurer-office,Call county office and request excess proceeds list. Ask: 1) Do you have an excess proceeds or surplus funds list? 2) Can you email it to claim@usforeclosurerecovery.com? 3) Is it available online?,NOT STARTED,,
LOW,NE,Otoe,EMAIL_FOIA,(402) 873-9510,nkreifels@otoecountyne.gov,https://otoecountyne.gov/departments/treasurer/index.php,"Send FOIA email requesting current excess proceeds/surplus funds list for Otoe, Nebraska. Ask for Excel/PDF format. Template in county_email_outreach.py.",NOT STARTED,,
LOW,NE,Pawnee,EMAIL_FOIA,(402) 852-2380,cindy.johnson@pawneecountyne.gov,https://pawneecountyne.gov/webpages/treasurer/treasurer.html,"Send FOIA email requesting current excess proceeds/surplus funds list for Pawnee, Nebraska. Ask for Excel/PDF format. Template in county_email_outreach.py.",NOT STARTED,,
LOW,NE,Perkins,PHONE_REQUEST,(308) 352-7570,,https://perkinscounty.ne.gov/webpages/treasurer/treasurer.html,Call county office and request excess proceeds list. Ask: 1) Do you have an excess proceeds or surplus funds list? 2) Can you email it to claim@usforeclosurerecovery.com? 3) Is it available online?,NOT STARTED,,
LOW,NE,Phelps,EMAIL_FOIA,(308) 995-6115,treasurer@phelpscone.org,https://phelpscounty.ne.gov/webpages/treasurer/treasurer.html,"Send FOIA email requesting current excess proceeds/surplus funds list for Phelps, Nebraska. Ask for Excel/PDF format. Template in county_email_outreach.py.",NOT STARTED,,
LOW,NE,Pierce,EMAIL_FOIA,(402) 329-6335,martikrue16@gmail.com,https://piercecountyne.gov/webpages/treasurer/treasurer.html,"Send FOIA email requesting current excess proceeds/surplus funds list for Pierce, Nebraska. Ask for Excel/PDF format. Template in county_email_outreach.py.",NOT STARTED,,
LOW,NE,Platte,PHONE_REQUEST,(402) 563-4913,,https://plattecounty.ne.gov/treasurer,Call county office and request excess proceeds list. Ask: 1) Do you have an excess proceeds or surplus funds list? 2) Can you email it to claim@usforeclosurerecovery.com? 3) Is it available online?,NOT STARTED,,
LOW,NE,Polk,EMAIL_FOIA,(402) 747-5441,treasurer@polkcountyne.gov,https://polkcounty.nebraska.gov/treasurer,"Send FOIA email requesting current excess proceeds/surplus funds list for Polk, Nebraska. Ask for Excel/PDF format. Template in county_email_outreach.py.",NOT STARTED,,
LOW,NE,Red Willow,EMAIL_FOIA,(308) 345-6515,treasurer@redwillowcountyne.gov,https://redwillowcountyne.gov/webpages/treasurer/treasurer.html,"Send FOIA email requesting current excess proceeds/surplus funds list for Red Willow, Nebraska. Ask for Excel/PDF format. Template in county_email_outreach.py.",NOT STARTED,,
LOW,NE,Richardson,EMAIL_FOIA,(402) 245-3511,a.bartek@richardsoncountyne.gov,https://richardsoncountyne.gov/webpages/treasurer/treasurer.html,"Send FOIA email requesting current excess proceeds/surplus funds list for Richardson, Nebraska. Ask for Excel/PDF format. Template in county_email_outreach.py.",NOT STARTED,,
LOW,NE,Rock,EMAIL_FOIA,(402) 684-3515,treasurer@rockcountyne.gov,https://rockcountyne.gov/treasurer,"Send FOIA email requesting current excess proceeds/surplus funds list for Rock, Nebraska. Ask for Excel/PDF format. Template in county_email_outreach.py.",NOT STARTED,,
LOW,NE,Saline,EMAIL_FOIA,(402) 821-2375,dspanyers@salinecountyne.gov,https://salinecountyne.gov/treasurer-office,"Send FOIA email requesting current excess proceeds/surplus funds list for Saline, Nebraska. Ask for Excel/PDF format. Template in county_email_outreach.py.",NOT STARTED,,
LOW,NE,Sarpy,EMAIL_FOIA,(402) 593-2148,cars@sarpy.gov,https://www.sarpy.gov/directory.aspx?did=10,"Send FOIA email requesting current excess proceeds/surplus funds list for Sarpy, Nebraska. Ask for Excel/PDF format. Template in county_email_outreach.py.",NOT STARTED,,
LOW,NE,Saunders,EMAIL_FOIA,(402) 443-8128,ascanlon@saunderscounty.ne.gov,https://saunderscounty.ne.gov/webpages/treasurer/treasurer.html,"Send FOIA email requesting current excess proceeds/surplus funds list for Saunders, Nebraska. Ask for Excel/PDF format. Template in county_email_outreach.py.",NOT STARTED,,
LOW,NE,Scotts Bluff,PHONE_REQUEST,(308) 436-6617,,https://scottsbluffcountyne.gov/treasurer-office,Call county office and request excess proceeds list. Ask: 1) Do you have an excess proceeds or surplus funds list? 2) Can you email it to claim@usforeclosurerecovery.com? 3) Is it available online?,NOT STARTED,,
LOW,NE,Seward,EMAIL_FOIA,(402) 643-4574,jzlatkovsky@sewardcountyne.gov,https://sewardcountyne.gov,"Send FOIA email requesting current excess proceeds/surplus funds list for Seward, Nebraska. Ask for Excel/PDF format. Template in county_email_outreach.py.",NOT STARTED,,
LOW,NE,Sheridan,EMAIL_FOIA,(308) 327-5651,treasurer@sheridancounty.ne.gov,https://sheridancounty.ne.gov/webpages/treasurer/treasurer.html,"Send FOIA email requesting current excess proceeds/surplus funds list for Sheridan, Nebraska. Ask for Excel/PDF format. Template in county_email_outreach.py.",NOT STARTED,,
LOW,NE,Sherman,EMAIL_FOIA,(308) 745-1513,treasurer@shermancountyne.gov,https://dmv.nebraska.gov/locations/county-treasurers,"Send FOIA email requesting current excess proceeds/surplus funds list for Sherman, Nebraska. Ask for Excel/PDF format. Template in county_email_outreach.py.",NOT STARTED,,
LOW,NE,Sioux,EMAIL_FOIA,(308) 668-2422,treasurer@siouxcountyne.org,https://siouxcountyne.gov/webpages/treasurer/treasurer.html,"Send FOIA email requesting current excess proceeds/surplus funds list for Sioux, Nebraska. Ask for Excel/PDF format. Template in county_email_outreach.py.",NOT STARTED,,
LOW,NE,Stanton,EMAIL_FOIA,(402) 439-2223,treasurer@stantoncountyne.gov,https://stantoncounty.nebraska.gov/about/treasurer,"Send FOIA email requesting current excess proceeds/surplus funds list for Stanton, Nebraska. Ask for Excel/PDF format. Template in county_email_outreach.py.",NOT STARTED,,
LOW,NE,Thayer,EMAIL_FOIA,(402) 768-6227,treasurer@thayercountyne.gov,https://thayercountyne.gov/contact-us,"Send FOIA email requesting current excess proceeds/surplus funds list for Thayer, Nebraska. Ask for Excel/PDF format. Template in county_email_outreach.py.",NOT STARTED,,
LOW,NE,Thomas,EMAIL_FOIA,(308) 645-2262,treasurer@thomascountyne.gov,https://thomascountyne.gov/webpages/treasurer/treasurer.html,"Send FOIA email requesting current excess proceeds/surplus funds list for Thomas, Nebraska. Ask for Excel/PDF format. Template in county_email_outreach.py.",NOT STARTED,,
LOW,NE,Thurston,EMAIL_FOIA,(402) 385-3058,treasurer@thurstoncountyne.gov,https://thurstoncountyne.gov/webpages/treasurer/treasurer.html,"Send FOIA email requesting current excess proceeds/surplus funds list for Thurston, Nebraska. Ask for Excel/PDF format. Template in county_email_outreach.py.",NOT STARTED,,
LOW,NE,Valley,EMAIL_FOIA,(308) 728-5606,treasurer@valleycountyne.gov,https://valleycountyne.gov,"Send FOIA email requesting current excess proceeds/surplus funds list for Valley, Nebraska. Ask for Excel/PDF format. Template in county_email_outreach.py.",NOT STARTED,,
LOW,NE,Washington,EMAIL_FOIA,(402) 426-6888,r.andreasen@washingtoncountyne.gov,https://www.washingtoncountyne.gov/treasurer,"Send FOIA email requesting current excess proceeds/surplus funds list for Washington, Nebraska. Ask for Excel/PDF format. Template in county_email_outreach.py.",NOT STARTED,,
LOW,NE,Wayne,PHONE_REQUEST,(402) 375-3885,,https://www.waynecountyne.gov/138/Treasurer,Call county office and request excess proceeds list. Ask: 1) Do you have an excess proceeds or surplus funds list? 2) Can you email it to claim@usforeclosurerecovery.com? 3) Is it available online?,NOT STARTED,,
LOW,NE,Webster,EMAIL_FOIA,(402) 746-2877,treasurer@webstercounty.ne.gov,https://webstercounty.ne.gov/webpages/treasurer/treasurer.html,"Send FOIA email requesting current excess proceeds/surplus funds list for Webster, Nebraska. Ask for Excel/PDF format. Template in county_email_outreach.py.",NOT STARTED,,
LOW,NE,Wheeler,EMAIL_FOIA,(308) 654-3236,cotreas@wheelercountyne.gov,https://wheelercounty.ne.gov/webpages/treasurer/treasurer.html,"Send FOIA email requesting current excess proceeds/surplus funds list for Wheeler, Nebraska. Ask for Excel/PDF format. Template in county_email_outreach.py.",NOT STARTED,,
LOW,NE,York,EMAIL_FOIA,(402) 362-4929,mwilliams@yorkcountyne.gov,https://www.yorkcounty.ne.gov/contact.html,"Send FOIA email requesting current excess proceeds/surplus funds list for York, Nebraska. Ask for Excel/PDF format. Template in county_email_outreach.py.",NOT STARTED,,
HIGH,NV,Carson City,PHONE_REQUEST,(775) 887-2092,,https://www.countyoffice.org/nv-carson-city-treasurer-tax-collector,Call county office and request excess proceeds list. Ask: 1) Do you have an excess proceeds or surplus funds list? 2) Can you email it to claim@usforeclosurerecovery.com? 3) Is it available online?,NOT STARTED,,
HIGH,NV,Churchill County,EMAIL_FOIA,(775) 423-6028,assessor-info@churchillcounty.org,https://www.churchillcounty.org/directory.aspx?did=19,"Send FOIA email requesting current excess proceeds/surplus funds list for Churchill County, Nevada. Ask for Excel/PDF format. Template in county_email_outreach.py.",NOT STARTED,,
HIGH,NV,Clark County,EMAIL_FOIA,(702) 455-3882,AOCustomerServiceRequests@ClarkCountyNV.gov,https://www.clarkcountynv.gov/government/assessor,"Send FOIA email requesting current excess proceeds/surplus funds list for Clark County, Nevada. Ask for Excel/PDF format. Template in county_email_outreach.py.",NOT STARTED,,
HIGH,NV,Douglas County,PHONE_REQUEST,(775) 782-9017,,https://www.douglascountynv.gov/government/departments/assessor,Call county office and request excess proceeds list. Ask: 1) Do you have an excess proceeds or surplus funds list? 2) Can you email it to claim@usforeclosurerecovery.com? 3) Is it available online?,NOT STARTED,,
HIGH,NV,Elko County,EMAIL_FOIA,(775) 738-5217,assessors@elkocountynv.net,https://www.elkocountynv.gov/new_page/treasurer20/index.php,"Send FOIA email requesting current excess proceeds/surplus funds list for Elko County, Nevada. Ask for Excel/PDF format. Template in county_email_outreach.py.",NOT STARTED,,
MEDIUM,NV,Esmeralda County,EMAIL_FOIA,(775) 485-6309,assessor3@frontiernet.net,https://nacceo.org/county.aspx?countyid=16,"Send FOIA email requesting current excess proceeds/surplus funds list for Esmeralda County, Nevada. Ask for Excel/PDF format. Template in county_email_outreach.py.",NOT STARTED,,
MEDIUM,NV,Eureka County,EMAIL_FOIA,(775) 237-5270,mmears@eurekacountynv.gov,https://www.eurekacountynv.gov/departments/assessor,"Send FOIA email requesting current excess proceeds/surplus funds list for Eureka County, Nevada. Ask for Excel/PDF format. Template in county_email_outreach.py.",NOT STARTED,,
MEDIUM,NV,Humboldt County,PHONE_REQUEST,(775) 623-6316,,https://www.humboldtcountynv.gov/253/Assessor,Call county office and request excess proceeds list. Ask: 1) Do you have an excess proceeds or surplus funds list? 2) Can you email it to claim@usforeclosurerecovery.com? 3) Is it available online?,NOT STARTED,,
MEDIUM,NV,Lander County,EMAIL_FOIA,(775) 635-5127,ClarkCountyAssessor@ClarkCountyNV.gov,https://www.landercountynv.org/government/assessor/index.php,"Send FOIA email requesting current excess proceeds/surplus funds list for Lander County, Nevada. Ask for Excel/PDF format. Template in county_email_outreach.py.",NOT STARTED,,
MEDIUM,NV,Lincoln County,EMAIL_FOIA,(775) 962-8075,assessor@douglasnv.us,https://lincolncountynv.org/departments/assessors-office,"Send FOIA email requesting current excess proceeds/surplus funds list for Lincoln County, Nevada. Ask for Excel/PDF format. Template in county_email_outreach.py.",NOT STARTED,,
MEDIUM,NV,Lyon County,EMAIL_FOIA,(775) 463-6520,assessor@douglasnv.us,https://www.lyon-county.org/directory.aspx?did=11,"Send FOIA email requesting current excess proceeds/surplus funds list for Lyon County, Nevada. Ask for Excel/PDF format. Template in county_email_outreach.py.",NOT STARTED,,
MEDIUM,NV,Mineral County,EMAIL_FOIA,(775) 945-3684,assessor@mineralcountynv.org,https://www.tax-rates.org/nevada/property-tax/mineral-county-assessor,"Send FOIA email requesting current excess proceeds/surplus funds list for Mineral County, Nevada. Ask for Excel/PDF format. Template in county_email_outreach.py.",NOT STARTED,,
MEDIUM,NV,Nye County,PHONE_REQUEST,(775) 751-4200,,https://www.nyecountynv.gov/253/Treasurer,Call county office and request excess proceeds list. Ask: 1) Do you have an excess proceeds or surplus funds list? 2) Can you email it to claim@usforeclosurerecovery.com? 3) Is it available online?,NOT STARTED,,
MEDIUM,NV,Pershing County,EMAIL_FOIA,(775) 273-2208,assessor@pershingcountynv.gov,https://www.pershingcountynv.gov/how_do_i/staff_directory.php,"Send FOIA email requesting current excess proceeds/surplus funds list for Pershing County, Nevada. Ask for Excel/PDF format. Template in county_email_outreach.py.",NOT STARTED,,
MEDIUM,NV,Storey County,EMAIL_FOIA,(775) 847-0961,assessor@douglasnv.us,https://www.storeycounty.org/132/Assessor,"Send FOIA email requesting current excess proceeds/surplus funds list for Storey County, Nevada. Ask for Excel/PDF format. Template in county_email_outreach.py.",NOT STARTED,,
LOW,NV,Washoe County,EMAIL_FOIA,(775) 328-2510,tax@washoecounty.gov,https://www.washoecounty.gov/treas,"Send FOIA email requesting current excess proceeds/surplus funds list for Washoe County, Nevada. Ask for Excel/PDF format. Template in county_email_outreach.py.",NOT STARTED,,
LOW,NV,White Pine County,EMAIL_FOIA,(775) 293-6542,assessorsoffice@whitepinecountynv.gov,https://www.whitepinecounty.net/439/Staff-Directory,"Send FOIA email requesting current excess proceeds/surplus funds list for White Pine County, Nevada. Ask for Excel/PDF format. Template in county_email_outreach.py.",NOT STARTED,,
HIGH,OR,Baker County,EMAIL_FOIA,(541) 523-8203,ksavage@bakercountyor.gov,https://www.bakercountyor.gov/assessors/assessor.html,"Send FOIA email requesting current excess proceeds/surplus funds list for Baker County, Oregon. Ask for Excel/PDF format. Template in county_email_outreach.py.",NOT STARTED,,
HIGH,OR,Benton County,EMAIL_FOIA,(541) 766-6855,assessmentinfo@bentoncountyor.gov,https://assessment.bentoncountyor.gov/contact,"Send FOIA email requesting current excess proceeds/surplus funds list for Benton County, Oregon. Ask for Excel/PDF format. Template in county_email_outreach.py.",NOT STARTED,,
HIGH,OR,Clackamas County,EMAIL_FOIA,(503) 655-8671,propertytaxinfo@clackamas.us,https://www.clackamas.us/at,"Send FOIA email requesting current excess proceeds/surplus funds list for Clackamas County, Oregon. Ask for Excel/PDF format. Template in county_email_outreach.py.",NOT STARTED,,
HIGH,OR,Clatsop County,PHONE_REQUEST,(503) 325-8522,,https://www.clatsopcounty.gov/assessment,Call county office and request excess proceeds list. Ask: 1) Do you have an excess proceeds or surplus funds list? 2) Can you email it to claim@usforeclosurerecovery.com? 3) Is it available online?,NOT STARTED,,
HIGH,OR,Columbia County,EMAIL_FOIA,(503) 397-2240,assessor@columbiacountyor.gov,https://www.columbiacountyor.gov/contact-information,"Send FOIA email requesting current excess proceeds/surplus funds list for Columbia County, Oregon. Ask for Excel/PDF format. Template in county_email_outreach.py.",NOT STARTED,,
MEDIUM,OR,Coos County,EMAIL_FOIA,(541) 396-7900,jcorbus@co.coos.or.us,https://www.co.coos.or.us/taxes,"Send FOIA email requesting current excess proceeds/surplus funds list for Coos County, Oregon. Ask for Excel/PDF format. Template in county_email_outreach.py.",NOT STARTED,,
MEDIUM,OR,Crook County,EMAIL_FOIA,(541) 447-4133,AssessorTechs@crookcountyor.gov,https://co.crook.or.us/assessor/custom-contact-page/assessor-contact-information,"Send FOIA email requesting current excess proceeds/surplus funds list for Crook County, Oregon. Ask for Excel/PDF format. Template in county_email_outreach.py.",NOT STARTED,,
MEDIUM,OR,Curry County,EMAIL_FOIA,(541) 247-3294,taxinfo@currycountyor.gov,https://www.currycountyor.gov/government/county_assessor/index.php,"Send FOIA email requesting current excess proceeds/surplus funds list for Curry County, Oregon. Ask for Excel/PDF format. Template in county_email_outreach.py.",NOT STARTED,,
MEDIUM,OR,Deschutes County,EMAIL_FOIA,(541) 388-6508,questions.propertytaxation@dor.oregon.gov,https://www.oregon.gov/dor/contact/pages/default.aspx,"Send FOIA email requesting current excess proceeds/surplus funds list for Deschutes County, Oregon. Ask for Excel/PDF format. Template in county_email_outreach.py.",NOT STARTED,,
MEDIUM,OR,Douglas County,EMAIL_FOIA,(541) 672-4241,questions.propertytaxation@dor.oregon.gov,https://www.douglascountyor.gov/157/Assessor,"Send FOIA email requesting current excess proceeds/surplus funds list for Douglas County, Oregon. Ask for Excel/PDF format. Template in county_email_outreach.py.",NOT STARTED,,
MEDIUM,OR,Gilliam County,EMAIL_FOIA,(541) 351-9343,nathan.hammer@gilliamcountyor.gov,https://www.gilliamcountyor.gov,"Send FOIA email requesting current excess proceeds/surplus funds list for Gilliam County, Oregon. Ask for Excel/PDF format. Template in county_email_outreach.py.",NOT STARTED,,
MEDIUM,OR,Grant County,PHONE_REQUEST,(541) 575-0107,,https://grantcountyoregon.net/directory.aspx?did=6,Call county office and request excess proceeds list. Ask: 1) Do you have an excess proceeds or surplus funds list? 2) Can you email it to claim@usforeclosurerecovery.com? 3) Is it available online?,NOT STARTED,,
MEDIUM,OR,Harney County,EMAIL_FOIA,(541) 573-8365,bobbijo.heany@harneycountyor.gov,https://harneycountyor.gov/tax-assessment,"Send FOIA email requesting current excess proceeds/surplus funds list for Harney County, Oregon. Ask for Excel/PDF format. Template in county_email_outreach.py.",NOT STARTED,,
MEDIUM,OR,Hood River County,EMAIL_FOIA,(541) 386-1301,questions.propertytaxation@dor.oregon.gov,https://www.hoodrivercounty.gov/tax,"Send FOIA email requesting current excess proceeds/surplus funds list for Hood River County, Oregon. Ask for Excel/PDF format. Template in county_email_outreach.py.",NOT STARTED,,
MEDIUM,OR,Jackson County,EMAIL_FOIA,(541) 774-6059,Assessor@jacksoncountyor.gov,https://jacksoncountyor.gov/departments/assessor/index.php,"Send FOIA email requesting current excess proceeds/surplus funds list for Jackson County, Oregon. Ask for Excel/PDF format. Template in county_email_outreach.py.",NOT STARTED,,
LOW,OR,Jefferson County,EMAIL_FOIA,(541) 475-4458,questions.propertytaxation@dor.oregon.gov,https://www.oregon.gov/dor/programs/property/pages/county-contact.aspx,"Send FOIA email requesting current excess proceeds/surplus funds list for Jefferson County, Oregon. Ask for Excel/PDF format. Template in county_email_outreach.py.",NOT STARTED,,
LOW,OR,Josephine County,PHONE_REQUEST,(541) 474-5260,,https://www.josephinecounty.gov/government/assessor/index.php,Call county office and request excess proceeds list. Ask: 1) Do you have an excess proceeds or surplus funds list? 2) Can you email it to claim@usforeclosurerecovery.com? 3) Is it available online?,NOT STARTED,,
LOW,OR,Klamath County,EMAIL_FOIA,(541) 883-5111,questions.propertytaxation@dor.oregon.gov,https://www.klamathcounty.org/353/Assessor,"Send FOIA email requesting current excess proceeds/surplus funds list for Klamath County, Oregon. Ask for Excel/PDF format. Template in county_email_outreach.py.",NOT STARTED,,
LOW,OR,Lake County,EMAIL_FOIA,(541) 947-6000,lhopper@co.lake.or.us,https://www.lakecountyor.org/government/treasurer.php,"Send FOIA email requesting current excess proceeds/surplus funds list for Lake County, Oregon. Ask for Excel/PDF format. Template in county_email_outreach.py.",NOT STARTED,,
LOW,OR,Lane County,EMAIL_FOIA,(541) 682-4321,assessmentandtaxation@lanecountyor.gov,https://www.lanecountyor.gov/government/county_departments/assessment___taxation/contact_us,"Send FOIA email requesting current excess proceeds/surplus funds list for Lane County, Oregon. Ask for Excel/PDF format. Template in county_email_outreach.py.",NOT STARTED,,
LOW,OR,Lincoln County,EMAIL_FOIA,(541) 265-4102,assessorinfo@co.lincoln.or.us,https://www.co.lincoln.or.us/157/Assessors-Office,"Send FOIA email requesting current excess proceeds/surplus funds list for Lincoln County, Oregon. Ask for Excel/PDF format. Template in county_email_outreach.py.",NOT STARTED,,
LOW,OR,Linn County,EMAIL_FOIA,(541) 967-3808,questions.propertytaxation@dor.oregon.gov,https://www.linncountyor.gov/assessor,"Send FOIA email requesting current excess proceeds/surplus funds list for Linn County, Oregon. Ask for Excel/PDF format. Template in county_email_outreach.py.",NOT STARTED,,
LOW,OR,Malheur County,EMAIL_FOIA,(541) 473-5117,questions.propertytaxation@dor.oregon.gov,https://www.oregon.gov/dor/programs/property/pages/county-contact.aspx,"Send FOIA email requesting current excess proceeds/surplus funds list for Malheur County, Oregon. Ask for Excel/PDF format. Template in county_email_outreach.py.",NOT STARTED,,
LOW,OR,Marion County,EMAIL_FOIA,(503) 588-5144,assessor@co.marion.or.us,https://www.co.marion.or.us/AO,"Send FOIA email requesting current excess proceeds/surplus funds list for Marion County, Oregon. Ask for Excel/PDF format. Template in county_email_outreach.py.",NOT STARTED,,
LOW,OR,Morrow County,EMAIL_FOIA,(541) 676-5607,mgorman@morrowcountyor.gov,https://www.morrowcountyor.gov/tax,"Send FOIA email requesting current excess proceeds/surplus funds list for Morrow County, Oregon. Ask for Excel/PDF format. Template in county_email_outreach.py.",NOT STARTED,,
LOW,OR,Multnomah County,EMAIL_FOIA,(503) 988-2225,propertytax@multco.us,https://multco.us/info/contact-division-assessment-recording-taxation,"Send FOIA email requesting current excess proceeds/surplus funds list for Multnomah County, Oregon. Ask for Excel/PDF format. Template in county_email_outreach.py.",NOT STARTED,,
LOW,OR,Polk County,EMAIL_FOIA,(503) 623-8391,patoine.valerie@co.polk.or.us,https://www.co.polk.or.us/assessor/assessors-office-contact-information-3,"Send FOIA email requesting current excess proceeds/surplus funds list for Polk County, Oregon. Ask for Excel/PDF format. Template in county_email_outreach.py.",NOT STARTED,,
LOW,OR,Sherman County,EMAIL_FOIA,(541) 565-3505,questions.propertytaxation@dor.oregon.gov,https://www.co.sherman.or.us/departments/assessors-office,"Send FOIA email requesting current excess proceeds/surplus funds list for Sherman County, Oregon. Ask for Excel/PDF format. Template in county_email_outreach.py.",NOT STARTED,,
LOW,OR,Tillamook County,PHONE_REQUEST,(503) 842-3400,,https://www.tillamookcounty.gov/assessment/custom-contact-page/assessment-taxation-contact-,Call county office and request excess proceeds list. Ask: 1) Do you have an excess proceeds or surplus funds list? 2) Can you email it to claim@usforeclosurerecovery.com? 3) Is it available online?,NOT STARTED,,
LOW,OR,Umatilla County,EMAIL_FOIA,(541) 278-6219,at@umatillacounty.gov,https://www.co.umatilla.or.us/departments/at,"Send FOIA email requesting current excess proceeds/surplus funds list for Umatilla County, Oregon. Ask for Excel/PDF format. Template in county_email_outreach.py.",NOT STARTED,,
LOW,OR,Union County,EMAIL_FOIA,(541) 963-1002,assessor@union-county.org,https://unioncountyor.gov/assessor-tax-collector,"Send FOIA email requesting current excess proceeds/surplus funds list for Union County, Oregon. Ask for Excel/PDF format. Template in county_email_outreach.py.",NOT STARTED,,
LOW,OR,Wallowa County,EMAIL_FOIA,(541) 426-4543,questions.propertytaxation@dor.oregon.gov,https://www.co.wallowa.or.us/assessor,"Send FOIA email requesting current excess proceeds/surplus funds list for Wallowa County, Oregon. Ask for Excel/PDF format. Template in county_email_outreach.py.",NOT STARTED,,
LOW,OR,Wasco County,EMAIL_FOIA,(541) 506-2510,assessor@wascocountyor.gov,https://www.wascocountyor.gov/departments/assessment_and_taxation/index.php,"Send FOIA email requesting current excess proceeds/surplus funds list for Wasco County, Oregon. Ask for Excel/PDF format. Template in county_email_outreach.py.",NOT STARTED,,
LOW,OR,Washington County,EMAIL_FOIA,(503) 846-8752,questions.propertytaxation@dor.oregon.gov,https://www.washingtoncountyor.gov/at,"Send FOIA email requesting current excess proceeds/surplus funds list for Washington County, Oregon. Ask for Excel/PDF format. Template in county_email_outreach.py.",NOT STARTED,,
LOW,OR,Wheeler County,EMAIL_FOIA,(541) 763-4266,assessor@wheelercountyor.gov,https://www.wheelercountyoregon.com/county-assessor-tax-collector,"Send FOIA email requesting current excess proceeds/surplus funds list for Wheeler County, Oregon. Ask for Excel/PDF format. Template in county_email_outreach.py.",NOT STARTED,,
LOW,OR,Yamhill County,PHONE_REQUEST,(503) 474-3705,,https://www.co.yamhill.or.us/167/Assessor-Tax-Collector,Call county office and request excess proceeds list. Ask: 1) Do you have an excess proceeds or surplus funds list? 2) Can you email it to claim@usforeclosurerecovery.com? 3) Is it available online?,NOT STARTED,,
HIGH,SD,Aurora,EMAIL_FOIA,(605) 942-7162,treasurer@auroracountysd.gov,https://dor.sd.gov/government/county-treasurers/contact-county-treasurers,"Send FOIA email requesting current excess proceeds/surplus funds list for Aurora, South Dakota. Ask for Excel/PDF format. Template in county_email_outreach.py.",NOT STARTED,,
HIGH,SD,Beadle,EMAIL_FOIA,(605) 353-8405,bctreas@beadlesd.org,https://dor.sd.gov/government/county-treasurers/contact-county-treasurers,"Send FOIA email requesting current excess proceeds/surplus funds list for Beadle, South Dakota. Ask for Excel/PDF format. Template in county_email_outreach.py.",NOT STARTED,,
HIGH,SD,Bennett,EMAIL_FOIA,(605) 685-6092,bctreas@gwtc.net,https://dakotaathome.sd.gov/search/8d049d79-e389-5008-8454-caff695d0a75,"Send FOIA email requesting current excess proceeds/surplus funds list for Bennett, South Dakota. Ask for Excel/PDF format. Template in county_email_outreach.py.",NOT STARTED,,
HIGH,SD,Bon Homme,PHONE_REQUEST,(605) 589-4213,,https://dor.sd.gov/government/county-treasurers/contact-county-treasurers,Call county office and request excess proceeds list. Ask: 1) Do you have an excess proceeds or surplus funds list? 2) Can you email it to claim@usforeclosurerecovery.com? 3) Is it available online?,NOT STARTED,,
HIGH,SD,Brookings,PHONE_REQUEST,(605) 696-8250,,https://www.brookingscountysd.gov/219/Finance,Call county office and request excess proceeds list. Ask: 1) Do you have an excess proceeds or surplus funds list? 2) Can you email it to claim@usforeclosurerecovery.com? 3) Is it available online?,NOT STARTED,,
MEDIUM,SD,Brown,PHONE_REQUEST,(605) 626-7133,,https://www.brown.sd.us/department/treasurer,Call county office and request excess proceeds list. Ask: 1) Do you have an excess proceeds or surplus funds list? 2) Can you email it to claim@usforeclosurerecovery.com? 3) Is it available online?,NOT STARTED,,
MEDIUM,SD,Brule,EMAIL_FOIA,(605) 234-4436,bctreas@beadlesd.org,https://dor.sd.gov/government/county-treasurers/contact-county-treasurers,"Send FOIA email requesting current excess proceeds/surplus funds list for Brule, South Dakota. Ask for Excel/PDF format. Template in county_email_outreach.py.",NOT STARTED,,
MEDIUM,SD,Buffalo,PHONE_REQUEST,(605) 293-3236,,https://buffalo.sdcounties.org/event/buffalo-county-treasurer-office-close,Call county office and request excess proceeds list. Ask: 1) Do you have an excess proceeds or surplus funds list? 2) Can you email it to claim@usforeclosurerecovery.com? 3) Is it available online?,NOT STARTED,,
MEDIUM,SD,Butte,PHONE_REQUEST,(605) 892-4456,,https://test.wawapath.com/offices/treasurer-tax-collector-office/SD/butte-county,Call county office and request excess proceeds list. Ask: 1) Do you have an excess proceeds or surplus funds list? 2) Can you email it to claim@usforeclosurerecovery.com? 3) Is it available online?,NOT STARTED,,
MEDIUM,SD,Campbell,PHONE_REQUEST,(605) 955-3388,,https://www.countyoffice.org/campbell-county-treasurers-office-mound-city-sd-0a2,Call county office and request excess proceeds list. Ask: 1) Do you have an excess proceeds or surplus funds list? 2) Can you email it to claim@usforeclosurerecovery.com? 3) Is it available online?,NOT STARTED,,
MEDIUM,SD,Charles Mix,PHONE_REQUEST,(605) 487-7542,,https://charlesmixcounty.gov/treasurer,Call county office and request excess proceeds list. Ask: 1) Do you have an excess proceeds or surplus funds list? 2) Can you email it to claim@usforeclosurerecovery.com? 3) Is it available online?,NOT STARTED,,
MEDIUM,SD,Clark,PHONE_REQUEST,(605) 532-5911,,https://dor.sd.gov/government/county-treasurers/contact-county-treasurers,Call county office and request excess proceeds list. Ask: 1) Do you have an excess proceeds or surplus funds list? 2) Can you email it to claim@usforeclosurerecovery.com? 3) Is it available online?,NOT STARTED,,
MEDIUM,SD,Clay,EMAIL_FOIA,(605) 677-7123,treasurer@claycountysd.org,https://www.claycountysd.org/treasurersoffice.cfm,"Send FOIA email requesting current excess proceeds/surplus funds list for Clay, South Dakota. Ask for Excel/PDF format. Template in county_email_outreach.py.",NOT STARTED,,
MEDIUM,SD,Codington,EMAIL_FOIA,(605) 882-6285,Treasurer@Codington.org,https://dor.sd.gov/government/county-treasurers/contact-county-treasurers,"Send FOIA email requesting current excess proceeds/surplus funds list for Codington, South Dakota. Ask for Excel/PDF format. Template in county_email_outreach.py.",NOT STARTED,,
MEDIUM,SD,Corson,EMAIL_FOIA,(605) 273-4552,treasurer@corsoncountysd.gov,https://corsoncountysd.gov/treasurer,"Send FOIA email requesting current excess proceeds/surplus funds list for Corson, South Dakota. Ask for Excel/PDF format. Template in county_email_outreach.py.",NOT STARTED,,
LOW,SD,Custer,EMAIL_FOIA,(605) 673-2282,dmclaughlin@custercountysd.com,https://www.custercountysd.com/treasurers-office,"Send FOIA email requesting current excess proceeds/surplus funds list for Custer, South Dakota. Ask for Excel/PDF format. Template in county_email_outreach.py.",NOT STARTED,,
LOW,SD,Davison,PHONE_REQUEST,(605) 995-8617,,https://www.davisoncounty.org/departments/treasurer,Call county office and request excess proceeds list. Ask: 1) Do you have an excess proceeds or surplus funds list? 2) Can you email it to claim@usforeclosurerecovery.com? 3) Is it available online?,NOT STARTED,,
LOW,SD,Day,PHONE_REQUEST,(605) 345-9510,,https://dor.sd.gov/government/county-treasurers/contact-county-treasurers,Call county office and request excess proceeds list. Ask: 1) Do you have an excess proceeds or surplus funds list? 2) Can you email it to claim@usforeclosurerecovery.com? 3) Is it available online?,NOT STARTED,,
LOW,SD,Deuel,EMAIL_FOIA,(605) 874-2483,dctreasurer@itctel.com,https://www.deuelcountysd.com/treasurer-1,"Send FOIA email requesting current excess proceeds/surplus funds list for Deuel, South Dakota. Ask for Excel/PDF format. Template in county_email_outreach.py.",NOT STARTED,,
LOW,SD,Dewey,EMAIL_FOIA,(580) 328-5501,deweycountytreasurer@deweycounty.us,https://oktaxrolls.com/county/dewey,"Send FOIA email requesting current excess proceeds/surplus funds list for Dewey, South Dakota. Ask for Excel/PDF format. Template in county_email_outreach.py.",NOT STARTED,,
LOW,SD,Douglas,EMAIL_FOIA,(605) 724-2318,treasurer@douglas.sdcounties.org,https://dor.sd.gov/government/county-treasurers/contact-county-treasurers,"Send FOIA email requesting current excess proceeds/surplus funds list for Douglas, South Dakota. Ask for Excel/PDF format. Template in county_email_outreach.py.",NOT STARTED,,
LOW,SD,Edmunds,EMAIL_FOIA,(605) 426-6801,ect26.edco@midconetwork.com,https://dor.sd.gov/government/county-treasurers/contact-county-treasurers,"Send FOIA email requesting current excess proceeds/surplus funds list for Edmunds, South Dakota. Ask for Excel/PDF format. Template in county_email_outreach.py.",NOT STARTED,,
LOW,SD,Fall River,PHONE_REQUEST,(605) 745-5145,,https://dor.sd.gov/individuals/taxes/property-tax/relief-programs,Call county office and request excess proceeds list. Ask: 1) Do you have an excess proceeds or surplus funds list? 2) Can you email it to claim@usforeclosurerecovery.com? 3) Is it available online?,NOT STARTED,,
LOW,SD,Faulk,EMAIL_FOIA,(605) 598-6232,motorv@state.sd.us,https://countyinfo.hoursguide.com/faulk-county-sd-treasurer-tax-collector-office,"Send FOIA email requesting current excess proceeds/surplus funds list for Faulk, South Dakota. Ask for Excel/PDF format. Template in county_email_outreach.py.",NOT STARTED,,
LOW,SD,Grant,EMAIL_FOIA,(605) 432-5651,treasurer@grantcountysd.us,https://www.grantcounty.sd.gov/mobile/information/contact.php,"Send FOIA email requesting current excess proceeds/surplus funds list for Grant, South Dakota. Ask for Excel/PDF format. Template in county_email_outreach.py.",NOT STARTED,,
LOW,SD,Gregory,EMAIL_FOIA,(605) 775-2605,motorv@state.sd.us,https://sdtreasurer.gov/contact,"Send FOIA email requesting current excess proceeds/surplus funds list for Gregory, South Dakota. Ask for Excel/PDF format. Template in county_email_outreach.py.",NOT STARTED,,
LOW,SD,Haakon,EMAIL_FOIA,(605) 859-2612,hcdoe@gwtc.net,https://sdsos.gov/contact-us/county-registers-of-deeds.aspx,"Send FOIA email requesting current excess proceeds/surplus funds list for Haakon, South Dakota. Ask for Excel/PDF format. Template in county_email_outreach.py.",NOT STARTED,,
LOW,SD,Hamlin,EMAIL_FOIA,(605) 783-3441,hamlintreasurer@itctel.com,https://hamlinco.us/treasurer,"Send FOIA email requesting current excess proceeds/surplus funds list for Hamlin, South Dakota. Ask for Excel/PDF format. Template in county_email_outreach.py.",NOT STARTED,,
LOW,SD,Hand,EMAIL_FOIA,(605) 853-2136,j.jones@handcountysd.gov,https://dor.sd.gov/government/county-treasurers/contact-county-treasurers,"Send FOIA email requesting current excess proceeds/surplus funds list for Hand, South Dakota. Ask for Excel/PDF format. Template in county_email_outreach.py.",NOT STARTED,,
LOW,SD,Hanson,EMAIL_FOIA,(605) 239-4723,hanstreas@triotel.net,https://www.hansoncountysd.gov/treasurer,"Send FOIA email requesting current excess proceeds/surplus funds list for Hanson, South Dakota. Ask for Excel/PDF format. Template in county_email_outreach.py.",NOT STARTED,,
LOW,SD,Harding,PHONE_REQUEST,(605) 375-3542,,https://dor.sd.gov/government/county-treasurers/contact-county-treasurers,Call county office and request excess proceeds list. Ask: 1) Do you have an excess proceeds or surplus funds list? 2) Can you email it to claim@usforeclosurerecovery.com? 3) Is it available online?,NOT STARTED,,
LOW,SD,Hughes,EMAIL_FOIA,(605) 773-7491,Ranae.hoffman@co.hughes.sd.us,https://hughescounty.org,"Send FOIA email requesting current excess proceeds/surplus funds list for Hughes, South Dakota. Ask for Excel/PDF format. Template in county_email_outreach.py.",NOT STARTED,,
LOW,SD,Hutchinson,EMAIL_FOIA,(605) 387-4213,msayler@hutchinsoncounty.org,https://www.hutchinsoncountysd.gov/departments/contact_us6.php,"Send FOIA email requesting current excess proceeds/surplus funds list for Hutchinson, South Dakota. Ask for Excel/PDF format. Template in county_email_outreach.py.",NOT STARTED,,
LOW,SD,Hyde,PHONE_REQUEST,(605) 852-2510,,https://dakotaathome.sd.gov/search/512f3601-8129-5a44-b70d-6f21fd05339d,Call county office and request excess proceeds list. Ask: 1) Do you have an excess proceeds or surplus funds list? 2) Can you email it to claim@usforeclosurerecovery.com? 3) Is it available online?,NOT STARTED,,
LOW,SD,Jackson,EMAIL_FOIA,(605) 837-2423,motorv@state.sd.us,https://www.governmentcounty.org/company-jackson-county-treasurer-in-kadoka-sd-74327,"Send FOIA email requesting current excess proceeds/surplus funds list for Jackson, South Dakota. Ask for Excel/PDF format. Template in county_email_outreach.py.",NOT STARTED,,
LOW,SD,Jerauld,EMAIL_FOIA,(605) 539-1241,treasurer@jerauldsd.com,https://jerauldcountysd.com/treasurer,"Send FOIA email requesting current excess proceeds/surplus funds list for Jerauld, South Dakota. Ask for Excel/PDF format. Template in county_email_outreach.py.",NOT STARTED,,
LOW,SD,Jones,PHONE_REQUEST,(605) 669-7111,,https://dor.sd.gov/government/county-treasurers/contact-county-treasurers,Call county office and request excess proceeds list. Ask: 1) Do you have an excess proceeds or surplus funds list? 2) Can you email it to claim@usforeclosurerecovery.com? 3) Is it available online?,NOT STARTED,,
LOW,SD,Kingsbury,EMAIL_FOIA,(605) 854-3411,treas1@kingsburycountysd.org,https://kingsburycountysd.org/treasurer,"Send FOIA email requesting current excess proceeds/surplus funds list for Kingsbury, South Dakota. Ask for Excel/PDF format. Template in county_email_outreach.py.",NOT STARTED,,
LOW,SD,Lake,PHONE_REQUEST,(605) 256-7618,,https://dakotaathome.sd.gov/search/7e754ae5-7e82-5658-b767-1cc4028bf79a,Call county office and request excess proceeds list. Ask: 1) Do you have an excess proceeds or surplus funds list? 2) Can you email it to claim@usforeclosurerecovery.com? 3) Is it available online?,NOT STARTED,,
LOW,SD,Lawrence,EMAIL_FOIA,(605) 578-1862,treas-all@lawrence.sd.us,https://www.lawrence.sd.us/152/Treasurer,"Send FOIA email requesting current excess proceeds/surplus funds list for Lawrence, South Dakota. Ask for Excel/PDF format. Template in county_email_outreach.py.",NOT STARTED,,
LOW,SD,Lincoln,PHONE_REQUEST,(605) 764-5701,,https://www.lincolncountysd.gov/201/Treasurer,Call county office and request excess proceeds list. Ask: 1) Do you have an excess proceeds or surplus funds list? 2) Can you email it to claim@usforeclosurerecovery.com? 3) Is it available online?,NOT STARTED,,
LOW,SD,Lyman,PHONE_REQUEST,(605) 869-2295,,http://lymancounty.org,Call county office and request excess proceeds list. Ask: 1) Do you have an excess proceeds or surplus funds list? 2) Can you email it to claim@usforeclosurerecovery.com? 3) Is it available online?,NOT STARTED,,
LOW,SD,Marshall,EMAIL_FOIA,(605) 448-2451,mctreasurer@venturecomm.net,https://dor.sd.gov/government/county-treasurers/contact-county-treasurers,"Send FOIA email requesting current excess proceeds/surplus funds list for Marshall, South Dakota. Ask for Excel/PDF format. Template in county_email_outreach.py.",NOT STARTED,,
LOW,SD,McCook,EMAIL_FOIA,(605) 425-2721,carol.lauer@mccookcountysd.gov,https://mccookcountysd.gov/departments/treasurer,"Send FOIA email requesting current excess proceeds/surplus funds list for McCook, South Dakota. Ask for Excel/PDF format. Template in county_email_outreach.py.",NOT STARTED,,
LOW,SD,McPherson,PHONE_REQUEST,(605) 439-3544,,https://dor.sd.gov/government/county-treasurers/contact-county-treasurers,Call county office and request excess proceeds list. Ask: 1) Do you have an excess proceeds or surplus funds list? 2) Can you email it to claim@usforeclosurerecovery.com? 3) Is it available online?,NOT STARTED,,
LOW,SD,Meade,EMAIL_FOIA,(605) 347-5871,treasurer@meadecounty.org,https://www.meadecounty.org/treasurer,"Send FOIA email requesting current excess proceeds/surplus funds list for Meade, South Dakota. Ask for Excel/PDF format. Template in county_email_outreach.py.",NOT STARTED,,
LOW,SD,Mellette,PHONE_REQUEST,(605) 234-4436,,https://mellettecounty.org,Call county office and request excess proceeds list. Ask: 1) Do you have an excess proceeds or surplus funds list? 2) Can you email it to claim@usforeclosurerecovery.com? 3) Is it available online?,NOT STARTED,,
LOW,SD,Miner,EMAIL_FOIA,(605) 772-4671,minerauditor@minercountysd.org,https://www.minercountysd.org/departments,"Send FOIA email requesting current excess proceeds/surplus funds list for Miner, South Dakota. Ask for Excel/PDF format. Template in county_email_outreach.py.",NOT STARTED,,
LOW,SD,Minnehaha,PHONE_REQUEST,(605) 367-4211,,https://www.minnehahacounty.gov/dept/tr/titleInfo/titleInfo.php,Call county office and request excess proceeds list. Ask: 1) Do you have an excess proceeds or surplus funds list? 2) Can you email it to claim@usforeclosurerecovery.com? 3) Is it available online?,NOT STARTED,,
LOW,SD,Moody,EMAIL_FOIA,(605) 997-3171,mctre1@moodycounty.net,https://www.moodycounty.net/treasurer,"Send FOIA email requesting current excess proceeds/surplus funds list for Moody, South Dakota. Ask for Excel/PDF format. Template in county_email_outreach.py.",NOT STARTED,,
LOW,SD,Oglala Lakota,PHONE_REQUEST,(605) 745-5145,,https://dor.sd.gov/government/county-treasurers/contact-county-treasurers,Call county office and request excess proceeds list. Ask: 1) Do you have an excess proceeds or surplus funds list? 2) Can you email it to claim@usforeclosurerecovery.com? 3) Is it available online?,NOT STARTED,,
LOW,SD,Pennington,PHONE_REQUEST,(605) 394-2163,,https://dor.sd.gov/government/county-treasurers/contact-county-treasurers,Call county office and request excess proceeds list. Ask: 1) Do you have an excess proceeds or surplus funds list? 2) Can you email it to claim@usforeclosurerecovery.com? 3) Is it available online?,NOT STARTED,,
LOW,SD,Perkins,EMAIL_FOIA,(605) 244-5623,tracy@perkinscounty.org,https://dor.sd.gov/government/county-treasurers/contact-county-treasurers,"Send FOIA email requesting current excess proceeds/surplus funds list for Perkins, South Dakota. Ask for Excel/PDF format. Template in county_email_outreach.py.",NOT STARTED,,
LOW,SD,Potter,PHONE_REQUEST,(605) 765-9403,,https://dor.sd.gov/government/county-treasurers/contact-county-treasurers,Call county office and request excess proceeds list. Ask: 1) Do you have an excess proceeds or surplus funds list? 2) Can you email it to claim@usforeclosurerecovery.com? 3) Is it available online?,NOT STARTED,,
LOW,SD,Roberts,EMAIL_FOIA,(605) 698-7245,rctreas@robertscosd.gov,https://robertscosd.gov/treasurer,"Send FOIA email requesting current excess proceeds/surplus funds list for Roberts, South Dakota. Ask for Excel/PDF format. Template in county_email_outreach.py.",NOT STARTED,,
LOW,SD,Sanborn,EMAIL_FOIA,(605) 796-4514,motorv@state.sd.us,https://www.taxassessors.net/southdakota/sanborncounty.htm,"Send FOIA email requesting current excess proceeds/surplus funds list for Sanborn, South Dakota. Ask for Excel/PDF format. Template in county_email_outreach.py.",NOT STARTED,,
LOW,SD,Spink,EMAIL_FOIA,(605) 472-4583,spinktrs@nrctv.com,https://spinkcounty-sd.org/treasurer.html,"Send FOIA email requesting current excess proceeds/surplus funds list for Spink, South Dakota. Ask for Excel/PDF format. Template in county_email_outreach.py.",NOT STARTED,,
LOW,SD,Stanley,EMAIL_FOIA,(605) 223-7783,bkonst@stanleycounty.org,https://stanleycounty.org/departments/treasurer,"Send FOIA email requesting current excess proceeds/surplus funds list for Stanley, South Dakota. Ask for Excel/PDF format. Template in county_email_outreach.py.",NOT STARTED,,
LOW,SD,Sully,EMAIL_FOIA,(605) 258-2444,info@sullycounty.net,https://sullycounty.net,"Send FOIA email requesting current excess proceeds/surplus funds list for Sully, South Dakota. Ask for Excel/PDF format. Template in county_email_outreach.py.",NOT STARTED,,
LOW,SD,Todd,PHONE_REQUEST,(605) 842-1700,,https://www.trippcounty.us/treasurer.html,Call county office and request excess proceeds list. Ask: 1) Do you have an excess proceeds or surplus funds list? 2) Can you email it to claim@usforeclosurerecovery.com? 3) Is it available online?,NOT STARTED,,
LOW,SD,Tripp,PHONE_REQUEST,(605) 842-1700,,https://www.trippcounty.us/treasurer.html,Call county office and request excess proceeds list. Ask: 1) Do you have an excess proceeds or surplus funds list? 2) Can you email it to claim@usforeclosurerecovery.com? 3) Is it available online?,NOT STARTED,,
LOW,SD,Turner,PHONE_REQUEST,(605) 297-4425,,https://dakotaathome.sd.gov/search/08d7b612-421f-59e5-b965-f80c2036200b,Call county office and request excess proceeds list. Ask: 1) Do you have an excess proceeds or surplus funds list? 2) Can you email it to claim@usforeclosurerecovery.com? 3) Is it available online?,NOT STARTED,,
LOW,SD,Union,EMAIL_FOIA,(605) 356-2391,uctreas@unioncountysd.gov,https://unioncountysd.gov,"Send FOIA email requesting current excess proceeds/surplus funds list for Union, South Dakota. Ask for Excel/PDF format. Template in county_email_outreach.py.",NOT STARTED,,
LOW,SD,Walworth,EMAIL_FOIA,(605) 649-7737,treasurer@walworthco.org,https://dor.sd.gov/media/oeqheqmi/property-tax-101.pdf,"Send FOIA email requesting current excess proceeds/surplus funds list for Walworth, South Dakota. Ask for Excel/PDF format. Template in county_email_outreach.py.",NOT STARTED,,
LOW,SD,Yankton,PHONE_REQUEST,(605) 260-4400,,http://www.co.yankton.sd.us/custom/treasurer,Call county office and request excess proceeds list. Ask: 1) Do you have an excess proceeds or surplus funds list? 2) Can you email it to claim@usforeclosurerecovery.com? 3) Is it available online?,NOT STARTED,,
LOW,SD,Ziebach,PHONE_REQUEST,(605) 365-5173,,https://ziebachcounty.org/treasurer,Call county office and request excess proceeds list. Ask: 1) Do you have an excess proceeds or surplus funds list? 2) Can you email it to claim@usforeclosurerecovery.com? 3) Is it available online?,NOT STARTED,,
HIGH,TN,Anderson,EMAIL_FOIA,(865) 457-6234,rcopeland@actrustee.com,https://andersoncountytn.gov/trustee,"Send FOIA email requesting current excess proceeds/surplus funds list for Anderson, Tennessee. Ask for Excel/PDF format. Template in county_email_outreach.py.",NOT STARTED,,
HIGH,TN,Bedford,EMAIL_FOIA,(931) 684-4303,tonya.davis@bedfordcountytn.gov,https://www.bedfordcountytn.gov/government/trustee/index.php,"Send FOIA email requesting current excess proceeds/surplus funds list for Bedford, Tennessee. Ask for Excel/PDF format. Template in county_email_outreach.py.",NOT STARTED,,
HIGH,TN,Benton,PHONE_REQUEST,(731) 584-2945,,https://www.bentoncountytn.gov/trustee.html,Call county office and request excess proceeds list. Ask: 1) Do you have an excess proceeds or surplus funds list? 2) Can you email it to claim@usforeclosurerecovery.com? 3) Is it available online?,NOT STARTED,,
HIGH,TN,Bledsoe,EMAIL_FOIA,(888) 382-7151,bledose.commission@tn.gov,https://comptroller.tn.gov/office-functions/pa/tax-resources/assessment-information-for-each-,"Send FOIA email requesting current excess proceeds/surplus funds list for Bledsoe, Tennessee. Ask for Excel/PDF format. Template in county_email_outreach.py.",NOT STARTED,,
HIGH,TN,Blount,EMAIL_FOIA,(865) 273-5900,crafford@blounttn.org,https://www.blounttn.gov/322/Trustee,"Send FOIA email requesting current excess proceeds/surplus funds list for Blount, Tennessee. Ask for Excel/PDF format. Template in county_email_outreach.py.",NOT STARTED,,
MEDIUM,TN,Bradley,PHONE_REQUEST,(423) 476-0600,,https://bradleycountytn.gov/county-government/trustee,Call county office and request excess proceeds list. Ask: 1) Do you have an excess proceeds or surplus funds list? 2) Can you email it to claim@usforeclosurerecovery.com? 3) Is it available online?,NOT STARTED,,
MEDIUM,TN,Campbell,PHONE_REQUEST,(423) 562-5185,,https://campbellcountytn.gov/elected-officials/trustee,Call county office and request excess proceeds list. Ask: 1) Do you have an excess proceeds or surplus funds list? 2) Can you email it to claim@usforeclosurerecovery.com? 3) Is it available online?,NOT STARTED,,
MEDIUM,TN,Cannon,EMAIL_FOIA,(615) 563-2282,greg.mitchell@cannoncountytn.gov,https://cannoncountytn.gov/trustee,"Send FOIA email requesting current excess proceeds/surplus funds list for Cannon, Tennessee. Ask for Excel/PDF format. Template in county_email_outreach.py.",NOT STARTED,,
MEDIUM,TN,Carroll,EMAIL_FOIA,(731) 986-1936,jwortham@carolltn.org,https://comptroller.tn.gov/office-functions/pa/tax-resources/assessment-information-for-each-,"Send FOIA email requesting current excess proceeds/surplus funds list for Carroll, Tennessee. Ask for Excel/PDF format. Template in county_email_outreach.py.",NOT STARTED,,
MEDIUM,TN,Carter,EMAIL_FOIA,(580) 223-9467,trustee@cartercountytn.gov,https://www.cartercountytn.gov/government/elected_officials/county_trustee.php,"Send FOIA email requesting current excess proceeds/surplus funds list for Carter, Tennessee. Ask for Excel/PDF format. Template in county_email_outreach.py.",NOT STARTED,,
MEDIUM,TN,Cheatham,EMAIL_FOIA,(615) 792-4298,cindy.perry@cheathamcountytn.gov,https://www.cheathamcountytn.gov/trustee.html,"Send FOIA email requesting current excess proceeds/surplus funds list for Cheatham, Tennessee. Ask for Excel/PDF format. Template in county_email_outreach.py.",NOT STARTED,,
MEDIUM,TN,Chester,EMAIL_FOIA,(731) 989-3993,stacy.smith@tn.gov,https://chestercountytn.org/trustee.html,"Send FOIA email requesting current excess proceeds/surplus funds list for Chester, Tennessee. Ask for Excel/PDF format. Template in county_email_outreach.py.",NOT STARTED,,
MEDIUM,TN,Claiborne,EMAIL_FOIA,(423) 626-3275,trustee@claibornecountytn.gov,https://claibornecountytn.gov/countyoffices/county-officials/trustee,"Send FOIA email requesting current excess proceeds/surplus funds list for Claiborne, Tennessee. Ask for Excel/PDF format. Template in county_email_outreach.py.",NOT STARTED,,
MEDIUM,TN,Clay,EMAIL_FOIA,(931) 243-2310,rene.davis@tncourts.gov,https://www.claycountytngov.com/trustee,"Send FOIA email requesting current excess proceeds/surplus funds list for Clay, Tennessee. Ask for Excel/PDF format. Template in county_email_outreach.py.",NOT STARTED,,
MEDIUM,TN,Cocke,PHONE_REQUEST,(423) 623-3037,,https://www.ctas.tennessee.edu/county/cocke,Call county office and request excess proceeds list. Ask: 1) Do you have an excess proceeds or surplus funds list? 2) Can you email it to claim@usforeclosurerecovery.com? 3) Is it available online?,NOT STARTED,,
LOW,TN,Coffee,EMAIL_FOIA,(931) 723-5128,rcopeland@actrustee.com,https://www.coffeecountytn.gov/284/Contact,"Send FOIA email requesting current excess proceeds/surplus funds list for Coffee, Tennessee. Ask for Excel/PDF format. Template in county_email_outreach.py.",NOT STARTED,,
LOW,TN,Crockett,EMAIL_FOIA,(731) 696-5452,dana.branch@tn.gov,https://www.taxassessors.net/tennessee/crockettcounty.htm,"Send FOIA email requesting current excess proceeds/surplus funds list for Crockett, Tennessee. Ask for Excel/PDF format. Template in county_email_outreach.py.",NOT STARTED,,
LOW,TN,Cumberland,EMAIL_FOIA,(931) 484-5730,kwyatt@cumberlandcountytn.gov,https://cumberlandcountytn.gov/directory/trustee,"Send FOIA email requesting current excess proceeds/surplus funds list for Cumberland, Tennessee. Ask for Excel/PDF format. Template in county_email_outreach.py.",NOT STARTED,,
LOW,TN,Davidson,PHONE_REQUEST,(615) 862-6330,,https://coroners-medical-examiner-01.uscountyoffices.com/davidson-county-tn-treasurer-tax-,Call county office and request excess proceeds list. Ask: 1) Do you have an excess proceeds or surplus funds list? 2) Can you email it to claim@usforeclosurerecovery.com? 3) Is it available online?,NOT STARTED,,
LOW,TN,DeKalb,EMAIL_FOIA,(615) 597-5176,proptax@dekalbcountyga.gov,https://dekalbcounty.org/departments/treasurer-collector,"Send FOIA email requesting current excess proceeds/surplus funds list for DeKalb, Tennessee. Ask for Excel/PDF format. Template in county_email_outreach.py.",NOT STARTED,,
LOW,TN,Decatur,EMAIL_FOIA,(229) 248-3021,decatur.commission@tn.gov,https://decaturcountytax.com,"Send FOIA email requesting current excess proceeds/surplus funds list for Decatur, Tennessee. Ask for Excel/PDF format. Template in county_email_outreach.py.",NOT STARTED,,
LOW,TN,Dickson,EMAIL_FOIA,(615) 446-8293,bpicard@cityofdickson.com,https://www.dicksoncountytn.gov/trustee.html,"Send FOIA email requesting current excess proceeds/surplus funds list for Dickson, Tennessee. Ask for Excel/PDF format. Template in county_email_outreach.py.",NOT STARTED,,
LOW,TN,Dyer,EMAIL_FOIA,(731) 286-7802,trustee@co.dyer.tn.us,https://www.dyercounty.com/Dyer-County-Offices,"Send FOIA email requesting current excess proceeds/surplus funds list for Dyer, Tennessee. Ask for Excel/PDF format. Template in county_email_outreach.py.",NOT STARTED,,
LOW,TN,Fayette,EMAIL_FOIA,(901) 465-5224,fctruste@bellsouth.net,https://fayettetn.us/departments/trustee,"Send FOIA email requesting current excess proceeds/surplus funds list for Fayette, Tennessee. Ask for Excel/PDF format. Template in county_email_outreach.py.",NOT STARTED,,
LOW,TN,Fentress,PHONE_REQUEST,(931) 879-7717,,https://fentresscountytn.gov/trustee,Call county office and request excess proceeds list. Ask: 1) Do you have an excess proceeds or surplus funds list? 2) Can you email it to claim@usforeclosurerecovery.com? 3) Is it available online?,NOT STARTED,,
LOW,TN,Franklin,EMAIL_FOIA,(931) 967-2962,fctrustee@franklincotn.gov,https://www.franklincotn.us/trustee.html,"Send FOIA email requesting current excess proceeds/surplus funds list for Franklin, Tennessee. Ask for Excel/PDF format. Template in county_email_outreach.py.",NOT STARTED,,
LOW,TN,Gibson,EMAIL_FOIA,(731) 855-7631,amanda.brown@tncourts.gov,https://gibsontn.org/county-government/trustee-s-office,"Send FOIA email requesting current excess proceeds/surplus funds list for Gibson, Tennessee. Ask for Excel/PDF format. Template in county_email_outreach.py.",NOT STARTED,,
LOW,TN,Giles,EMAIL_FOIA,(931) 363-1676,Gstowe@gilescountytn.gov,https://gilescountytn.gov/trustee,"Send FOIA email requesting current excess proceeds/surplus funds list for Giles, Tennessee. Ask for Excel/PDF format. Template in county_email_outreach.py.",NOT STARTED,,
LOW,TN,Grainger,EMAIL_FOIA,(865) 828-3514,rgreer@graingertrustee.com,https://www.graingercountytrustee.com,"Send FOIA email requesting current excess proceeds/surplus funds list for Grainger, Tennessee. Ask for Excel/PDF format. Template in county_email_outreach.py.",NOT STARTED,,
LOW,TN,Greene,EMAIL_FOIA,(423) 798-1705,rcopeland@actrustee.com,https://comptroller.tn.gov/office-functions/pa/tax-resources/assessment-information-for-each-,"Send FOIA email requesting current excess proceeds/surplus funds list for Greene, Tennessee. Ask for Excel/PDF format. Template in county_email_outreach.py.",NOT STARTED,,
LOW,TN,Grundy,EMAIL_FOIA,(931) 692-3369,grundy.commission@tn.gov,https://tennesseecountyoffices.com/grundy/treasurer-tax-collector-offices,"Send FOIA email requesting current excess proceeds/surplus funds list for Grundy, Tennessee. Ask for Excel/PDF format. Template in county_email_outreach.py.",NOT STARTED,,
LOW,TN,Hamblen,EMAIL_FOIA,(423) 586-6290,Barbara.horton@co.hamblen.tn.us,https://www.hamblencountytn.gov/county-trustee,"Send FOIA email requesting current excess proceeds/surplus funds list for Hamblen, Tennessee. Ask for Excel/PDF format. Template in county_email_outreach.py.",NOT STARTED,,
LOW,TN,Hamilton,EMAIL_FOIA,(423) 209-7270,payments.treasurer@hamilton-co.org,https://www.hamiltontn.gov/Trustee.aspx,"Send FOIA email requesting current excess proceeds/surplus funds list for Hamilton, Tennessee. Ask for Excel/PDF format. Template in county_email_outreach.py.",NOT STARTED,,
LOW,TN,Hancock,EMAIL_FOIA,(423) 733-2939,hctrustee@bellsouth.net,https://www.hancockcountytn.com/Trustee.php,"Send FOIA email requesting current excess proceeds/surplus funds list for Hancock, Tennessee. Ask for Excel/PDF format. Template in county_email_outreach.py.",NOT STARTED,,
LOW,TN,Hardeman,EMAIL_FOIA,(731) 658-5541,hardemantax@co.hardeman.tx.us,https://www.hardemancountytax.org,"Send FOIA email requesting current excess proceeds/surplus funds list for Hardeman, Tennessee. Ask for Excel/PDF format. Template in county_email_outreach.py.",NOT STARTED,,
LOW,TN,Hardin,EMAIL_FOIA,(731) 925-8180,kathy.smith@tn.gov,https://www.hardincogov.com/hardin-county-trustee,"Send FOIA email requesting current excess proceeds/surplus funds list for Hardin, Tennessee. Ask for Excel/PDF format. Template in county_email_outreach.py.",NOT STARTED,,
LOW,TN,Hawkins,EMAIL_FOIA,(423) 272-7022,jimshanks@hawkinscotrustee.com,https://www.countyoffice.org/hawkins-county-trustees-office-rogersville-tn-9a6,"Send FOIA email requesting current excess proceeds/surplus funds list for Hawkins, Tennessee. Ask for Excel/PDF format. Template in county_email_outreach.py.",NOT STARTED,,
LOW,TN,Haywood,EMAIL_FOIA,(731) 772-1722,haywoodtrustee@brownsvilletn.gov,https://haywoodtn.gov/trustee,"Send FOIA email requesting current excess proceeds/surplus funds list for Haywood, Tennessee. Ask for Excel/PDF format. Template in county_email_outreach.py.",NOT STARTED,,
LOW,TN,Henderson,PHONE_REQUEST,(731) 968-0122,,https://www.hendersoncountytn.gov/en-US/trustee-41ca749a,Call county office and request excess proceeds list. Ask: 1) Do you have an excess proceeds or surplus funds list? 2) Can you email it to claim@usforeclosurerecovery.com? 3) Is it available online?,NOT STARTED,,
LOW,TN,Henry,PHONE_REQUEST,(731) 642-6633,,https://henrycountytrustee.com,Call county office and request excess proceeds list. Ask: 1) Do you have an excess proceeds or surplus funds list? 2) Can you email it to claim@usforeclosurerecovery.com? 3) Is it available online?,NOT STARTED,,
LOW,TN,Hickman,EMAIL_FOIA,(931) 729-3486,lisa.hellmann@hickmancountytn.gov,https://hickmancountytn.gov/departments/administrative-offices,"Send FOIA email requesting current excess proceeds/surplus funds list for Hickman, Tennessee. Ask for Excel/PDF format. Template in county_email_outreach.py.",NOT STARTED,,
LOW,TN,Houston,EMAIL_FOIA,(931) 289-4240,hcexassist@peoplestel.net,https://www.explorehoustoncountytn.com/government/trustee,"Send FOIA email requesting current excess proceeds/surplus funds list for Houston, Tennessee. Ask for Excel/PDF format. Template in county_email_outreach.py.",NOT STARTED,,
LOW,TN,Humphreys,EMAIL_FOIA,(931) 296-2144,mpogreba@humphreyscountytn.gov,https://www.ctas.tennessee.edu/county/humphreys,"Send FOIA email requesting current excess proceeds/surplus funds list for Humphreys, Tennessee. Ask for Excel/PDF format. Template in county_email_outreach.py.",NOT STARTED,,
LOW,TN,Jackson,PHONE_REQUEST,(731) 425-8210,,https://jacksontn.gov/government/departments/revenue/tax_information,Call county office and request excess proceeds list. Ask: 1) Do you have an excess proceeds or surplus funds list? 2) Can you email it to claim@usforeclosurerecovery.com? 3) Is it available online?,NOT STARTED,,
LOW,TN,Jefferson,EMAIL_FOIA,(865) 397-2101,jpatterson@jeffersoncountytn.gov,https://jeffersoncountytn.gov/county-trustee,"Send FOIA email requesting current excess proceeds/surplus funds list for Jefferson, Tennessee. Ask for Excel/PDF format. Template in county_email_outreach.py.",NOT STARTED,,
LOW,TN,Johnson,EMAIL_FOIA,(423) 727-9696,jococontactus@gmail.com,https://www.johnsoncountytn.gov/contact-us,"Send FOIA email requesting current excess proceeds/surplus funds list for Johnson, Tennessee. Ask for Excel/PDF format. Template in county_email_outreach.py.",NOT STARTED,,
LOW,TN,Knox,EMAIL_FOIA,(865) 215-2310,citytaxoffice@knoxvilletn.gov,https://www.knoxcounty.org/directory/details.php?id=47,"Send FOIA email requesting current excess proceeds/surplus funds list for Knox, Tennessee. Ask for Excel/PDF format. Template in county_email_outreach.py.",NOT STARTED,,
LOW,TN,Lake,PHONE_REQUEST,(731) 253-7502,,https://lakecountytn.gov/government/trustee,Call county office and request excess proceeds list. Ask: 1) Do you have an excess proceeds or surplus funds list? 2) Can you email it to claim@usforeclosurerecovery.com? 3) Is it available online?,NOT STARTED,,
LOW,TN,Lauderdale,EMAIL_FOIA,(731) 635-0712,judy.conrad@lauderdalecountytn.gov,https://www.lauderdalecounty.org/county-departments/tax-collector,"Send FOIA email requesting current excess proceeds/surplus funds list for Lauderdale, Tennessee. Ask for Excel/PDF format. Template in county_email_outreach.py.",NOT STARTED,,
LOW,TN,Lawrence,EMAIL_FOIA,(931) 766-4179,rbrewer@lawcotn.org,https://www.iabstract.com/county-office/lewis-county-trustee-tax-collector-tennessee-lewis-county,"Send FOIA email requesting current excess proceeds/surplus funds list for Lawrence, Tennessee. Ask for Excel/PDF format. Template in county_email_outreach.py.",NOT STARTED,,
LOW,TN,Lincoln,EMAIL_FOIA,(931) 433-3045,mayor@lincolncountytn.gov,https://www.lincolncountytn.gov/county_directory/county_officials.php,"Send FOIA email requesting current excess proceeds/surplus funds list for Lincoln, Tennessee. Ask for Excel/PDF format. Template in county_email_outreach.py.",NOT STARTED,,
LOW,TN,Loudon,EMAIL_FOIA,(865) 458-3103,contact_assessor@loudoncounty-tn.gov,https://loudoncounty-tn.gov/trustee,"Send FOIA email requesting current excess proceeds/surplus funds list for Loudon, Tennessee. Ask for Excel/PDF format. Template in county_email_outreach.py.",NOT STARTED,,
LOW,TN,Macon,EMAIL_FOIA,(615) 666-3624,sjonesmayor@macontn.org,https://maconcountytn.gov/government/trustee.php,"Send FOIA email requesting current excess proceeds/surplus funds list for Macon, Tennessee. Ask for Excel/PDF format. Template in county_email_outreach.py.",NOT STARTED,,
LOW,TN,Madison,PHONE_REQUEST,(731) 423-6027,,https://www.madisoncountytn.gov/directory.aspx?did=25,Call county office and request excess proceeds list. Ask: 1) Do you have an excess proceeds or surplus funds list? 2) Can you email it to claim@usforeclosurerecovery.com? 3) Is it available online?,NOT STARTED,,
LOW,TN,Marion,EMAIL_FOIA,(352) 368-8200,mctruste@bellsouth.net,https://marioncountytn.net/office-holders,"Send FOIA email requesting current excess proceeds/surplus funds list for Marion, Tennessee. Ask for Excel/PDF format. Template in county_email_outreach.py.",NOT STARTED,,
LOW,TN,Marshall,EMAIL_FOIA,(931) 359-4800,bam.haislip@lewisburgtn.gov,https://www.marshallcountytn.gov/trustee-s-office,"Send FOIA email requesting current excess proceeds/surplus funds list for Marshall, Tennessee. Ask for Excel/PDF format. Template in county_email_outreach.py.",NOT STARTED,,
LOW,TN,Maury,EMAIL_FOIA,(931) 375-2201,rmcneece@maurycounty-tn.gov,https://www.maurycounty-tn.gov/327/Trustee,"Send FOIA email requesting current excess proceeds/surplus funds list for Maury, Tennessee. Ask for Excel/PDF format. Template in county_email_outreach.py.",NOT STARTED,,
LOW,TN,McMinn,EMAIL_FOIA,(423) 745-1291,melinda.v.king@tn.gov,https://www.mcminncountytn.gov/county_trustee.html,"Send FOIA email requesting current excess proceeds/surplus funds list for McMinn, Tennessee. Ask for Excel/PDF format. Template in county_email_outreach.py.",NOT STARTED,,
LOW,TN,McNairy,EMAIL_FOIA,(731) 645-5476,kim.boals@tncourts.gov,https://www.mcnairycountytn.org/trustees-office.html,"Send FOIA email requesting current excess proceeds/surplus funds list for McNairy, Tennessee. Ask for Excel/PDF format. Template in county_email_outreach.py.",NOT STARTED,,
LOW,TN,Meigs,EMAIL_FOIA,(423) 334-5119,trustee@meigscounty.org,https://www.meigscounty.org/directory-pages/county-trustee,"Send FOIA email requesting current excess proceeds/surplus funds list for Meigs, Tennessee. Ask for Excel/PDF format. Template in county_email_outreach.py.",NOT STARTED,,
LOW,TN,Monroe,PHONE_REQUEST,(423) 442-2920,,https://monroetn.gov/frequently-asked-questions,Call county office and request excess proceeds list. Ask: 1) Do you have an excess proceeds or surplus funds list? 2) Can you email it to claim@usforeclosurerecovery.com? 3) Is it available online?,NOT STARTED,,
LOW,TN,Montgomery,PHONE_REQUEST,(931) 648-5717,,https://montgomerytn.gov/trustee,Call county office and request excess proceeds list. Ask: 1) Do you have an excess proceeds or surplus funds list? 2) Can you email it to claim@usforeclosurerecovery.com? 3) Is it available online?,NOT STARTED,,
LOW,TN,Moore,EMAIL_FOIA,(931) 759-7076,trustee@metromoorecounty.org,https://comptroller.tn.gov/office-functions/pa/tax-resources/assessment-information-for-each-,"Send FOIA email requesting current excess proceeds/surplus funds list for Moore, Tennessee. Ask for Excel/PDF format. Template in county_email_outreach.py.",NOT STARTED,,
LOW,TN,Morgan,EMAIL_FOIA,(423) 346-3430,cheryl.collins@tn.gov,https://www.morgancountytn.gov/trustee,"Send FOIA email requesting current excess proceeds/surplus funds list for Morgan, Tennessee. Ask for Excel/PDF format. Template in county_email_outreach.py.",NOT STARTED,,
LOW,TN,Obion,EMAIL_FOIA,(731) 507-0999,rcopeland@actrustee.com,https://www.obioncountytn.gov/trustee.html,"Send FOIA email requesting current excess proceeds/surplus funds list for Obion, Tennessee. Ask for Excel/PDF format. Template in county_email_outreach.py.",NOT STARTED,,
LOW,TN,Overton,EMAIL_FOIA,(931) 823-6220,victoria.looper@tn.gov,https://overtoncountytn.com/departments/trustee,"Send FOIA email requesting current excess proceeds/surplus funds list for Overton, Tennessee. Ask for Excel/PDF format. Template in county_email_outreach.py.",NOT STARTED,,
LOW,TN,Perry,EMAIL_FOIA,(931) 589-2313,info@perrycountytn.com,https://gov.perrycountytn.com/elected-officials/county-trustee,"Send FOIA email requesting current excess proceeds/surplus funds list for Perry, Tennessee. Ask for Excel/PDF format. Template in county_email_outreach.py.",NOT STARTED,,
LOW,TN,Pickett,EMAIL_FOIA,(931) 864-3879,pickett.commission@tn.gov,https://secure.tncountyclerk.com/index.php?countylist=69,"Send FOIA email requesting current excess proceeds/surplus funds list for Pickett, Tennessee. Ask for Excel/PDF format. Template in county_email_outreach.py.",NOT STARTED,,
LOW,TN,Polk,EMAIL_FOIA,(423) 338-4545,polk.commission@tn.gov,https://www.polkcountyiowa.gov/treasurer/mary-l-wells,"Send FOIA email requesting current excess proceeds/surplus funds list for Polk, Tennessee. Ask for Excel/PDF format. Template in county_email_outreach.py.",NOT STARTED,,
LOW,TN,Putnam,EMAIL_FOIA,(931) 526-8845,fnelson@putnamcountytn.gov,https://putnamcountytn.gov/official/trustee,"Send FOIA email requesting current excess proceeds/surplus funds list for Putnam, Tennessee. Ask for Excel/PDF format. Template in county_email_outreach.py.",NOT STARTED,,
LOW,TN,Rhea,EMAIL_FOIA,(423) 775-7801,rheamayor@rheacounty.org,https://ctas.tennessee.edu/county/rhea,"Send FOIA email requesting current excess proceeds/surplus funds list for Rhea, Tennessee. Ask for Excel/PDF format. Template in county_email_outreach.py.",NOT STARTED,,
LOW,TN,Roane,EMAIL_FOIA,(865) 376-4938,chris.mason@roanecountytn.gov,https://roanecountytn.gov/trustee,"Send FOIA email requesting current excess proceeds/surplus funds list for Roane, Tennessee. Ask for Excel/PDF format. Template in county_email_outreach.py.",NOT STARTED,,
LOW,TN,Robertson,PHONE_REQUEST,(615) 384-4238,,https://robertsoncountytn.gov/local_government/trustee/index.php,Call county office and request excess proceeds list. Ask: 1) Do you have an excess proceeds or surplus funds list? 2) Can you email it to claim@usforeclosurerecovery.com? 3) Is it available online?,NOT STARTED,,
LOW,TN,Rutherford,EMAIL_FOIA,(615) 898-7705,rctrustee@rutherfordcountytn.gov,https://rutherfordcountytn.gov,"Send FOIA email requesting current excess proceeds/surplus funds list for Rutherford, Tennessee. Ask for Excel/PDF format. Template in county_email_outreach.py.",NOT STARTED,,
LOW,TN,Scott,EMAIL_FOIA,(423) 663-2598,scott.commission@tn.gov,https://scottcounty.com/government/county-trustee,"Send FOIA email requesting current excess proceeds/surplus funds list for Scott, Tennessee. Ask for Excel/PDF format. Template in county_email_outreach.py.",NOT STARTED,,
LOW,TN,Sequatchie,PHONE_REQUEST,(423) 949-2526,,https://sequatchiecountytn.gov/directory/government/county-trustee,Call county office and request excess proceeds list. Ask: 1) Do you have an excess proceeds or surplus funds list? 2) Can you email it to claim@usforeclosurerecovery.com? 3) Is it available online?,NOT STARTED,,
LOW,TN,Sevier,EMAIL_FOIA,(865) 453-2767,cmccroskey@seviercountytn.org,https://www.seviercountytn.gov/government/county_officials/county_trustee/contact_us.php,"Send FOIA email requesting current excess proceeds/surplus funds list for Sevier, Tennessee. Ask for Excel/PDF format. Template in county_email_outreach.py.",NOT STARTED,,
LOW,TN,Shelby,PHONE_REQUEST,(901) 222-0200,,https://www.shelbycountytrustee.com,Call county office and request excess proceeds list. Ask: 1) Do you have an excess proceeds or surplus funds list? 2) Can you email it to claim@usforeclosurerecovery.com? 3) Is it available online?,NOT STARTED,,
LOW,TN,Smith,EMAIL_FOIA,(615) 735-2294,clifa.norris@tn.gov,https://www.ctas.tennessee.edu/county/smith,"Send FOIA email requesting current excess proceeds/surplus funds list for Smith, Tennessee. Ask for Excel/PDF format. Template in county_email_outreach.py.",NOT STARTED,,
LOW,TN,Stewart,EMAIL_FOIA,(931) 232-7026,lcrain@stewartcogov.com,https://www.ownwell.com/trends/tennessee/stewart-county,"Send FOIA email requesting current excess proceeds/surplus funds list for Stewart, Tennessee. Ask for Excel/PDF format. Template in county_email_outreach.py.",NOT STARTED,,
LOW,TN,Sullivan,PHONE_REQUEST,(423) 323-6464,,https://sullivancountytn.gov/trustee,Call county office and request excess proceeds list. Ask: 1) Do you have an excess proceeds or surplus funds list? 2) Can you email it to claim@usforeclosurerecovery.com? 3) Is it available online?,NOT STARTED,,
LOW,TN,Sumner,EMAIL_FOIA,(615) 452-1260,Clerk@SumnerCountyTN.gov,https://www.thecountyoffice.com/gallatin-tn-treasurer-tax-collector-office-627329,"Send FOIA email requesting current excess proceeds/surplus funds list for Sumner, Tennessee. Ask for Excel/PDF format. Template in county_email_outreach.py.",NOT STARTED,,
LOW,TN,Tipton,EMAIL_FOIA,(901) 476-0211,rttrustee@tiptonco.com,https://www.munford.com/tipton-county-trustee,"Send FOIA email requesting current excess proceeds/surplus funds list for Tipton, Tennessee. Ask for Excel/PDF format. Template in county_email_outreach.py.",NOT STARTED,,
LOW,TN,Trousdale,EMAIL_FOIA,(615) 374-2916,bill.scruggs@trousdalecountytn.gov,https://www.trousdalecountytn.gov/government/county_officials/trustee/index.php,"Send FOIA email requesting current excess proceeds/surplus funds list for Trousdale, Tennessee. Ask for Excel/PDF format. Template in county_email_outreach.py.",NOT STARTED,,
LOW,TN,Unicoi,EMAIL_FOIA,(423) 743-3011,kbennett@unicoicountytn.gov,https://unicoicountytn.com/trustee,"Send FOIA email requesting current excess proceeds/surplus funds list for Unicoi, Tennessee. Ask for Excel/PDF format. Template in county_email_outreach.py.",NOT STARTED,,
LOW,TN,Union,EMAIL_FOIA,(865) 992-5943,gina.gilbert@unioncountytn.gov,https://www.unioncountytn.gov/trustee,"Send FOIA email requesting current excess proceeds/surplus funds list for Union, Tennessee. Ask for Excel/PDF format. Template in county_email_outreach.py.",NOT STARTED,,
LOW,TN,Van Buren,PHONE_REQUEST,(931) 946-2451,,https://vanburencountytn.com,Call county office and request excess proceeds list. Ask: 1) Do you have an excess proceeds or surplus funds list? 2) Can you email it to claim@usforeclosurerecovery.com? 3) Is it available online?,NOT STARTED,,
LOW,TN,Warren,EMAIL_FOIA,(931) 473-2935,bryant.trustee@warrencountytn.gov,https://www.warrencountytn.gov/government/contact.php,"Send FOIA email requesting current excess proceeds/surplus funds list for Warren, Tennessee. Ask for Excel/PDF format. Template in county_email_outreach.py.",NOT STARTED,,
LOW,TN,Washington,PHONE_REQUEST,(423) 610-7211,,https://washingtoncountytn.org/Directory.aspx?did=33,Call county office and request excess proceeds list. Ask: 1) Do you have an excess proceeds or surplus funds list? 2) Can you email it to claim@usforeclosurerecovery.com? 3) Is it available online?,NOT STARTED,,
LOW,TN,Wayne,EMAIL_FOIA,(931) 722-3269,waynecountytrustee@gmail.com,https://waynecountytn.org/offices/index.php,"Send FOIA email requesting current excess proceeds/surplus funds list for Wayne, Tennessee. Ask for Excel/PDF format. Template in county_email_outreach.py.",NOT STARTED,,
LOW,TN,Weakley,EMAIL_FOIA,(731) 364-3643,trustee@weakleycountytn.gov,https://www.weakleycountytn.gov/real-estate-tax.html,"Send FOIA email requesting current excess proceeds/surplus funds list for Weakley, Tennessee. Ask for Excel/PDF format. Template in county_email_outreach.py.",NOT STARTED,,
LOW,TN,White,PHONE_REQUEST,(931) 836-3788,,https://whitecountytn.gov/government/county-offices/county-trustee,Call county office and request excess proceeds list. Ask: 1) Do you have an excess proceeds or surplus funds list? 2) Can you email it to claim@usforeclosurerecovery.com? 3) Is it available online?,NOT STARTED,,
LOW,TN,Williamson,PHONE_REQUEST,(615) 790-5709,,http://www.williamsoncounty-tn.gov/1738/Contact-a-Department-or-Office,Call county office and request excess proceeds list. Ask: 1) Do you have an excess proceeds or surplus funds list? 2) Can you email it to claim@usforeclosurerecovery.com? 3) Is it available online?,NOT STARTED,,
LOW,TN,Wilson,PHONE_REQUEST,(615) 444-0894,,https://wilsoncountytn.gov/201/Trustee,Call county office and request excess proceeds list. Ask: 1) Do you have an excess proceeds or surplus funds list? 2) Can you email it to claim@usforeclosurerecovery.com? 3) Is it available online?,NOT STARTED,,
HIGH,TX,Anderson,EMAIL_FOIA,(903) 723-7408,tholliday@co.anderson.tx.us,https://apps.dentoncounty.gov/website/trs/DirectoryDetail.asp?county=Anderson,"Send FOIA email requesting current excess proceeds/surplus funds list for Anderson, Texas. Ask for Excel/PDF format. Template in county_email_outreach.py.",NOT STARTED,,
HIGH,TX,Andrews,EMAIL_FOIA,(432) 524-1409,rharper@co.andrews.tx.us,https://www.co.andrews.tx.us/Directory.aspx?did=35,"Send FOIA email requesting current excess proceeds/surplus funds list for Andrews, Texas. Ask for Excel/PDF format. Template in county_email_outreach.py.",NOT STARTED,,
HIGH,TX,Angelina,PHONE_REQUEST,(936) 634-7312,,https://www.angelinacounty.net/treasurer,Call county office and request excess proceeds list. Ask: 1) Do you have an excess proceeds or surplus funds list? 2) Can you email it to claim@usforeclosurerecovery.com? 3) Is it available online?,NOT STARTED,,
HIGH,TX,Aransas,EMAIL_FOIA,(361) 790-0132,acartwright@aransascounty.org,https://apps.dentoncounty.gov/website/trs/DirectoryDetail.asp?county=Aransas,"Send FOIA email requesting current excess proceeds/surplus funds list for Aransas, Texas. Ask for Excel/PDF format. Template in county_email_outreach.py.",NOT STARTED,,
HIGH,TX,Archer,EMAIL_FOIA,(940) 574-4822,patricia.vieth@co.archer.tx.us,https://www.co.archer.tx.us/page/archer.County.Treasurer,"Send FOIA email requesting current excess proceeds/surplus funds list for Archer, Texas. Ask for Excel/PDF format. Template in county_email_outreach.py.",NOT STARTED,,
MEDIUM,TX,Armstrong,EMAIL_FOIA,(806) 553-2862,treasurer@co.armstrong.tx.us,https://apps.dentoncounty.gov/website/trs/DirectoryDetail.asp?county=Armstrong,"Send FOIA email requesting current excess proceeds/surplus funds list for Armstrong, Texas. Ask for Excel/PDF format. Template in county_email_outreach.py.",NOT STARTED,,
MEDIUM,TX,Atascosa,EMAIL_FOIA,(830) 769-3024,laura.pawelek@co.atascosa.tx.us,https://www.atascosacounty.texas.gov/page/atascosa.County.Treasurer,"Send FOIA email requesting current excess proceeds/surplus funds list for Atascosa, Texas. Ask for Excel/PDF format. Template in county_email_outreach.py.",NOT STARTED,,
MEDIUM,TX,Austin,EMAIL_FOIA,(979) 865-5911,bryanh@austincounty.com,https://www.austincounty.com/page/austin.county.treasurer,"Send FOIA email requesting current excess proceeds/surplus funds list for Austin, Texas. Ask for Excel/PDF format. Template in county_email_outreach.py.",NOT STARTED,,
MEDIUM,TX,Bailey,EMAIL_FOIA,(806) 272-3239,adiaz@co.bailey.tx.us,https://www.co.bailey.tx.us/page/bailey.County.Treasurer,"Send FOIA email requesting current excess proceeds/surplus funds list for Bailey, Texas. Ask for Excel/PDF format. Template in county_email_outreach.py.",NOT STARTED,,
MEDIUM,TX,Bandera,EMAIL_FOIA,(830) 796-4197,allyson.wright@banderatx.gov,https://apps.dentoncounty.gov/website/trs/DirectoryDetail.asp?county=Bandera,"Send FOIA email requesting current excess proceeds/surplus funds list for Bandera, Texas. Ask for Excel/PDF format. Template in county_email_outreach.py.",NOT STARTED,,
MEDIUM,TX,Bastrop,EMAIL_FOIA,(512) 332-7206,brittney.ross@co.bastrop.tx.us,https://apps.dentoncounty.gov/website/trs/DirectoryDetail.asp?county=Bastrop,"Send FOIA email requesting current excess proceeds/surplus funds list for Bastrop, Texas. Ask for Excel/PDF format. Template in county_email_outreach.py.",NOT STARTED,,
MEDIUM,TX,Baylor,EMAIL_FOIA,(940) 889-1846,bctreas1@srcaccess.net,https://www.co.baylor.tx.us/page/baylor.County.Treasurer,"Send FOIA email requesting current excess proceeds/surplus funds list for Baylor, Texas. Ask for Excel/PDF format. Template in county_email_outreach.py.",NOT STARTED,,
MEDIUM,TX,Bee,EMAIL_FOIA,(361) 621-1554,michelle.matus@co.bee.tx.us,https://www.beecounty.gov/164/Tax-Assessor-Collector,"Send FOIA email requesting current excess proceeds/surplus funds list for Bee, Texas. Ask for Excel/PDF format. Template in county_email_outreach.py.",NOT STARTED,,
MEDIUM,TX,Bell,EMAIL_FOIA,(254) 933-5250,gaylon.evans@bellcounty.texas.gov,https://apps.dentoncounty.gov/website/trs/directorydetail.asp?county=bell,"Send FOIA email requesting current excess proceeds/surplus funds list for Bell, Texas. Ask for Excel/PDF format. Template in county_email_outreach.py.",NOT STARTED,,
MEDIUM,TX,Bexar,EMAIL_FOIA,(210) 335-2251,taxoffice@bexar.org,http://www.txdmv.gov/find-your-local-tax-office-dmv/by-county/bexar,"Send FOIA email requesting current excess proceeds/surplus funds list for Bexar, Texas. Ask for Excel/PDF format. Template in county_email_outreach.py.",NOT STARTED,,
LOW,TX,Blanco,EMAIL_FOIA,(830) 868-4566,bctreas@co.blanco.tx.us,https://www.co.blanco.tx.us/page/blanco.County.Treasurer,"Send FOIA email requesting current excess proceeds/surplus funds list for Blanco, Texas. Ask for Excel/PDF format. Template in county_email_outreach.py.",NOT STARTED,,
LOW,TX,Borden,EMAIL_FOIA,(806) 756-4386,shawna.gass@co.borden.tx.us,https://www.txdirectory.com/online/county/detail.php?id=17,"Send FOIA email requesting current excess proceeds/surplus funds list for Borden, Texas. Ask for Excel/PDF format. Template in county_email_outreach.py.",NOT STARTED,,
LOW,TX,Bosque,EMAIL_FOIA,(254) 435-6611,treasurer@bosquecounty.us,https://apps.dentoncounty.gov/website/trs/DirectoryDetail.asp?county=Bosque,"Send FOIA email requesting current excess proceeds/surplus funds list for Bosque, Texas. Ask for Excel/PDF format. Template in county_email_outreach.py.",NOT STARTED,,
LOW,TX,Bowie,EMAIL_FOIA,(903) 628-6721,donna.burns@txkusa.org,https://www.co.bowie.tx.us/page/bowie.county.treasurer,"Send FOIA email requesting current excess proceeds/surplus funds list for Bowie, Texas. Ask for Excel/PDF format. Template in county_email_outreach.py.",NOT STARTED,,
LOW,TX,Brazoria,EMAIL_FOIA,(979) 864-1353,angelad@brazoriacountytx.gov,https://www.brazoriacountytx.gov/departments/treasurer-s-office,"Send FOIA email requesting current excess proceeds/surplus funds list for Brazoria, Texas. Ask for Excel/PDF format. Template in county_email_outreach.py.",NOT STARTED,,
LOW,TX,Brazos,EMAIL_FOIA,(979) 361-4340,cvillarreal@brazoscountytx.gov,https://apps.dentoncounty.gov/website/trs/DirectoryDetail.asp?county=Brazos,"Send FOIA email requesting current excess proceeds/surplus funds list for Brazos, Texas. Ask for Excel/PDF format. Template in county_email_outreach.py.",NOT STARTED,,
LOW,TX,Brewster,EMAIL_FOIA,(432) 837-6201,county.treasurer@co.brewster.tx.us,https://apps.dentoncounty.gov/website/trs/DirectoryDetail.asp?county=Brewster,"Send FOIA email requesting current excess proceeds/surplus funds list for Brewster, Texas. Ask for Excel/PDF format. Template in county_email_outreach.py.",NOT STARTED,,
LOW,TX,Briscoe,PHONE_REQUEST,(806) 823-2131,,https://www.co.briscoe.tx.us/page/briscoe.County.Treasurer,Call county office and request excess proceeds list. Ask: 1) Do you have an excess proceeds or surplus funds list? 2) Can you email it to claim@usforeclosurerecovery.com? 3) Is it available online?,NOT STARTED,,
LOW,TX,Brooks,EMAIL_FOIA,(361) 325-5670,ahernandez@co.brooks.tx.us,https://apps.dentoncounty.gov/website/trs/DirectoryDetail.asp?county=Brooks,"Send FOIA email requesting current excess proceeds/surplus funds list for Brooks, Texas. Ask for Excel/PDF format. Template in county_email_outreach.py.",NOT STARTED,,
LOW,TX,Brown,EMAIL_FOIA,(325) 646-3023,david.becktold@browncountytx.gov,https://www.browncountytx.gov/page/brown.County.Treasurer,"Send FOIA email requesting current excess proceeds/surplus funds list for Brown, Texas. Ask for Excel/PDF format. Template in county_email_outreach.py.",NOT STARTED,,
LOW,TX,Burleson,EMAIL_FOIA,(979) 567-2305,ssmith@burlesoncounty.org,https://www.burlesoncountytx.gov/page/gov.treasurer,"Send FOIA email requesting current excess proceeds/surplus funds list for Burleson, Texas. Ask for Excel/PDF format. Template in county_email_outreach.py.",NOT STARTED,,
LOW,TX,Burnet,EMAIL_FOIA,(512) 756-5497,kcrownover@burnetcountytexas.org,https://apps.dentoncounty.gov/website/trs/DirectoryDetail.asp?county=Burnet,"Send FOIA email requesting current excess proceeds/surplus funds list for Burnet, Texas. Ask for Excel/PDF format. Template in county_email_outreach.py.",NOT STARTED,,
LOW,TX,Caldwell,EMAIL_FOIA,(512) 359-4675,gloria.garcia@co.caldwell.tx.us,https://www.co.caldwell.tx.us/page/County.Treasurer,"Send FOIA email requesting current excess proceeds/surplus funds list for Caldwell, Texas. Ask for Excel/PDF format. Template in county_email_outreach.py.",NOT STARTED,,
LOW,TX,Calhoun,EMAIL_FOIA,(361) 553-4618,rhonda.kokena@calhouncotx.org,https://apps.dentoncounty.gov/website/trs/DirectoryDetail.asp?county=Calhoun,"Send FOIA email requesting current excess proceeds/surplus funds list for Calhoun, Texas. Ask for Excel/PDF format. Template in county_email_outreach.py.",NOT STARTED,,
LOW,TX,Callahan,EMAIL_FOIA,(325) 854-5820,debbie.hatchett@callahancounty.org,https://www.callahancounty.org/page/callahan.County.Assessor.Collector,"Send FOIA email requesting current excess proceeds/surplus funds list for Callahan, Texas. Ask for Excel/PDF format. Template in county_email_outreach.py.",NOT STARTED,,
LOW,TX,Cameron,EMAIL_FOIA,(956) 544-0819,david.betancourt@co.cameron.tx.us,https://www.cameroncountytx.gov/county-treasurer,"Send FOIA email requesting current excess proceeds/surplus funds list for Cameron, Texas. Ask for Excel/PDF format. Template in county_email_outreach.py.",NOT STARTED,,
LOW,TX,Camp,EMAIL_FOIA,(903) 856-3221,barbara.devine@co.camp.tx.us,https://valverdecounty.texas.gov/186/Treasurers-Office,"Send FOIA email requesting current excess proceeds/surplus funds list for Camp, Texas. Ask for Excel/PDF format. Template in county_email_outreach.py.",NOT STARTED,,
LOW,TX,Carson,EMAIL_FOIA,(806) 537-3753,taxoffice@co.carson.tx.us,https://www.co.carson.tx.us/page/carson.county.treasurer,"Send FOIA email requesting current excess proceeds/surplus funds list for Carson, Texas. Ask for Excel/PDF format. Template in county_email_outreach.py.",NOT STARTED,,
LOW,TX,Cass,EMAIL_FOIA,(903) 756-7626,melissa.shores@casscountytx.gov,https://www.co.cass.tx.us/page/cass.county.treasurer,"Send FOIA email requesting current excess proceeds/surplus funds list for Cass, Texas. Ask for Excel/PDF format. Template in county_email_outreach.py.",NOT STARTED,,
LOW,TX,Castro,EMAIL_FOIA,(806) 647-5534,taxassessor@castrocounty.org,https://www.co.castro.tx.us/page/castro.County.Treasurer,"Send FOIA email requesting current excess proceeds/surplus funds list for Castro, Texas. Ask for Excel/PDF format. Template in county_email_outreach.py.",NOT STARTED,,
LOW,TX,Chambers,PHONE_REQUEST,(409) 267-2455,,https://www.chamberscountytx.gov/286/County-Treasurer,Call county office and request excess proceeds list. Ask: 1) Do you have an excess proceeds or surplus funds list? 2) Can you email it to claim@usforeclosurerecovery.com? 3) Is it available online?,NOT STARTED,,
LOW,TX,Cherokee,EMAIL_FOIA,(903) 683-4935,erint@cocherokee.org,https://apps.dentoncounty.gov/website/trs/DirectoryDetail.asp?county=Cherokee,"Send FOIA email requesting current excess proceeds/surplus funds list for Cherokee, Texas. Ask for Excel/PDF format. Template in county_email_outreach.py.",NOT STARTED,,
LOW,TX,Childress,EMAIL_FOIA,(940) 937-6271,treasurer@childresstx.us,https://www.childresstx.us/pages/county-treasurer,"Send FOIA email requesting current excess proceeds/surplus funds list for Childress, Texas. Ask for Excel/PDF format. Template in county_email_outreach.py.",NOT STARTED,,
LOW,TX,Clay,EMAIL_FOIA,(940) 538-5911,Danja.Bloodworth@co.clay.tx.us,https://www.claycountytx.net/contact,"Send FOIA email requesting current excess proceeds/surplus funds list for Clay, Texas. Ask for Excel/PDF format. Template in county_email_outreach.py.",NOT STARTED,,
LOW,TX,Cochran,EMAIL_FOIA,(806) 266-5161,cochrantax@co.cochran.tx.us,https://apps.dentoncounty.gov/website/trs/DirectoryDetail.asp?county=Cochran,"Send FOIA email requesting current excess proceeds/surplus funds list for Cochran, Texas. Ask for Excel/PDF format. Template in county_email_outreach.py.",NOT STARTED,,
LOW,TX,Coke,EMAIL_FOIA,(325) 453-2713,treasurer@co.coke.tx.us,https://www.co.coke.tx.us/page/coke.County.Treasurer,"Send FOIA email requesting current excess proceeds/surplus funds list for Coke, Texas. Ask for Excel/PDF format. Template in county_email_outreach.py.",NOT STARTED,,
LOW,TX,Coleman,EMAIL_FOIA,(325) 625-4221,jfarrow@co.coleman.tx.us,https://apps.dentoncounty.gov/website/trs/DirectoryDetail.asp?county=Coleman,"Send FOIA email requesting current excess proceeds/surplus funds list for Coleman, Texas. Ask for Excel/PDF format. Template in county_email_outreach.py.",NOT STARTED,,
LOW,TX,Collin,EMAIL_FOIA,(972) 548-4109,skemp@co.collin.tx.us,https://apps.dentoncounty.gov/website/trs/DirectoryDetail.asp?county=Collin,"Send FOIA email requesting current excess proceeds/surplus funds list for Collin, Texas. Ask for Excel/PDF format. Template in county_email_outreach.py.",NOT STARTED,,
LOW,TX,Collingsworth,EMAIL_FOIA,(806) 447-2616,Gina.Harris@co.collingsworth.tx.us,https://www.co.collingsworth.tx.us/page/collingsworth.County.Treasurer,"Send FOIA email requesting current excess proceeds/surplus funds list for Collingsworth, Texas. Ask for Excel/PDF format. Template in county_email_outreach.py.",NOT STARTED,,
LOW,TX,Colorado,EMAIL_FOIA,(979) 732-2865,joyce.guthmann@co.colorado.tx.us,https://www.co.colorado.tx.us/page/colorado.county.treasurer,"Send FOIA email requesting current excess proceeds/surplus funds list for Colorado, Texas. Ask for Excel/PDF format. Template in county_email_outreach.py.",NOT STARTED,,
LOW,TX,Comal,EMAIL_FOIA,(830) 221-1220,couchr@co.comal.tx.us,https://apps.dentoncounty.gov/website/trs/DirectoryDetail.asp?county=Comal,"Send FOIA email requesting current excess proceeds/surplus funds list for Comal, Texas. Ask for Excel/PDF format. Template in county_email_outreach.py.",NOT STARTED,,
LOW,TX,Comanche,EMAIL_FOIA,(325) 356-2838,pphifer@co.comanche.tx.us,https://apps.dentoncounty.gov/website/trs/DirectoryDetail.asp?county=Comanche,"Send FOIA email requesting current excess proceeds/surplus funds list for Comanche, Texas. Ask for Excel/PDF format. Template in county_email_outreach.py.",NOT STARTED,,
LOW,TX,Concho,EMAIL_FOIA,(325) 732-4279,jgierisch@co.concho.tx.us,https://phonebookoftexas.com/concho-county,"Send FOIA email requesting current excess proceeds/surplus funds list for Concho, Texas. Ask for Excel/PDF format. Template in county_email_outreach.py.",NOT STARTED,,
LOW,TX,Cooke,EMAIL_FOIA,(940) 668-5423,cookecad@cookecad.org,https://www.txdirectory.com/online/county/detail.php?id=49,"Send FOIA email requesting current excess proceeds/surplus funds list for Cooke, Texas. Ask for Excel/PDF format. Template in county_email_outreach.py.",NOT STARTED,,
LOW,TX,Coryell,EMAIL_FOIA,(254) 865-5911,treasurer@coryellcounty.org,https://www.coryellcounty.org/page/coryell.County.Treasurer,"Send FOIA email requesting current excess proceeds/surplus funds list for Coryell, Texas. Ask for Excel/PDF format. Template in county_email_outreach.py.",NOT STARTED,,
LOW,TX,Cottle,EMAIL_FOIA,(806) 492-3345,cottletac@co.cottle.tx.us,https://www.co.cottle.tx.us/page/cottle.County.Assessor.Collector,"Send FOIA email requesting current excess proceeds/surplus funds list for Cottle, Texas. Ask for Excel/PDF format. Template in county_email_outreach.py.",NOT STARTED,,
LOW,TX,Crane,EMAIL_FOIA,(432) 558-3372,scadena@co.crane.tx.us,https://www.co.crane.tx.us/page/crane.County.Treasurer,"Send FOIA email requesting current excess proceeds/surplus funds list for Crane, Texas. Ask for Excel/PDF format. Template in county_email_outreach.py.",NOT STARTED,,
LOW,TX,Crockett,EMAIL_FOIA,(325) 392-3376,laura.conner@co.crockett.tx.us,https://apps.dentoncounty.gov/website/trs/DirectoryDetail.asp?county=Crockett,"Send FOIA email requesting current excess proceeds/surplus funds list for Crockett, Texas. Ask for Excel/PDF format. Template in county_email_outreach.py.",NOT STARTED,,
LOW,TX,Crosby,EMAIL_FOIA,(806) 675-2334,taxoffice2@crosbycountytx.com,https://www.co.crosby.tx.us/page/crosby.contact,"Send FOIA email requesting current excess proceeds/surplus funds list for Crosby, Texas. Ask for Excel/PDF format. Template in county_email_outreach.py.",NOT STARTED,,
LOW,TX,Culberson,EMAIL_FOIA,(432) 283-1419,ahinojos@co.culberson.tx.us,https://www.co.culberson.tx.us/page/culberson.County.Treasurer,"Send FOIA email requesting current excess proceeds/surplus funds list for Culberson, Texas. Ask for Excel/PDF format. Template in county_email_outreach.py.",NOT STARTED,,
LOW,TX,Dallam,EMAIL_FOIA,(806) 244-2530,treasurer@dallam.org,https://apps.dentoncounty.gov/website/trs/DirectoryDetail.asp?county=Dallam,"Send FOIA email requesting current excess proceeds/surplus funds list for Dallam, Texas. Ask for Excel/PDF format. Template in county_email_outreach.py.",NOT STARTED,,
LOW,TX,Dallas,EMAIL_FOIA,(214) 653-7321,property.tax@dallascounty.org,https://www.dallascounty.org/departments/treasurer/contact-us.php,"Send FOIA email requesting current excess proceeds/surplus funds list for Dallas, Texas. Ask for Excel/PDF format. Template in county_email_outreach.py.",NOT STARTED,,
LOW,TX,Dawson,EMAIL_FOIA,(806) 329-3327,tstahl@co.dawson.tx.us,https://apps.dentoncounty.gov/website/trs/DirectoryDetail.asp?county=Dawson,"Send FOIA email requesting current excess proceeds/surplus funds list for Dawson, Texas. Ask for Excel/PDF format. Template in county_email_outreach.py.",NOT STARTED,,
LOW,TX,DeWitt,EMAIL_FOIA,(361) 275-0894,desi.garibay@dwcotx.org,https://www.co.dewitt.tx.us/page/dewitt.county.treasurer,"Send FOIA email requesting current excess proceeds/surplus funds list for DeWitt, Texas. Ask for Excel/PDF format. Template in county_email_outreach.py.",NOT STARTED,,
LOW,TX,Deaf Smith,EMAIL_FOIA,(806) 363-7088,CTrevino@deafsmithcounty.texas.gov,https://apps.dentoncounty.gov/website/trs/DirectoryDetail.asp?county=Deaf%20Smith,"Send FOIA email requesting current excess proceeds/surplus funds list for Deaf Smith, Texas. Ask for Excel/PDF format. Template in county_email_outreach.py.",NOT STARTED,,
LOW,TX,Delta,EMAIL_FOIA,(903) 395-4400,treasurer@deltacountytx.com,https://apps.dentoncounty.gov/website/trs/DirectoryDetail.asp?county=Delta,"Send FOIA email requesting current excess proceeds/surplus funds list for Delta, Texas. Ask for Excel/PDF format. Template in county_email_outreach.py.",NOT STARTED,,
LOW,TX,Denton,PHONE_REQUEST,(940) 349-3150,,https://www.dentoncounty.gov/174/County-Treasurer,Call county office and request excess proceeds list. Ask: 1) Do you have an excess proceeds or surplus funds list? 2) Can you email it to claim@usforeclosurerecovery.com? 3) Is it available online?,NOT STARTED,,
LOW,TX,Dickens,EMAIL_FOIA,(806) 623-5542,dickenst@co.dickens.tx.us,https://www.co.dickens.tx.us,"Send FOIA email requesting current excess proceeds/surplus funds list for Dickens, Texas. Ask for Excel/PDF format. Template in county_email_outreach.py.",NOT STARTED,,
LOW,TX,Dimmit,EMAIL_FOIA,(830) 876-4246,countytreasurer@dimmitcounty.org,https://apps.dentoncounty.gov/website/trs/DirectoryDetail.asp?county=Dimmit,"Send FOIA email requesting current excess proceeds/surplus funds list for Dimmit, Texas. Ask for Excel/PDF format. Template in county_email_outreach.py.",NOT STARTED,,
LOW,TX,Donley,EMAIL_FOIA,(806) 874-2328,doncotreasurer@windstream.net,https://www.co.donley.tx.us/page/donley.County.Treasurer,"Send FOIA email requesting current excess proceeds/surplus funds list for Donley, Texas. Ask for Excel/PDF format. Template in county_email_outreach.py.",NOT STARTED,,
LOW,TX,Duval,EMAIL_FOIA,(361) 279-6330,relizondo@co.duval.tx.us,https://apps.dentoncounty.gov/website/trs/DirectoryDetail.asp?county=Duval,"Send FOIA email requesting current excess proceeds/surplus funds list for Duval, Texas. Ask for Excel/PDF format. Template in county_email_outreach.py.",NOT STARTED,,
LOW,TX,Eastland,EMAIL_FOIA,(254) 629-2672,christina.dodrill@eastlandcounty.gov,https://www.eastlandcountytexas.com/page/eastland.County.Treasurer,"Send FOIA email requesting current excess proceeds/surplus funds list for Eastland, Texas. Ask for Excel/PDF format. Template in county_email_outreach.py.",NOT STARTED,,
LOW,TX,Ector,EMAIL_FOIA,(432) 498-4060,cleopatra.callaway@ectorcountytx.gov,https://apps.dentoncounty.gov/website/trs/DirectoryDetail.asp?county=Ector,"Send FOIA email requesting current excess proceeds/surplus funds list for Ector, Texas. Ask for Excel/PDF format. Template in county_email_outreach.py.",NOT STARTED,,
LOW,TX,Edwards,EMAIL_FOIA,(830) 683-5116,lupe.enriquez@co.edwards.tx.us,https://www.co.edwards.tx.us/page/edwards.County.Treasurer,"Send FOIA email requesting current excess proceeds/surplus funds list for Edwards, Texas. Ask for Excel/PDF format. Template in county_email_outreach.py.",NOT STARTED,,
LOW,TX,El Paso,EMAIL_FOIA,(915) 273-3430,ctaxassessor@epcounty.com,https://www.epcounty.com/taxoffice,"Send FOIA email requesting current excess proceeds/surplus funds list for El Paso, Texas. Ask for Excel/PDF format. Template in county_email_outreach.py.",NOT STARTED,,
LOW,TX,Ellis,EMAIL_FOIA,(972) 825-5127,cheryl.chambers@elliscountytx.gov,https://apps.dentoncounty.gov/website/trs/DirectoryDetail.asp?county=Ellis,"Send FOIA email requesting current excess proceeds/surplus funds list for Ellis, Texas. Ask for Excel/PDF format. Template in county_email_outreach.py.",NOT STARTED,,
LOW,TX,Erath,EMAIL_FOIA,(254) 965-1483,countytreasurer@co.erath.tx.us,https://apps.dentoncounty.gov/website/trs/DirectoryDetail.asp?county=Erath,"Send FOIA email requesting current excess proceeds/surplus funds list for Erath, Texas. Ask for Excel/PDF format. Template in county_email_outreach.py.",NOT STARTED,,
LOW,TX,Falls,EMAIL_FOIA,(254) 883-1433,sheryl.pringle@co.falls.tx.us,https://www.co.falls.tx.us/page/falls.County.Treasurer,"Send FOIA email requesting current excess proceeds/surplus funds list for Falls, Texas. Ask for Excel/PDF format. Template in county_email_outreach.py.",NOT STARTED,,
LOW,TX,Fannin,EMAIL_FOIA,(903) 583-7457,dwoodson@fanninco.net,https://www.co.fannin.tx.us/page/fannin.county.treasurer,"Send FOIA email requesting current excess proceeds/surplus funds list for Fannin, Texas. Ask for Excel/PDF format. Template in county_email_outreach.py.",NOT STARTED,,
LOW,TX,Fayette,EMAIL_FOIA,(979) 968-3164,tac@co.fayette.tx.us,https://countyinfo.hoursguide.com/fayette-county-tx-treasurer-tax-collector-office,"Send FOIA email requesting current excess proceeds/surplus funds list for Fayette, Texas. Ask for Excel/PDF format. Template in county_email_outreach.py.",NOT STARTED,,
LOW,TX,Fisher,EMAIL_FOIA,(325) 776-3257,jeanna.parks@fishercounty.org,https://apps.dentoncounty.gov/website/trs/DirectoryDetail.asp?county=Fisher,"Send FOIA email requesting current excess proceeds/surplus funds list for Fisher, Texas. Ask for Excel/PDF format. Template in county_email_outreach.py.",NOT STARTED,,
LOW,TX,Floyd,EMAIL_FOIA,(806) 983-4910,countytreasurer@co.floyd.tx.us,https://apps.dentoncounty.gov/website/trs/DirectoryDetail.asp?county=Floyd,"Send FOIA email requesting current excess proceeds/surplus funds list for Floyd, Texas. Ask for Excel/PDF format. Template in county_email_outreach.py.",NOT STARTED,,
LOW,TX,Foard,EMAIL_FOIA,(940) 684-1818,treasurer@foardcounty.texas.gov,https://apps.dentoncounty.gov/website/trs/DirectoryDetail.asp?county=Foard,"Send FOIA email requesting current excess proceeds/surplus funds list for Foard, Texas. Ask for Excel/PDF format. Template in county_email_outreach.py.",NOT STARTED,,
LOW,TX,Fort Bend,EMAIL_FOIA,(281) 341-3750,TreasurersOffice@fortbendcountytx.gov,https://www.fortbendcountytx.gov/government/departments/treasurer/contact-us,"Send FOIA email requesting current excess proceeds/surplus funds list for Fort Bend, Texas. Ask for Excel/PDF format. Template in county_email_outreach.py.",NOT STARTED,,
LOW,TX,Franklin,EMAIL_FOIA,(903) 537-8334,ptillery@co.franklin.tx.us,https://www.co.franklin.tx.us/page/franklin.county.treasurer,"Send FOIA email requesting current excess proceeds/surplus funds list for Franklin, Texas. Ask for Excel/PDF format. Template in county_email_outreach.py.",NOT STARTED,,
LOW,TX,Freestone,EMAIL_FOIA,(903) 389-2180,Treasurer@co.freestone.tx.us,https://www.co.freestone.tx.us/page/freestone.county.treasurer,"Send FOIA email requesting current excess proceeds/surplus funds list for Freestone, Texas. Ask for Excel/PDF format. Template in county_email_outreach.py.",NOT STARTED,,
LOW,TX,Frio,EMAIL_FOIA,(830) 505-2984,pete.martinez@friocounty.org,https://apps.dentoncounty.gov/website/trs/DirectoryDetail.asp?county=Frio,"Send FOIA email requesting current excess proceeds/surplus funds list for Frio, Texas. Ask for Excel/PDF format. Template in county_email_outreach.py.",NOT STARTED,,
LOW,TX,Gaines,EMAIL_FOIA,(432) 758-4009,taxoffice@co.gaines.tx.us,https://www.co.gaines.tx.us/page/gaines.phonedirectory,"Send FOIA email requesting current excess proceeds/surplus funds list for Gaines, Texas. Ask for Excel/PDF format. Template in county_email_outreach.py.",NOT STARTED,,
LOW,TX,Galveston,EMAIL_FOIA,(409) 766-2284,galcotax@co.galveston.tx.us,https://www.galvestoncountytx.gov/our-county/tax-assessor-collector/contact-info,"Send FOIA email requesting current excess proceeds/surplus funds list for Galveston, Texas. Ask for Excel/PDF format. Template in county_email_outreach.py.",NOT STARTED,,
LOW,TX,Garza,EMAIL_FOIA,(806) 495-4422,l.terry@co.garza.tx.us,https://apps.dentoncounty.gov/website/trs/DirectoryDetail.asp?county=Garza,"Send FOIA email requesting current excess proceeds/surplus funds list for Garza, Texas. Ask for Excel/PDF format. Template in county_email_outreach.py.",NOT STARTED,,
LOW,TX,Gillespie,EMAIL_FOIA,(830) 997-6521,countytreasurer@gillespiecounty.org,https://www.gillespiecounty.org/page/treasurer_main,"Send FOIA email requesting current excess proceeds/surplus funds list for Gillespie, Texas. Ask for Excel/PDF format. Template in county_email_outreach.py.",NOT STARTED,,
LOW,TX,Glasscock,EMAIL_FOIA,(432) 354-2415,vikki.calloway@co.glasscock.tx.us,https://apps.dentoncounty.gov/website/trs/DirectoryDetail.asp?county=Glasscock,"Send FOIA email requesting current excess proceeds/surplus funds list for Glasscock, Texas. Ask for Excel/PDF format. Template in county_email_outreach.py.",NOT STARTED,,
LOW,TX,Goliad,EMAIL_FOIA,(361) 645-3551,mgarcia@goliadcountytx.gov,https://www.txdirectory.com/online/county/detail.php?id=88,"Send FOIA email requesting current excess proceeds/surplus funds list for Goliad, Texas. Ask for Excel/PDF format. Template in county_email_outreach.py.",NOT STARTED,,
LOW,TX,Gonzales,PHONE_REQUEST,(830) 672-2621,,https://apps.dentoncounty.gov/website/trs/DirectoryDetail.asp?county=Gonzales,Call county office and request excess proceeds list. Ask: 1) Do you have an excess proceeds or surplus funds list? 2) Can you email it to claim@usforeclosurerecovery.com? 3) Is it available online?,NOT STARTED,,
LOW,TX,Gray,EMAIL_FOIA,(806) 669-8009,terri.kitchens@graycch.com,https://www.co.gray.tx.us/page/gray.County.Treasurer,"Send FOIA email requesting current excess proceeds/surplus funds list for Gray, Texas. Ask for Excel/PDF format. Template in county_email_outreach.py.",NOT STARTED,,
LOW,TX,Grayson,EMAIL_FOIA,(903) 813-4251,hawkinsg@co.grayson.tx.us,https://apps.dentoncounty.gov/website/trs/DirectoryDetail.asp?county=Grayson,"Send FOIA email requesting current excess proceeds/surplus funds list for Grayson, Texas. Ask for Excel/PDF format. Template in county_email_outreach.py.",NOT STARTED,,
LOW,TX,Gregg,EMAIL_FOIA,(903) 236-8443,michelle.terry@co.gregg.tx.us,https://greggcounty.texas.gov/departments/tax-assessor-collector,"Send FOIA email requesting current excess proceeds/surplus funds list for Gregg, Texas. Ask for Excel/PDF format. Template in county_email_outreach.py.",NOT STARTED,,
LOW,TX,Grimes,EMAIL_FOIA,(936) 873-4402,tom.maynard@grimescountytexas.gov,https://grimescountytexas.gov/county-treasurer,"Send FOIA email requesting current excess proceeds/surplus funds list for Grimes, Texas. Ask for Excel/PDF format. Template in county_email_outreach.py.",NOT STARTED,,
LOW,TX,Guadalupe,EMAIL_FOIA,(830) 303-8868,lindad@co.guadalupe.tx.us,https://apps.dentoncounty.gov/website/trs/DirectoryDetail.asp?county=Guadalupe,"Send FOIA email requesting current excess proceeds/surplus funds list for Guadalupe, Texas. Ask for Excel/PDF format. Template in county_email_outreach.py.",NOT STARTED,,
LOW,TX,Hale,EMAIL_FOIA,(806) 291-5209,halecotreas@halecounty.org,https://www.halecounty.org/financial/county_treasure.php,"Send FOIA email requesting current excess proceeds/surplus funds list for Hale, Texas. Ask for Excel/PDF format. Template in county_email_outreach.py.",NOT STARTED,,
LOW,TX,Hall,EMAIL_FOIA,(806) 259-2421,hallcotreasurer@aim.com,https://apps.dentoncounty.gov/website/trs/DirectoryDetail.asp?county=Hall,"Send FOIA email requesting current excess proceeds/surplus funds list for Hall, Texas. Ask for Excel/PDF format. Template in county_email_outreach.py.",NOT STARTED,,
LOW,TX,Hamilton,EMAIL_FOIA,(254) 386-1260,dclary@co.hamilton.tx.us,https://www.hamiltoncountytx.gov/page/hamilton.cotreasurer,"Send FOIA email requesting current excess proceeds/surplus funds list for Hamilton, Texas. Ask for Excel/PDF format. Template in county_email_outreach.py.",NOT STARTED,,
LOW,TX,Hansford,EMAIL_FOIA,(806) 659-4125,linda.cummings@co.hansford.tx.us,https://apps.dentoncounty.gov/website/trs/DirectoryDetail.asp?county=Hansford,"Send FOIA email requesting current excess proceeds/surplus funds list for Hansford, Texas. Ask for Excel/PDF format. Template in county_email_outreach.py.",NOT STARTED,,
LOW,TX,Hardeman,EMAIL_FOIA,(940) 663-5401,traysha.newsom@co.hardeman.tx.us,https://www.co.hardeman.tx.us/page/hardeman.County.Treasurer,"Send FOIA email requesting current excess proceeds/surplus funds list for Hardeman, Texas. Ask for Excel/PDF format. Template in county_email_outreach.py.",NOT STARTED,,
LOW,TX,Hardin,EMAIL_FOIA,(409) 246-5121,Deborah.McWilliams@Co.Hardin.TX.US,https://www.co.madison.tx.us/page/Treasurer,"Send FOIA email requesting current excess proceeds/surplus funds list for Hardin, Texas. Ask for Excel/PDF format. Template in county_email_outreach.py.",NOT STARTED,,
LOW,TX,Harris,EMAIL_FOIA,(832) 927-6873,truinfo@hctx.net,https://treasurer.harriscountytx.gov/About/Contact-Information,"Send FOIA email requesting current excess proceeds/surplus funds list for Harris, Texas. Ask for Excel/PDF format. Template in county_email_outreach.py.",NOT STARTED,,
LOW,TX,Harrison,EMAIL_FOIA,(903) 935-8404,contact@harrisoncad.net,https://www.harrisoncountytexas.gov/page/harrison.CountyTreasurer,"Send FOIA email requesting current excess proceeds/surplus funds list for Harrison, Texas. Ask for Excel/PDF format. Template in county_email_outreach.py.",NOT STARTED,,
LOW,TX,Hartley,EMAIL_FOIA,(806) 235-3572,dparman@hartleycountytx.gov,https://www.co.hartley.tx.us/page/hartley.County.Treasurer,"Send FOIA email requesting current excess proceeds/surplus funds list for Hartley, Texas. Ask for Excel/PDF format. Template in county_email_outreach.py.",NOT STARTED,,
LOW,TX,Haskell,EMAIL_FOIA,(940) 864-3805,whester@haskellcad.com,https://comptroller.texas.gov/taxes/property-tax/county-directory/haskell.php,"Send FOIA email requesting current excess proceeds/surplus funds list for Haskell, Texas. Ask for Excel/PDF format. Template in county_email_outreach.py.",NOT STARTED,,
LOW,TX,Hays,EMAIL_FOIA,(512) 393-2236,daphne.tenorio@hayscountytx.gov,https://www.hayscountytx.gov/treasurer,"Send FOIA email requesting current excess proceeds/surplus funds list for Hays, Texas. Ask for Excel/PDF format. Template in county_email_outreach.py.",NOT STARTED,,
LOW,TX,Hemphill,EMAIL_FOIA,(806) 323-6671,treasurer@co.sabine.tx.us,https://www.co.hemphill.tx.us/page/hemphill.County.Treasurer,"Send FOIA email requesting current excess proceeds/surplus funds list for Hemphill, Texas. Ask for Excel/PDF format. Template in county_email_outreach.py.",NOT STARTED,,
LOW,TX,Henderson,EMAIL_FOIA,(903) 675-6119,mbynum@henderson-county.com,https://www.henderson-county.com/departments/county-treasurer,"Send FOIA email requesting current excess proceeds/surplus funds list for Henderson, Texas. Ask for Excel/PDF format. Template in county_email_outreach.py.",NOT STARTED,,
LOW,TX,Hidalgo,EMAIL_FOIA,(956) 318-2506,lita.leo@co.hidalgo.tx.us,https://www.hidalgocounty.us/121/Contact-Us,"Send FOIA email requesting current excess proceeds/surplus funds list for Hidalgo, Texas. Ask for Excel/PDF format. Template in county_email_outreach.py.",NOT STARTED,,
LOW,TX,Hill,EMAIL_FOIA,(254) 582-4050,AP@CO.HILL.TX.US,https://apps.dentoncounty.gov/website/trs/DirectoryDetail.asp?county=Hill,"Send FOIA email requesting current excess proceeds/surplus funds list for Hill, Texas. Ask for Excel/PDF format. Template in county_email_outreach.py.",NOT STARTED,,
LOW,TX,Hockley,EMAIL_FOIA,(806) 894-3718,kmartin@hockleycounty.org,https://www.co.hockley.tx.us/page/hockley.county.treasurer,"Send FOIA email requesting current excess proceeds/surplus funds list for Hockley, Texas. Ask for Excel/PDF format. Template in county_email_outreach.py.",NOT STARTED,,
LOW,TX,Hood,EMAIL_FOIA,(817) 579-3208,mccoyl@hoodcounty.texas.gov,https://hoodcounty.texas.gov/government/treasurer/home.php,"Send FOIA email requesting current excess proceeds/surplus funds list for Hood, Texas. Ask for Excel/PDF format. Template in county_email_outreach.py.",NOT STARTED,,
LOW,TX,Hopkins,EMAIL_FOIA,(903) 438-4003,ddavis@hopkinscountytx.org,https://www.hopkinscountytx.org/page/hopkins.County.Treasurer,"Send FOIA email requesting current excess proceeds/surplus funds list for Hopkins, Texas. Ask for Excel/PDF format. Template in county_email_outreach.py.",NOT STARTED,,
LOW,TX,Houston,EMAIL_FOIA,(936) 544-3255,jomelina@co.houston.tx.us,https://www.co.houston.tx.us/page/houston.County.Treasurer,"Send FOIA email requesting current excess proceeds/surplus funds list for Houston, Texas. Ask for Excel/PDF format. Template in county_email_outreach.py.",NOT STARTED,,
LOW,TX,Howard,EMAIL_FOIA,(432) 264-2218,sharon.adams@howardcountytx.com,https://www.co.howard.tx.us/page/howard.county.treasurer,"Send FOIA email requesting current excess proceeds/surplus funds list for Howard, Texas. Ask for Excel/PDF format. Template in county_email_outreach.py.",NOT STARTED,,
LOW,TX,Hudspeth,EMAIL_FOIA,(915) 369-3511,ecolmenero@co.hudspeth.tx.us,https://apps.dentoncounty.gov/website/trs/DirectoryDetail.asp?county=Hudspeth,"Send FOIA email requesting current excess proceeds/surplus funds list for Hudspeth, Texas. Ask for Excel/PDF format. Template in county_email_outreach.py.",NOT STARTED,,
LOW,TX,Hunt,EMAIL_FOIA,(903) 408-4171,payables@huntcounty.net,https://www.huntcounty.net/page/hunt.countytreasurer,"Send FOIA email requesting current excess proceeds/surplus funds list for Hunt, Texas. Ask for Excel/PDF format. Template in county_email_outreach.py.",NOT STARTED,,
LOW,TX,Hutchinson,EMAIL_FOIA,(806) 878-4010,amyb@hutchinsoncnty.com,https://www.co.hutchinson.tx.us/page/hutchinson.County.Treasurer,"Send FOIA email requesting current excess proceeds/surplus funds list for Hutchinson, Texas. Ask for Excel/PDF format. Template in county_email_outreach.py.",NOT STARTED,,
LOW,TX,Irion,EMAIL_FOIA,(325) 835-4111,carolyn.huelster@co.irion.tx.us,https://www.co.irion.tx.us/page/irion.county.treasurer,"Send FOIA email requesting current excess proceeds/surplus funds list for Irion, Texas. Ask for Excel/PDF format. Template in county_email_outreach.py.",NOT STARTED,,
LOW,TX,Jack,EMAIL_FOIA,(940) 567-2251,bcampsey@jackcounty.texas.gov,https://apps.dentoncounty.gov/website/trs/DirectoryDetail.asp?county=Jack,"Send FOIA email requesting current excess proceeds/surplus funds list for Jack, Texas. Ask for Excel/PDF format. Template in county_email_outreach.py.",NOT STARTED,,
LOW,TX,Jackson,EMAIL_FOIA,(361) 782-3402,m.horton@co.jackson.tx.us,https://apps.dentoncounty.gov/website/trs/DirectoryDetail.asp?county=Jackson,"Send FOIA email requesting current excess proceeds/surplus funds list for Jackson, Texas. Ask for Excel/PDF format. Template in county_email_outreach.py.",NOT STARTED,,
LOW,TX,Jasper,PHONE_REQUEST,(409) 384-2461,,https://apps.dentoncounty.gov/website/trs/DirectoryDetail.asp?county=Jasper,Call county office and request excess proceeds list. Ask: 1) Do you have an excess proceeds or surplus funds list? 2) Can you email it to claim@usforeclosurerecovery.com? 3) Is it available online?,NOT STARTED,,
LOW,TX,Jeff Davis,EMAIL_FOIA,(432) 426-3242,jdtreasurer@jeffdaviscounty.texas.gov,https://apps.dentoncounty.gov/website/trs/DirectoryDetail.asp?county=Jeff%20Davis,"Send FOIA email requesting current excess proceeds/surplus funds list for Jeff Davis, Texas. Ask for Excel/PDF format. Template in county_email_outreach.py.",NOT STARTED,,
LOW,TX,Jefferson,EMAIL_FOIA,(409) 835-8509,Tim.Funchess@jeffcotx.us,https://jeffersoncountytx.gov/treasurer/main.htm,"Send FOIA email requesting current excess proceeds/surplus funds list for Jefferson, Texas. Ask for Excel/PDF format. Template in county_email_outreach.py.",NOT STARTED,,
LOW,TX,Jim Hogg,EMAIL_FOIA,(361) 527-3164,gloria.benavides@co.jim-hogg.tx.us,https://www.co.jim-hogg.tx.us/page/jim-hogg.County.Treasurer,"Send FOIA email requesting current excess proceeds/surplus funds list for Jim Hogg, Texas. Ask for Excel/PDF format. Template in county_email_outreach.py.",NOT STARTED,,
LOW,TX,Jim Wells,EMAIL_FOIA,(361) 668-5713,mark.dominguez@co.jim-wells.tx.us,https://www.co.jim-wells.tx.us/page/co.county.treasurer,"Send FOIA email requesting current excess proceeds/surplus funds list for Jim Wells, Texas. Ask for Excel/PDF format. Template in county_email_outreach.py.",NOT STARTED,,
LOW,TX,Johnson,EMAIL_FOIA,(817) 556-6341,kathyb@johnsoncountytx.org,https://apps.dentoncounty.gov/website/trs/DirectoryDetail.asp?county=Johnson,"Send FOIA email requesting current excess proceeds/surplus funds list for Johnson, Texas. Ask for Excel/PDF format. Template in county_email_outreach.py.",NOT STARTED,,
LOW,TX,Jones,EMAIL_FOIA,(325) 823-3742,Kristian.Smith@co.jones.tx.us,https://apps.dentoncounty.gov/website/trs/DirectoryDetail.asp?county=Jones,"Send FOIA email requesting current excess proceeds/surplus funds list for Jones, Texas. Ask for Excel/PDF format. Template in county_email_outreach.py.",NOT STARTED,,
LOW,TX,Karnes,EMAIL_FOIA,(830) 780-2431,Vi.Swierc@co.karnes.tx.us,https://www.karnescountytax.org/home/getintouch,"Send FOIA email requesting current excess proceeds/surplus funds list for Karnes, Texas. Ask for Excel/PDF format. Template in county_email_outreach.py.",NOT STARTED,,
LOW,TX,Kaufman,EMAIL_FOIA,(469) 376-4575,cmohnkern@kaufmancounty.net,https://apps.dentoncounty.gov/website/trs/DirectoryDetail.asp?county=Kaufman,"Send FOIA email requesting current excess proceeds/surplus funds list for Kaufman, Texas. Ask for Excel/PDF format. Template in county_email_outreach.py.",NOT STARTED,,
LOW,TX,Kendall,EMAIL_FOIA,(830) 249-9343,sheryl.dspain@co.kendall.tx.us,https://apps.dentoncounty.gov/website/trs/DirectoryDetail.asp?county=Kendall,"Send FOIA email requesting current excess proceeds/surplus funds list for Kendall, Texas. Ask for Excel/PDF format. Template in county_email_outreach.py.",NOT STARTED,,
LOW,TX,Kenedy,EMAIL_FOIA,(361) 294-5304,csalinas@kenedycountytx.gov,https://apps.dentoncounty.gov/website/trs/DirectoryDetail.asp?county=Kenedy,"Send FOIA email requesting current excess proceeds/surplus funds list for Kenedy, Texas. Ask for Excel/PDF format. Template in county_email_outreach.py.",NOT STARTED,,
LOW,TX,Kent,EMAIL_FOIA,(806) 237-3075,treasurer@co.kent.tx.us,https://apps.dentoncounty.gov/website/trs/DirectoryDetail.asp?county=Kent,"Send FOIA email requesting current excess proceeds/surplus funds list for Kent, Texas. Ask for Excel/PDF format. Template in county_email_outreach.py.",NOT STARTED,,
LOW,TX,Kerr,EMAIL_FOIA,(830) 792-2276,tsoldan@co.kerr.tx.us,https://kerrcountytx.gov/kerr-county-all-departments/kerr-county-treasurer,"Send FOIA email requesting current excess proceeds/surplus funds list for Kerr, Texas. Ask for Excel/PDF format. Template in county_email_outreach.py.",NOT STARTED,,
LOW,TX,Kimble,EMAIL_FOIA,(325) 446-2847,b.stewart@co.kimble.tx.us,https://www.co.kimble.tx.us/page/kimble.County.Treasurer,"Send FOIA email requesting current excess proceeds/surplus funds list for Kimble, Texas. Ask for Excel/PDF format. Template in county_email_outreach.py.",NOT STARTED,,
LOW,TX,King,EMAIL_FOIA,(806) 596-4319,KingCountyTreasurer@kingcounty.gov,https://www.co.king.tx.us/page/king.County.Treasurer,"Send FOIA email requesting current excess proceeds/surplus funds list for King, Texas. Ask for Excel/PDF format. Template in county_email_outreach.py.",NOT STARTED,,
LOW,TX,Kinney,EMAIL_FOIA,(830) 563-2777,dgutierrez@co.kinney.tx.us,https://apps.dentoncounty.gov/website/trs/DirectoryDetail.asp?county=Kinney,"Send FOIA email requesting current excess proceeds/surplus funds list for Kinney, Texas. Ask for Excel/PDF format. Template in county_email_outreach.py.",NOT STARTED,,
LOW,TX,Kleberg,EMAIL_FOIA,(361) 595-8535,pcantu@co.kleberg.tx.us,https://www.co.kleberg.tx.us/page/kleberg.county.treasurer,"Send FOIA email requesting current excess proceeds/surplus funds list for Kleberg, Texas. Ask for Excel/PDF format. Template in county_email_outreach.py.",NOT STARTED,,
LOW,TX,Knox,EMAIL_FOIA,(940) 459-2251,treasurer@knoxcountytexas.org,https://www.knoxcountytexas.org/page/knox.county.treasurer,"Send FOIA email requesting current excess proceeds/surplus funds list for Knox, Texas. Ask for Excel/PDF format. Template in county_email_outreach.py.",NOT STARTED,,
LOW,TX,La Salle,EMAIL_FOIA,(830) 483-5143,dora.gonzales@co.la-salle.tx.us,https://apps.dentoncounty.gov/website/trs/DirectoryDetail.asp?county=La%20Salle,"Send FOIA email requesting current excess proceeds/surplus funds list for La Salle, Texas. Ask for Excel/PDF format. Template in county_email_outreach.py.",NOT STARTED,,
LOW,TX,Lamar,PHONE_REQUEST,(903) 737-2419,,https://www.co.lamar.tx.us/page/lamar.county.treasurer,Call county office and request excess proceeds list. Ask: 1) Do you have an excess proceeds or surplus funds list? 2) Can you email it to claim@usforeclosurerecovery.com? 3) Is it available online?,NOT STARTED,,
LOW,TX,Lamb,EMAIL_FOIA,(806) 485-0080,jyarbrough@co.lamb.tx.us,https://www.co.lamb.tx.us/page/lamb.county.treasurer,"Send FOIA email requesting current excess proceeds/surplus funds list for Lamb, Texas. Ask for Excel/PDF format. Template in county_email_outreach.py.",NOT STARTED,,
LOW,TX,Lampasas,EMAIL_FOIA,(512) 556-8271,melissa.karcher@co.lampasas.tx.us,http://www.co.lampasas.tx.us/page/lampasas.County.Treasurer,"Send FOIA email requesting current excess proceeds/surplus funds list for Lampasas, Texas. Ask for Excel/PDF format. Template in county_email_outreach.py.",NOT STARTED,,
LOW,TX,Lavaca,EMAIL_FOIA,(361) 798-2181,lctreas@co.lavaca.tx.us,https://co.lavaca.tx.us/page/County.Treasurer,"Send FOIA email requesting current excess proceeds/surplus funds list for Lavaca, Texas. Ask for Excel/PDF format. Template in county_email_outreach.py.",NOT STARTED,,
LOW,TX,Lee,EMAIL_FOIA,(979) 542-2161,treasurer@co.lee.tx.us,https://www.co.lee.tx.us/page/lee.County.Treasurer,"Send FOIA email requesting current excess proceeds/surplus funds list for Lee, Texas. Ask for Excel/PDF format. Template in county_email_outreach.py.",NOT STARTED,,
LOW,TX,Leon,EMAIL_FOIA,(903) 536-2915,brandi.hill@co.leon.tx.us,https://www.co.leon.tx.us/page/leon.county.treasurer,"Send FOIA email requesting current excess proceeds/surplus funds list for Leon, Texas. Ask for Excel/PDF format. Template in county_email_outreach.py.",NOT STARTED,,
LOW,TX,Liberty,PHONE_REQUEST,(936) 336-4621,,https://www.co.liberty.tx.us/page/liberty.county.treasurer,Call county office and request excess proceeds list. Ask: 1) Do you have an excess proceeds or surplus funds list? 2) Can you email it to claim@usforeclosurerecovery.com? 3) Is it available online?,NOT STARTED,,
LOW,TX,Limestone,EMAIL_FOIA,(254) 729-3314,carol.pickett@co.limestone.tx.us,https://www.co.limestone.tx.us/page/limestone.county.treasurer,"Send FOIA email requesting current excess proceeds/surplus funds list for Limestone, Texas. Ask for Excel/PDF format. Template in county_email_outreach.py.",NOT STARTED,,
LOW,TX,Lipscomb,EMAIL_FOIA,(806) 862-3821,kimberly.long@co.lipscomb.tx.us,https://www.co.lipscomb.tx.us/page/lipscomb.County.Treasurer,"Send FOIA email requesting current excess proceeds/surplus funds list for Lipscomb, Texas. Ask for Excel/PDF format. Template in county_email_outreach.py.",NOT STARTED,,
LOW,TX,Live Oak,EMAIL_FOIA,(361) 449-2733,ctreasurer@co.live-oak.tx.us,https://apps.dentoncounty.gov/website/trs/DirectoryDetail.asp?county=Live%20Oak,"Send FOIA email requesting current excess proceeds/surplus funds list for Live Oak, Texas. Ask for Excel/PDF format. Template in county_email_outreach.py.",NOT STARTED,,
LOW,TX,Llano,EMAIL_FOIA,(325) 247-7743,cregmund@co.llano.tx.us,https://apps.dentoncounty.gov/website/trs/DirectoryDetail.asp?county=Llano,"Send FOIA email requesting current excess proceeds/surplus funds list for Llano, Texas. Ask for Excel/PDF format. Template in county_email_outreach.py.",NOT STARTED,,
LOW,TX,Loving,EMAIL_FOIA,(432) 309-9500,cotreasurer@co.loving.tx.us,https://www.co.loving.tx.us/page/loving.County.Treasurer,"Send FOIA email requesting current excess proceeds/surplus funds list for Loving, Texas. Ask for Excel/PDF format. Template in county_email_outreach.py.",NOT STARTED,,
LOW,TX,Lubbock,EMAIL_FOIA,(806) 775-1616,CWinn@lubbockcounty.gov,https://www.lubbockcounty.gov/department/index.php?structureid=40,"Send FOIA email requesting current excess proceeds/surplus funds list for Lubbock, Texas. Ask for Excel/PDF format. Template in county_email_outreach.py.",NOT STARTED,,
LOW,TX,Lynn,EMAIL_FOIA,(806) 561-4055,lynncotac@co.lynn.tx.us,https://www.co.lynn.tx.us/page/lynn.county.treasurer,"Send FOIA email requesting current excess proceeds/surplus funds list for Lynn, Texas. Ask for Excel/PDF format. Template in county_email_outreach.py.",NOT STARTED,,
LOW,TX,Madison,EMAIL_FOIA,(936) 348-5141,judi.delesandri@madisoncountytx.org,https://www.co.madison.tx.us/page/madison.county.treasurer,"Send FOIA email requesting current excess proceeds/surplus funds list for Madison, Texas. Ask for Excel/PDF format. Template in county_email_outreach.py.",NOT STARTED,,
LOW,TX,Marion,PHONE_REQUEST,(903) 665-2472,,https://www.co.marion.tx.us/page/marion.contact,Call county office and request excess proceeds list. Ask: 1) Do you have an excess proceeds or surplus funds list? 2) Can you email it to claim@usforeclosurerecovery.com? 3) Is it available online?,NOT STARTED,,
LOW,TX,Martin,EMAIL_FOIA,(432) 756-3631,cday@co.martin.tx.us,https://apps.dentoncounty.gov/website/trs/DirectoryDetail.asp?county=Martin,"Send FOIA email requesting current excess proceeds/surplus funds list for Martin, Texas. Ask for Excel/PDF format. Template in county_email_outreach.py.",NOT STARTED,,
LOW,TX,Mason,EMAIL_FOIA,(325) 347-5251,ally.yonker@co.mason.tx.us,https://www.co.mason.tx.us/page/mason.County.Treasurer,"Send FOIA email requesting current excess proceeds/surplus funds list for Mason, Texas. Ask for Excel/PDF format. Template in county_email_outreach.py.",NOT STARTED,,
LOW,TX,Matagorda,EMAIL_FOIA,(979) 241-0132,lkgriffin@co.matagorda.tx.us,https://www.matagordatx.gov/page/matagorda.County.Treasurer,"Send FOIA email requesting current excess proceeds/surplus funds list for Matagorda, Texas. Ask for Excel/PDF format. Template in county_email_outreach.py.",NOT STARTED,,
LOW,TX,Maverick,EMAIL_FOIA,(830) 773-2413,ruben.montemayor@co.maverick.tx.us,https://apps.dentoncounty.gov/website/trs/DirectoryDetail.asp?county=Maverick,"Send FOIA email requesting current excess proceeds/surplus funds list for Maverick, Texas. Ask for Excel/PDF format. Template in county_email_outreach.py.",NOT STARTED,,
LOW,TX,McCulloch,EMAIL_FOIA,(325) 597-0733,countytreasurer@co.mcculloch.tx.us,https://www.co.mcculloch.tx.us/page/mcculloch.County.Treasurer,"Send FOIA email requesting current excess proceeds/surplus funds list for McCulloch, Texas. Ask for Excel/PDF format. Template in county_email_outreach.py.",NOT STARTED,,
LOW,TX,McLennan,EMAIL_FOIA,(254) 757-5020,bill.helton@mclennan.gov,https://www.mclennan.gov/241/Treasurer,"Send FOIA email requesting current excess proceeds/surplus funds list for McLennan, Texas. Ask for Excel/PDF format. Template in county_email_outreach.py.",NOT STARTED,,
LOW,TX,McMullen,EMAIL_FOIA,(361) 274-3685,tiffany.mcwilliams@beecounty.texas.gov,https://mcmullencounty.org/county-treasurer,"Send FOIA email requesting current excess proceeds/surplus funds list for McMullen, Texas. Ask for Excel/PDF format. Template in county_email_outreach.py.",NOT STARTED,,
LOW,TX,Medina,EMAIL_FOIA,(830) 741-6110,debra.graff@medinatx.gov,https://www.medinatx.gov/page/medina.county.treasurer,"Send FOIA email requesting current excess proceeds/surplus funds list for Medina, Texas. Ask for Excel/PDF format. Template in county_email_outreach.py.",NOT STARTED,,
LOW,TX,Menard,EMAIL_FOIA,(325) 396-2748,t.russell@co.menard.tx.us,https://apps.dentoncounty.gov/website/trs/DirectoryDetail.asp?county=Menard,"Send FOIA email requesting current excess proceeds/surplus funds list for Menard, Texas. Ask for Excel/PDF format. Template in county_email_outreach.py.",NOT STARTED,,
LOW,TX,Midland,EMAIL_FOIA,(432) 688-4880,sgray@mcounty.com,https://www.co.midland.tx.us/directory.aspx?did=54,"Send FOIA email requesting current excess proceeds/surplus funds list for Midland, Texas. Ask for Excel/PDF format. Template in county_email_outreach.py.",NOT STARTED,,
LOW,TX,Milam,EMAIL_FOIA,(254) 697-7032,lacosta@milamcounty.net,https://apps.dentoncounty.gov/website/trs/DirectoryDetail.asp?county=Milam,"Send FOIA email requesting current excess proceeds/surplus funds list for Milam, Texas. Ask for Excel/PDF format. Template in county_email_outreach.py.",NOT STARTED,,
LOW,TX,Mills,EMAIL_FOIA,(325) 648-2636,treasurer@co.mills.tx.us,https://apps.dentoncounty.gov/website/trs/DirectoryDetail.asp?county=Mills,"Send FOIA email requesting current excess proceeds/surplus funds list for Mills, Texas. Ask for Excel/PDF format. Template in county_email_outreach.py.",NOT STARTED,,
LOW,TX,Mitchell,EMAIL_FOIA,(325) 728-8356,jrivera@co.mitchell.tx.us,https://www.co.mitchell.tx.us/page/mitchell.County.Treasurer,"Send FOIA email requesting current excess proceeds/surplus funds list for Mitchell, Texas. Ask for Excel/PDF format. Template in county_email_outreach.py.",NOT STARTED,,
LOW,TX,Montague,EMAIL_FOIA,(940) 894-2161,mctad@windstream.net,https://apps.dentoncounty.gov/website/trs/DirectoryDetail.asp?county=Montague,"Send FOIA email requesting current excess proceeds/surplus funds list for Montague, Texas. Ask for Excel/PDF format. Template in county_email_outreach.py.",NOT STARTED,,
LOW,TX,Montgomery,EMAIL_FOIA,(936) 539-7844,melanie.bush@mctx.org,https://apps.dentoncounty.gov/website/trs/DirectoryDetail.asp?county=Montgomery,"Send FOIA email requesting current excess proceeds/surplus funds list for Montgomery, Texas. Ask for Excel/PDF format. Template in county_email_outreach.py.",NOT STARTED,,
LOW,TX,Moore,EMAIL_FOIA,(806) 935-2019,treasurer@moore-tx.com,https://apps.dentoncounty.gov/website/trs/DirectoryDetail.asp?county=Moore,"Send FOIA email requesting current excess proceeds/surplus funds list for Moore, Texas. Ask for Excel/PDF format. Template in county_email_outreach.py.",NOT STARTED,,
LOW,TX,Morris,EMAIL_FOIA,(903) 645-2916,scott.pollan@co.morris.tx.us,https://www.co.morris.tx.us/page/morris.County.Treasurer,"Send FOIA email requesting current excess proceeds/surplus funds list for Morris, Texas. Ask for Excel/PDF format. Template in county_email_outreach.py.",NOT STARTED,,
LOW,TX,Motley,EMAIL_FOIA,(806) 347-2800,motleycotreasurer@gmail.com,https://www.co.motley.tx.us/page/motley.County.Treasurer,"Send FOIA email requesting current excess proceeds/surplus funds list for Motley, Texas. Ask for Excel/PDF format. Template in county_email_outreach.py.",NOT STARTED,,
LOW,TX,Nacogdoches,EMAIL_FOIA,(936) 560-7804,dpedersen@co.nacogdoches.tx.us,https://www.co.nacogdoches.tx.us/countyoffices/treasurer.asp,"Send FOIA email requesting current excess proceeds/surplus funds list for Nacogdoches, Texas. Ask for Excel/PDF format. Template in county_email_outreach.py.",NOT STARTED,,
LOW,TX,Navarro,EMAIL_FOIA,(903) 654-3090,rdouglas@navarrocounty.org,https://www.co.navarro.tx.us/page/navarro.county.treasurer,"Send FOIA email requesting current excess proceeds/surplus funds list for Navarro, Texas. Ask for Excel/PDF format. Template in county_email_outreach.py.",NOT STARTED,,
LOW,TX,Newton,EMAIL_FOIA,(409) 379-8127,ginger.sims@co.newton.tx.us,https://www.co.newton.tx.us/page/newton.county.treasurer,"Send FOIA email requesting current excess proceeds/surplus funds list for Newton, Texas. Ask for Excel/PDF format. Template in county_email_outreach.py.",NOT STARTED,,
LOW,TX,Nolan,EMAIL_FOIA,(325) 236-6932,jeanne.wells@co.nolan.tx.us,https://www.co.nolan.tx.us/page/nolan.County.Treasurer,"Send FOIA email requesting current excess proceeds/surplus funds list for Nolan, Texas. Ask for Excel/PDF format. Template in county_email_outreach.py.",NOT STARTED,,
LOW,TX,Nueces,EMAIL_FOIA,(361) 888-0230,Nueces.Tax@nuecescountytx.gov,https://www.nuecesco.com/county-services/county-clerk/treasury,"Send FOIA email requesting current excess proceeds/surplus funds list for Nueces, Texas. Ask for Excel/PDF format. Template in county_email_outreach.py.",NOT STARTED,,
LOW,TX,Ochiltree,EMAIL_FOIA,(806) 435-8046,countytreasurer@ochiltree.net,https://apps.dentoncounty.gov/website/trs/DirectoryDetail.asp?county=Ochiltree,"Send FOIA email requesting current excess proceeds/surplus funds list for Ochiltree, Texas. Ask for Excel/PDF format. Template in county_email_outreach.py.",NOT STARTED,,
LOW,TX,Oldham,EMAIL_FOIA,(806) 639-2187,rebecca.hatfield@oldham-county.org,http://www.co.oldham.tx.us/page/oldham.County.Treasurer,"Send FOIA email requesting current excess proceeds/surplus funds list for Oldham, Texas. Ask for Excel/PDF format. Template in county_email_outreach.py.",NOT STARTED,,
LOW,TX,Orange,EMAIL_FOIA,(409) 882-7991,ckhoury@co.orange.tx.us,https://www.co.orange.tx.us/departments/Treasurer,"Send FOIA email requesting current excess proceeds/surplus funds list for Orange, Texas. Ask for Excel/PDF format. Template in county_email_outreach.py.",NOT STARTED,,
LOW,TX,Palo Pinto,EMAIL_FOIA,(940) 659-1260,deanna.copeland@co.palo-pinto.tx.us,https://www.co.palo-pinto.tx.us/page/County.Treasurer,"Send FOIA email requesting current excess proceeds/surplus funds list for Palo Pinto, Texas. Ask for Excel/PDF format. Template in county_email_outreach.py.",NOT STARTED,,
LOW,TX,Panola,EMAIL_FOIA,(903) 693-0325,abby.booker@co.panola.tx.us,https://apps.dentoncounty.gov/website/trs/DirectoryDetail.asp?county=Panola,"Send FOIA email requesting current excess proceeds/surplus funds list for Panola, Texas. Ask for Excel/PDF format. Template in county_email_outreach.py.",NOT STARTED,,
LOW,TX,Parker,EMAIL_FOIA,(817) 598-6015,becky.mccullough@parkercountytx.com,https://apps.dentoncounty.gov/website/trs/DirectoryDetail.asp?county=Parker,"Send FOIA email requesting current excess proceeds/surplus funds list for Parker, Texas. Ask for Excel/PDF format. Template in county_email_outreach.py.",NOT STARTED,,
LOW,TX,Parmer,EMAIL_FOIA,(806) 481-9152,sharon.may@txdirectory.com,https://www.county.org/resources/resource-library/education-and-training/edu-continuing-,"Send FOIA email requesting current excess proceeds/surplus funds list for Parmer, Texas. Ask for Excel/PDF format. Template in county_email_outreach.py.",NOT STARTED,,
LOW,TX,Pecos,EMAIL_FOIA,(432) 336-3461,sonia.murphy@co.pecos.tx.us,https://www.co.pecos.tx.us/department/county-treasurer,"Send FOIA email requesting current excess proceeds/surplus funds list for Pecos, Texas. Ask for Excel/PDF format. Template in county_email_outreach.py.",NOT STARTED,,
LOW,TX,Polk,EMAIL_FOIA,(936) 327-6816,terri.williams@co.polk.tx.us,https://apps.dentoncounty.gov/website/trs/DirectoryDetail.asp?county=Polk,"Send FOIA email requesting current excess proceeds/surplus funds list for Polk, Texas. Ask for Excel/PDF format. Template in county_email_outreach.py.",NOT STARTED,,
LOW,TX,Potter,EMAIL_FOIA,(806) 349-4834,brookegraves@co.potter.tx.us,https://newtools.cira.state.tx.us/page/potter.Treasurer,"Send FOIA email requesting current excess proceeds/surplus funds list for Potter, Texas. Ask for Excel/PDF format. Template in county_email_outreach.py.",NOT STARTED,,
LOW,TX,Presidio,EMAIL_FOIA,(432) 729-4076,flor.zubia@co.presidio.tx.us,https://apps.dentoncounty.gov/website/trs/DirectoryDetail.asp?county=Presidio,"Send FOIA email requesting current excess proceeds/surplus funds list for Presidio, Texas. Ask for Excel/PDF format. Template in county_email_outreach.py.",NOT STARTED,,
LOW,TX,Rains,PHONE_REQUEST,(903) 473-5000,,https://www.txdirectory.com/online/county/detail.php?id=190,Call county office and request excess proceeds list. Ask: 1) Do you have an excess proceeds or surplus funds list? 2) Can you email it to claim@usforeclosurerecovery.com? 3) Is it available online?,NOT STARTED,,
LOW,TX,Randall,PHONE_REQUEST,(806) 468-5536,,https://www.randallcounty.gov/187/Tax-Office,Call county office and request excess proceeds list. Ask: 1) Do you have an excess proceeds or surplus funds list? 2) Can you email it to claim@usforeclosurerecovery.com? 3) Is it available online?,NOT STARTED,,
LOW,TX,Reagan,EMAIL_FOIA,(325) 884-2090,caguilar@reagancounty.org,https://www.co.reagan.tx.us/page/reagan.County.Treasurer,"Send FOIA email requesting current excess proceeds/surplus funds list for Reagan, Texas. Ask for Excel/PDF format. Template in county_email_outreach.py.",NOT STARTED,,
LOW,TX,Real,EMAIL_FOIA,(830) 232-6627,cotreasurer@co.real.tx.us,https://apps.dentoncounty.gov/website/trs/DirectoryDetail.asp?county=Real,"Send FOIA email requesting current excess proceeds/surplus funds list for Real, Texas. Ask for Excel/PDF format. Template in county_email_outreach.py.",NOT STARTED,,
LOW,TX,Red River,EMAIL_FOIA,(903) 427-3748,taxoffice@co.red-river.tx.us,https://www.co.red-river.tx.us/page/redriver.County.Treasurer,"Send FOIA email requesting current excess proceeds/surplus funds list for Red River, Texas. Ask for Excel/PDF format. Template in county_email_outreach.py.",NOT STARTED,,
LOW,TX,Reeves,EMAIL_FOIA,(432) 287-0222,tax@reeves-cad.org,https://www.reevescounty.org/departments/treasurer,"Send FOIA email requesting current excess proceeds/surplus funds list for Reeves, Texas. Ask for Excel/PDF format. Template in county_email_outreach.py.",NOT STARTED,,
LOW,TX,Refugio,EMAIL_FOIA,(361) 526-2245,jackie.schubert@co.refugio.tx.us,https://apps.dentoncounty.gov/website/trs/DirectoryDetail.asp?county=Refugio,"Send FOIA email requesting current excess proceeds/surplus funds list for Refugio, Texas. Ask for Excel/PDF format. Template in county_email_outreach.py.",NOT STARTED,,
LOW,TX,Roberts,EMAIL_FOIA,(806) 868-2411,amy.tennant@co.roberts.tx.us,https://www.co.roberts.tx.us/page/roberts.County.Treasurer,"Send FOIA email requesting current excess proceeds/surplus funds list for Roberts, Texas. Ask for Excel/PDF format. Template in county_email_outreach.py.",NOT STARTED,,
LOW,TX,Robertson,EMAIL_FOIA,(979) 828-3201,melinda.turner@co.robertson.tx.us,https://comptroller.texas.gov/taxes/property-tax/county-directory/robertson.php,"Send FOIA email requesting current excess proceeds/surplus funds list for Robertson, Texas. Ask for Excel/PDF format. Template in county_email_outreach.py.",NOT STARTED,,
LOW,TX,Rockwall,EMAIL_FOIA,(972) 204-6100,dpeek@rockwallcountytexas.com,https://apps.dentoncounty.gov/website/trs/DirectoryDetail.asp?county=Rockwall,"Send FOIA email requesting current excess proceeds/surplus funds list for Rockwall, Texas. Ask for Excel/PDF format. Template in county_email_outreach.py.",NOT STARTED,,
LOW,TX,Runnels,EMAIL_FOIA,(325) 365-2428,laura.pospichal@runnelscounty.org,https://www.runnelscounty.org/page/runnels.County.Treasurer,"Send FOIA email requesting current excess proceeds/surplus funds list for Runnels, Texas. Ask for Excel/PDF format. Template in county_email_outreach.py.",NOT STARTED,,
LOW,TX,Rusk,PHONE_REQUEST,(903) 657-0352,,https://www.ruskcountytx.gov/page/rusk.County.Treasurer,Call county office and request excess proceeds list. Ask: 1) Do you have an excess proceeds or surplus funds list? 2) Can you email it to claim@usforeclosurerecovery.com? 3) Is it available online?,NOT STARTED,,
LOW,TX,Sabine,EMAIL_FOIA,(409) 787-2210,treasurer@co.sabine.tx.us,https://apps.dentoncounty.gov/website/trs/DirectoryDetail.asp?county=Sabine,"Send FOIA email requesting current excess proceeds/surplus funds list for Sabine, Texas. Ask for Excel/PDF format. Template in county_email_outreach.py.",NOT STARTED,,
LOW,TX,San Augustine,EMAIL_FOIA,(936) 275-9472,psmith@co.san-augustine.tx.us,https://www.co.san-augustine.tx.us/page/sanaugustine.Treasurer,"Send FOIA email requesting current excess proceeds/surplus funds list for San Augustine, Texas. Ask for Excel/PDF format. Template in county_email_outreach.py.",NOT STARTED,,
LOW,TX,San Jacinto,EMAIL_FOIA,(936) 653-2353,county.treasurer@san-jac.us,https://www.co.san-jacinto.tx.us/page/sanjacinto.County.Treasurer,"Send FOIA email requesting current excess proceeds/surplus funds list for San Jacinto, Texas. Ask for Excel/PDF format. Template in county_email_outreach.py.",NOT STARTED,,
LOW,TX,San Patricio,EMAIL_FOIA,(361) 364-9335,agarcia@sanpatriciocountytx.gov,https://www.sanpatriciocountytx.gov/page/county.treasurer,"Send FOIA email requesting current excess proceeds/surplus funds list for San Patricio, Texas. Ask for Excel/PDF format. Template in county_email_outreach.py.",NOT STARTED,,
LOW,TX,San Saba,EMAIL_FOIA,(325) 372-3337,treasurer@co.san-saba.tx.us,https://apps.dentoncounty.gov/website/trs/DirectoryDetail.asp?county=San%20Saba,"Send FOIA email requesting current excess proceeds/surplus funds list for San Saba, Texas. Ask for Excel/PDF format. Template in county_email_outreach.py.",NOT STARTED,,
LOW,TX,Schleicher,EMAIL_FOIA,(325) 853-2596,treasurer@co.schleicher.tx.us,https://www.schleichercounty.gov/page/schleicher.Treasurer,"Send FOIA email requesting current excess proceeds/surplus funds list for Schleicher, Texas. Ask for Excel/PDF format. Template in county_email_outreach.py.",NOT STARTED,,
LOW,TX,Scurry,EMAIL_FOIA,(325) 573-5382,misty.chapman@co.scurry.tx.us,https://apps.dentoncounty.gov/website/trs/DirectoryDetail.asp?county=Scurry,"Send FOIA email requesting current excess proceeds/surplus funds list for Scurry, Texas. Ask for Excel/PDF format. Template in county_email_outreach.py.",NOT STARTED,,
LOW,TX,Shackelford,PHONE_REQUEST,(325) 762-9440,,https://www.txdirectory.com/online/county/detail.php?id=209,Call county office and request excess proceeds list. Ask: 1) Do you have an excess proceeds or surplus funds list? 2) Can you email it to claim@usforeclosurerecovery.com? 3) Is it available online?,NOT STARTED,,
LOW,TX,Shelby,EMAIL_FOIA,(936) 598-4441,shelbytax@co.shelby.tx.us,https://www.co.shelby.tx.us/page/shelby.County.Treasurer,"Send FOIA email requesting current excess proceeds/surplus funds list for Shelby, Texas. Ask for Excel/PDF format. Template in county_email_outreach.py.",NOT STARTED,,
LOW,TX,Sherman,EMAIL_FOIA,(806) 366-2150,kalee.flippin@co.sherman.tx.us,https://www.txdmv.gov/tax-assessor-collectors/county-tax-offices/sherman,"Send FOIA email requesting current excess proceeds/surplus funds list for Sherman, Texas. Ask for Excel/PDF format. Template in county_email_outreach.py.",NOT STARTED,,
LOW,TX,Smith,EMAIL_FOIA,(903) 590-4731,arawlings@smith-county.com,https://www.smith-county.com/government/elected-officials/treasurer,"Send FOIA email requesting current excess proceeds/surplus funds list for Smith, Texas. Ask for Excel/PDF format. Template in county_email_outreach.py.",NOT STARTED,,
LOW,TX,Somervell,PHONE_REQUEST,(254) 897-4814,,https://apps.dentoncounty.gov/website/trs/DirectoryDetail.asp?county=Somervell,Call county office and request excess proceeds list. Ask: 1) Do you have an excess proceeds or surplus funds list? 2) Can you email it to claim@usforeclosurerecovery.com? 3) Is it available online?,NOT STARTED,,
LOW,TX,Starr,EMAIL_FOIA,(956) 716-4800,starrtax@co.starr.tx.us,https://www.co.starr.tx.us/page/starr.County.Treasurer,"Send FOIA email requesting current excess proceeds/surplus funds list for Starr, Texas. Ask for Excel/PDF format. Template in county_email_outreach.py.",NOT STARTED,,
LOW,TX,Stephens,EMAIL_FOIA,(254) 559-7333,treasurer@stephenscountytx.gov,https://apps.dentoncounty.gov/website/trs/DirectoryDetail.asp?county=Stephens,"Send FOIA email requesting current excess proceeds/surplus funds list for Stephens, Texas. Ask for Excel/PDF format. Template in county_email_outreach.py.",NOT STARTED,,
LOW,TX,Sterling,EMAIL_FOIA,(325) 378-8511,rhea.mcginnis@co.sterling.tx.us,https://apps.dentoncounty.gov/website/trs/DirectoryDetail.asp?county=Sterling,"Send FOIA email requesting current excess proceeds/surplus funds list for Sterling, Texas. Ask for Excel/PDF format. Template in county_email_outreach.py.",NOT STARTED,,
LOW,TX,Stonewall,EMAIL_FOIA,(940) 989-2633,tax@stonewallcountytx.org,https://www.stonewallcounty.org/page/stonewall.County.Tax.Assessor,"Send FOIA email requesting current excess proceeds/surplus funds list for Stonewall, Texas. Ask for Excel/PDF format. Template in county_email_outreach.py.",NOT STARTED,,
LOW,TX,Sutton,EMAIL_FOIA,(325) 387-2886,schniers4@gmail.com,https://apps.dentoncounty.gov/website/trs/DirectoryDetail.asp?county=Sutton,"Send FOIA email requesting current excess proceeds/surplus funds list for Sutton, Texas. Ask for Excel/PDF format. Template in county_email_outreach.py.",NOT STARTED,,
LOW,TX,Swisher,EMAIL_FOIA,(806) 995-2204,j.flowers@swisher-tx.org,https://apps.dentoncounty.gov/website/trs/DirectoryDetail.asp?county=Swisher,"Send FOIA email requesting current excess proceeds/surplus funds list for Swisher, Texas. Ask for Excel/PDF format. Template in county_email_outreach.py.",NOT STARTED,,
LOW,TX,Tarrant,EMAIL_FOIA,(817) 884-1100,taxoffice@tarrantcountytx.gov,https://www.tarrantcountytx.gov/en/tax/contact-us.html,"Send FOIA email requesting current excess proceeds/surplus funds list for Tarrant, Texas. Ask for Excel/PDF format. Template in county_email_outreach.py.",NOT STARTED,,
LOW,TX,Taylor,EMAIL_FOIA,(325) 674-1231,becky.freeman@taylorcounty.texas.gov,https://www.taylorcounty.texas.gov/187/Treasurer,"Send FOIA email requesting current excess proceeds/surplus funds list for Taylor, Texas. Ask for Excel/PDF format. Template in county_email_outreach.py.",NOT STARTED,,
LOW,TX,Terrell,EMAIL_FOIA,(432) 345-2992,P.Blaylock@co.terrell.tx.us,https://www.co.terrell.tx.us/page/terrell.county.treasurer,"Send FOIA email requesting current excess proceeds/surplus funds list for Terrell, Texas. Ask for Excel/PDF format. Template in county_email_outreach.py.",NOT STARTED,,
LOW,TX,Terry,EMAIL_FOIA,(806) 637-3616,aperry@terrycounty.org,https://apps.dentoncounty.gov/website/trs/DirectoryDetail.asp?county=Terry,"Send FOIA email requesting current excess proceeds/surplus funds list for Terry, Texas. Ask for Excel/PDF format. Template in county_email_outreach.py.",NOT STARTED,,
LOW,TX,Throckmorton,EMAIL_FOIA,(940) 849-8830,lillian.little@throckmortoncountytx.gov,https://www.txdirectory.com/online/county/detail.php?id=224,"Send FOIA email requesting current excess proceeds/surplus funds list for Throckmorton, Texas. Ask for Excel/PDF format. Template in county_email_outreach.py.",NOT STARTED,,
LOW,TX,Titus,EMAIL_FOIA,(903) 572-8723,djapplewhite@co.titus.tx.us,https://www.txdirectory.com/online/county/detail.php?id=225,"Send FOIA email requesting current excess proceeds/surplus funds list for Titus, Texas. Ask for Excel/PDF format. Template in county_email_outreach.py.",NOT STARTED,,
LOW,TX,Tom Green,EMAIL_FOIA,(325) 659-6529,becky.robles@co.tom-green.tx.us,https://apps.dentoncounty.gov/website/trs/DirectoryDetail.asp?county=Tom%20Green,"Send FOIA email requesting current excess proceeds/surplus funds list for Tom Green, Texas. Ask for Excel/PDF format. Template in county_email_outreach.py.",NOT STARTED,,
LOW,TX,Travis,EMAIL_FOIA,(512) 854-9365,dolores.ortega-carter@co.travis.tx.us,https://apps.dentoncounty.gov/website/trs/DirectoryDetail.asp?county=Travis,"Send FOIA email requesting current excess proceeds/surplus funds list for Travis, Texas. Ask for Excel/PDF format. Template in county_email_outreach.py.",NOT STARTED,,
LOW,TX,Trinity,PHONE_REQUEST,(936) 642-1443,,https://www.co.trinity.tx.us/page/trinity.county.treasurer,Call county office and request excess proceeds list. Ask: 1) Do you have an excess proceeds or surplus funds list? 2) Can you email it to claim@usforeclosurerecovery.com? 3) Is it available online?,NOT STARTED,,
LOW,TX,Tyler,EMAIL_FOIA,(409) 283-2734,lmonk.cotreas@co.tyler.tx.us,https://www.co.tyler.tx.us/page/tyler.contact,"Send FOIA email requesting current excess proceeds/surplus funds list for Tyler, Texas. Ask for Excel/PDF format. Template in county_email_outreach.py.",NOT STARTED,,
LOW,TX,Upshur,EMAIL_FOIA,(903) 843-4027,lhowell@countyofupshur.com,https://apps.dentoncounty.gov/website/trs/DirectoryDetail.asp?county=Upshur,"Send FOIA email requesting current excess proceeds/surplus funds list for Upshur, Texas. Ask for Excel/PDF format. Template in county_email_outreach.py.",NOT STARTED,,
LOW,TX,Upton,EMAIL_FOIA,(432) 693-2401,mzarate@co.upton.tx.us,https://www.co.upton.tx.us,"Send FOIA email requesting current excess proceeds/surplus funds list for Upton, Texas. Ask for Excel/PDF format. Template in county_email_outreach.py.",NOT STARTED,,
LOW,TX,Uvalde,EMAIL_FOIA,(830) 278-5821,rita.verstuyft@uvaldecounty.gov,https://apps.dentoncounty.gov/website/trs/DirectoryDetail.asp?county=Uvalde,"Send FOIA email requesting current excess proceeds/surplus funds list for Uvalde, Texas. Ask for Excel/PDF format. Template in county_email_outreach.py.",NOT STARTED,,
LOW,TX,Val Verde,EMAIL_FOIA,(830) 774-7587,arodriguez@valverdecounty.org,https://apps.dentoncounty.gov/website/trs/DirectoryDetail.asp?county=Val%20Verde,"Send FOIA email requesting current excess proceeds/surplus funds list for Val Verde, Texas. Ask for Excel/PDF format. Template in county_email_outreach.py.",NOT STARTED,,
LOW,TX,Van Zandt,EMAIL_FOIA,(903) 567-2551,kedwards@vanzandtcounty.org,https://www.vanzandtcounty.org/page/vanzandt.contact,"Send FOIA email requesting current excess proceeds/surplus funds list for Van Zandt, Texas. Ask for Excel/PDF format. Template in county_email_outreach.py.",NOT STARTED,,
LOW,TX,Victoria,EMAIL_FOIA,(361) 575-8588,pfoster@vctx.org,https://apps.dentoncounty.gov/website/trs/DirectoryDetail.asp?county=Victoria,"Send FOIA email requesting current excess proceeds/surplus funds list for Victoria, Texas. Ask for Excel/PDF format. Template in county_email_outreach.py.",NOT STARTED,,
LOW,TX,Walker,EMAIL_FOIA,(936) 436-4934,aklawinsky@co.walker.tx.us,https://apps.dentoncounty.gov/website/trs/DirectoryDetail.asp?county=Walker,"Send FOIA email requesting current excess proceeds/surplus funds list for Walker, Texas. Ask for Excel/PDF format. Template in county_email_outreach.py.",NOT STARTED,,
LOW,TX,Waller,EMAIL_FOIA,(979) 826-7707,j.beaty@wallercounty.us,https://www.co.waller.tx.us/page/County.Treasurer,"Send FOIA email requesting current excess proceeds/surplus funds list for Waller, Texas. Ask for Excel/PDF format. Template in county_email_outreach.py.",NOT STARTED,,
LOW,TX,Ward,EMAIL_FOIA,(432) 943-2841,loretta.pipkin@co.ward.tx.us,https://apps.dentoncounty.gov/website/trs/DirectoryDetail.asp?county=Ward,"Send FOIA email requesting current excess proceeds/surplus funds list for Ward, Texas. Ask for Excel/PDF format. Template in county_email_outreach.py.",NOT STARTED,,
LOW,TX,Washington,EMAIL_FOIA,(979) 277-6224,pkramer@washingtoncountytx.gov,https://www.co.washington.tx.us/page/washington.county.treasurer,"Send FOIA email requesting current excess proceeds/surplus funds list for Washington, Texas. Ask for Excel/PDF format. Template in county_email_outreach.py.",NOT STARTED,,
LOW,TX,Webb,EMAIL_FOIA,(956) 523-4150,raulreyes@webbcountytx.gov,https://apps.dentoncounty.gov/website/trs/DirectoryDetail.asp?county=Webb,"Send FOIA email requesting current excess proceeds/surplus funds list for Webb, Texas. Ask for Excel/PDF format. Template in county_email_outreach.py.",NOT STARTED,,
LOW,TX,Wharton,EMAIL_FOIA,(979) 532-2971,audrey.scearce@co.wharton.tx.us,https://www.co.wharton.tx.us/page/wharton.county.treasurer,"Send FOIA email requesting current excess proceeds/surplus funds list for Wharton, Texas. Ask for Excel/PDF format. Template in county_email_outreach.py.",NOT STARTED,,
LOW,TX,Wheeler,EMAIL_FOIA,(806) 826-3122,cindy.brown@co.wheeler.tx.us,https://www.wheelercounty.texas.gov/page/wheeler.County.Treasurer,"Send FOIA email requesting current excess proceeds/surplus funds list for Wheeler, Texas. Ask for Excel/PDF format. Template in county_email_outreach.py.",NOT STARTED,,
LOW,TX,Wichita,EMAIL_FOIA,(940) 766-8297,Stephen.Jones@co.wichita.tx.us,https://wichitacountytx.com/locations/treasurers-office,"Send FOIA email requesting current excess proceeds/surplus funds list for Wichita, Texas. Ask for Excel/PDF format. Template in county_email_outreach.py.",NOT STARTED,,
LOW,TX,Wilbarger,EMAIL_FOIA,(940) 553-2302,aboyd@co.wilbarger.tx.us,https://www.co.wilbarger.tx.us/page/wilbarger.county.treasurer,"Send FOIA email requesting current excess proceeds/surplus funds list for Wilbarger, Texas. Ask for Excel/PDF format. Template in county_email_outreach.py.",NOT STARTED,,
LOW,TX,Willacy,EMAIL_FOIA,(956) 689-2772,ruben.cavazos@co.willacy.tx.us,https://www.co.willacy.tx.us/page/willacy.county.treasurer,"Send FOIA email requesting current excess proceeds/surplus funds list for Willacy, Texas. Ask for Excel/PDF format. Template in county_email_outreach.py.",NOT STARTED,,
LOW,TX,Williamson,EMAIL_FOIA,(512) 943-1540,scott.heselmeyer@wilco.org,https://apps.dentoncounty.gov/website/trs/DirectoryDetail.asp?county=Williamson,"Send FOIA email requesting current excess proceeds/surplus funds list for Williamson, Texas. Ask for Excel/PDF format. Template in county_email_outreach.py.",NOT STARTED,,
LOW,TX,Wilson,EMAIL_FOIA,(830) 393-7310,cmutz@wilsoncountytx.gov,https://apps.dentoncounty.gov/website/trs/DirectoryDetail.asp?county=Wilson,"Send FOIA email requesting current excess proceeds/surplus funds list for Wilson, Texas. Ask for Excel/PDF format. Template in county_email_outreach.py.",NOT STARTED,,
LOW,TX,Winkler,EMAIL_FOIA,(432) 586-6604,msoltero@co.winkler.tx.us,https://www.txdirectory.com/online/county/detail.php?id=248,"Send FOIA email requesting current excess proceeds/surplus funds list for Winkler, Texas. Ask for Excel/PDF format. Template in county_email_outreach.py.",NOT STARTED,,
LOW,TX,Wise,EMAIL_FOIA,(940) 627-3540,treasurer@co.wise.tx.us,https://apps.dentoncounty.gov/website/trs/DirectoryDetail.asp?county=Wise,"Send FOIA email requesting current excess proceeds/surplus funds list for Wise, Texas. Ask for Excel/PDF format. Template in county_email_outreach.py.",NOT STARTED,,
LOW,TX,Wood,EMAIL_FOIA,(903) 763-4186,dcarter@mywoodcounty.com,https://www.mywoodcounty.com/page/countytreas,"Send FOIA email requesting current excess proceeds/surplus funds list for Wood, Texas. Ask for Excel/PDF format. Template in county_email_outreach.py.",NOT STARTED,,
LOW,TX,Yoakum,EMAIL_FOIA,(806) 456-7491,dwelch@yoakumcounty.org,https://apps.dentoncounty.gov/website/trs/DirectoryDetail.asp?county=Yoakum,"Send FOIA email requesting current excess proceeds/surplus funds list for Yoakum, Texas. Ask for Excel/PDF format. Template in county_email_outreach.py.",NOT STARTED,,
LOW,TX,Young,EMAIL_FOIA,(940) 549-2633,k.milam@youngcounty.org,https://www.co.young.tx.us/page/young.County.Treasurer,"Send FOIA email requesting current excess proceeds/surplus funds list for Young, Texas. Ask for Excel/PDF format. Template in county_email_outreach.py.",NOT STARTED,,
LOW,TX,Zapata,EMAIL_FOIA,(956) 765-9925,romeosalinas@zapatacountytx.org,https://apps.dentoncounty.gov/website/trs/DirectoryDetail.asp?county=Zapata,"Send FOIA email requesting current excess proceeds/surplus funds list for Zapata, Texas. Ask for Excel/PDF format. Template in county_email_outreach.py.",NOT STARTED,,
LOW,TX,Zavala,EMAIL_FOIA,(830) 374-2442,treasurer@zavalacounty.gov,https://www.co.zavala.tx.us/page/County%20Treasurer,"Send FOIA email requesting current excess proceeds/surplus funds list for Zavala, Texas. Ask for Excel/PDF format. Template in county_email_outreach.py.",NOT STARTED,,
HIGH,UT,Beaver County,PHONE_REQUEST,(435) 438-6400,,https://www.beaver.utah.gov/117/Assessor,Call county office and request excess proceeds list. Ask: 1) Do you have an excess proceeds or surplus funds list? 2) Can you email it to claim@usforeclosurerecovery.com? 3) Is it available online?,NOT STARTED,,
HIGH,UT,Box Elder County,EMAIL_FOIA,(435) 734-3389,betreasurer@boxeldercounty.org,https://www.boxeldercountyut.gov/treasurer,"Send FOIA email requesting current excess proceeds/surplus funds list for Box Elder County, Utah. Ask for Excel/PDF format. Template in county_email_outreach.py.",NOT STARTED,,
HIGH,UT,Cache County,EMAIL_FOIA,(435) 755-1590,assessment@cachecounty.gov,https://www.cachecounty.gov/assessor,"Send FOIA email requesting current excess proceeds/surplus funds list for Cache County, Utah. Ask for Excel/PDF format. Template in county_email_outreach.py.",NOT STARTED,,
HIGH,UT,Carbon County,EMAIL_FOIA,(435) 636-3248,assessor@carbon.utah.gov,https://www.carbon.utah.gov/department/assessor,"Send FOIA email requesting current excess proceeds/surplus funds list for Carbon County, Utah. Ask for Excel/PDF format. Template in county_email_outreach.py.",NOT STARTED,,
HIGH,UT,Daggett County,EMAIL_FOIA,(435) 784-3222,propertytax@utah.gov,https://www.daggettcounty.gov/15/AssessorDMV,"Send FOIA email requesting current excess proceeds/surplus funds list for Daggett County, Utah. Ask for Excel/PDF format. Template in county_email_outreach.py.",NOT STARTED,,
MEDIUM,UT,Davis County,EMAIL_FOIA,(801) 451-3250,gosborne@utah.gov,https://www.daviscountyutah.gov/assessor,"Send FOIA email requesting current excess proceeds/surplus funds list for Davis County, Utah. Ask for Excel/PDF format. Template in county_email_outreach.py.",NOT STARTED,,
MEDIUM,UT,Duchesne County,PHONE_REQUEST,(435) 738-1111,,https://duchesne.utah.gov/gov/elected-officials/assessor/contact-assessor,Call county office and request excess proceeds list. Ask: 1) Do you have an excess proceeds or surplus funds list? 2) Can you email it to claim@usforeclosurerecovery.com? 3) Is it available online?,NOT STARTED,,
MEDIUM,UT,Emery County,EMAIL_FOIA,(435) 381-3540,assessor@emery.utah.gov,https://emery.utah.gov/home/offices/assessor/assessor-contact,"Send FOIA email requesting current excess proceeds/surplus funds list for Emery County, Utah. Ask for Excel/PDF format. Template in county_email_outreach.py.",NOT STARTED,,
MEDIUM,UT,Garfield County,EMAIL_FOIA,(435) 676-1108,kade.fullmer@garfield.utah.gov,https://www.garfield.utah.gov/Departments/Assessor,"Send FOIA email requesting current excess proceeds/surplus funds list for Garfield County, Utah. Ask for Excel/PDF format. Template in county_email_outreach.py.",NOT STARTED,,
MEDIUM,UT,Grand County,PHONE_REQUEST,(435) 259-1329,,https://www.grandcountyutah.net/130/Assessor,Call county office and request excess proceeds list. Ask: 1) Do you have an excess proceeds or surplus funds list? 2) Can you email it to claim@usforeclosurerecovery.com? 3) Is it available online?,NOT STARTED,,
MEDIUM,UT,Iron County,EMAIL_FOIA,(435) 477-8310,gosborne@utah.gov,https://ironcountyut.gov/contact-us,"Send FOIA email requesting current excess proceeds/surplus funds list for Iron County, Utah. Ask for Excel/PDF format. Template in county_email_outreach.py.",NOT STARTED,,
MEDIUM,UT,Juab County,PHONE_REQUEST,(435) 623-3420,,https://juabcounty.gov/departments/assessor,Call county office and request excess proceeds list. Ask: 1) Do you have an excess proceeds or surplus funds list? 2) Can you email it to claim@usforeclosurerecovery.com? 3) Is it available online?,NOT STARTED,,
MEDIUM,UT,Kane County,PHONE_REQUEST,(435) 644-4926,,https://www.kane.utah.gov/158/Assessor,Call county office and request excess proceeds list. Ask: 1) Do you have an excess proceeds or surplus funds list? 2) Can you email it to claim@usforeclosurerecovery.com? 3) Is it available online?,NOT STARTED,,
MEDIUM,UT,Millard County,PHONE_REQUEST,(435) 743-5719,,https://millardcounty.gov/county-services/staff-directory,Call county office and request excess proceeds list. Ask: 1) Do you have an excess proceeds or surplus funds list? 2) Can you email it to claim@usforeclosurerecovery.com? 3) Is it available online?,NOT STARTED,,
MEDIUM,UT,Morgan County,EMAIL_FOIA,(801) 845-4000,jwalker@morgancountyutah.gov,https://www.morgancountyutah.gov/assessor,"Send FOIA email requesting current excess proceeds/surplus funds list for Morgan County, Utah. Ask for Excel/PDF format. Template in county_email_outreach.py.",NOT STARTED,,
LOW,UT,Piute County,EMAIL_FOIA,(435) 577-2505,propertytax@utah.gov,https://tax.utah.gov/property-tax-contact,"Send FOIA email requesting current excess proceeds/surplus funds list for Piute County, Utah. Ask for Excel/PDF format. Template in county_email_outreach.py.",NOT STARTED,,
LOW,UT,Rich County,EMAIL_FOIA,(435) 793-5215,kwilson@richcounty.gov,https://www.richcounty.gov/assessor,"Send FOIA email requesting current excess proceeds/surplus funds list for Rich County, Utah. Ask for Excel/PDF format. Template in county_email_outreach.py.",NOT STARTED,,
LOW,UT,Salt Lake County,EMAIL_FOIA,(385) 468-8000,gosborne@utah.gov,https://www.saltlakecounty.gov/assessor,"Send FOIA email requesting current excess proceeds/surplus funds list for Salt Lake County, Utah. Ask for Excel/PDF format. Template in county_email_outreach.py.",NOT STARTED,,
LOW,UT,San Juan County,EMAIL_FOIA,(435) 587-3221,mshupe@sanjuancounty.org,https://sanjuancountyut.gov/treasurer/page/property-tax,"Send FOIA email requesting current excess proceeds/surplus funds list for San Juan County, Utah. Ask for Excel/PDF format. Template in county_email_outreach.py.",NOT STARTED,,
LOW,UT,Sanpete County,EMAIL_FOIA,(435) 835-2101,gosborne@utah.gov,https://www.sanpetecountyutah.gov/assessor.html,"Send FOIA email requesting current excess proceeds/surplus funds list for Sanpete County, Utah. Ask for Excel/PDF format. Template in county_email_outreach.py.",NOT STARTED,,
LOW,UT,Sevier County,PHONE_REQUEST,(435) 893-0433,,https://www.sevier.utah.gov/search/what_are_you_looking_for_/assessor.php,Call county office and request excess proceeds list. Ask: 1) Do you have an excess proceeds or surplus funds list? 2) Can you email it to claim@usforeclosurerecovery.com? 3) Is it available online?,NOT STARTED,,
LOW,UT,Summit County,EMAIL_FOIA,(435) 336-3220,treasurer@summitcountyutah.gov,https://www.summitcountyutah.gov/Directory.aspx?did=9,"Send FOIA email requesting current excess proceeds/surplus funds list for Summit County, Utah. Ask for Excel/PDF format. Template in county_email_outreach.py.",NOT STARTED,,
LOW,UT,Tooele County,EMAIL_FOIA,(435) 843-3103,joy.peters@tooeleco.gov,https://tooeleco.gov/departments/elected_officials/assessor/index.php,"Send FOIA email requesting current excess proceeds/surplus funds list for Tooele County, Utah. Ask for Excel/PDF format. Template in county_email_outreach.py.",NOT STARTED,,
LOW,UT,Uintah County,EMAIL_FOIA,(435) 781-0770,dbrooks@uintah.utah.gov,https://www.uintah.gov/departments/a_-_e_departments/assessor/index.php,"Send FOIA email requesting current excess proceeds/surplus funds list for Uintah County, Utah. Ask for Excel/PDF format. Template in county_email_outreach.py.",NOT STARTED,,
LOW,UT,Utah County,EMAIL_FOIA,(801) 851-8295,assessor@utahcounty.gov,https://assessor.utahcounty.gov/contact,"Send FOIA email requesting current excess proceeds/surplus funds list for Utah County, Utah. Ask for Excel/PDF format. Template in county_email_outreach.py.",NOT STARTED,,
LOW,UT,Wasatch County,EMAIL_FOIA,(435) 657-3221,assessor@wasatch.utah.gov,https://www.wasatchcounty.gov/assessors-office,"Send FOIA email requesting current excess proceeds/surplus funds list for Wasatch County, Utah. Ask for Excel/PDF format. Template in county_email_outreach.py.",NOT STARTED,,
LOW,UT,Washington County,PHONE_REQUEST,(435) 301-7020,,https://www.washco.utah.gov/departments/assessor,Call county office and request excess proceeds list. Ask: 1) Do you have an excess proceeds or surplus funds list? 2) Can you email it to claim@usforeclosurerecovery.com? 3) Is it available online?,NOT STARTED,,
LOW,UT,Wayne County,EMAIL_FOIA,(435) 836-1305,sharon@wayne.utah.gov,https://waynecountyutah.org,"Send FOIA email requesting current excess proceeds/surplus funds list for Wayne County, Utah. Ask for Excel/PDF format. Template in county_email_outreach.py.",NOT STARTED,,
LOW,UT,Weber County,EMAIL_FOIA,(801) 399-8572,jpreisler@webercountyutah.gov,https://www.webercountyutah.gov/Assessor,"Send FOIA email requesting current excess proceeds/surplus funds list for Weber County, Utah. Ask for Excel/PDF format. Template in county_email_outreach.py.",NOT STARTED,,
HIGH,VA,Accomack,EMAIL_FOIA,(757) 787-5738,jlilliston@co.accomack.va.us,https://www.co.accomack.va.us/about-us/contact-us,"Send FOIA email requesting current excess proceeds/surplus funds list for Accomack, Virginia. Ask for Excel/PDF format. Template in county_email_outreach.py.",NOT STARTED,,
HIGH,VA,Albemarle,EMAIL_FOIA,(434) 296-5851,payments@albemarle.org,https://www.albemarlecountytaxes.org,"Send FOIA email requesting current excess proceeds/surplus funds list for Albemarle, Virginia. Ask for Excel/PDF format. Template in county_email_outreach.py.",NOT STARTED,,
HIGH,VA,Alexandria,EMAIL_FOIA,(703) 746-4800,collections@alexandriava.gov,https://alexandriava.gov/finance/contact-the-finance-department,"Send FOIA email requesting current excess proceeds/surplus funds list for Alexandria, Virginia. Ask for Excel/PDF format. Template in county_email_outreach.py.",NOT STARTED,,
HIGH,VA,Alleghany,PHONE_REQUEST,(540) 863-6630,,https://www.co.alleghany.va.us/treasurer,Call county office and request excess proceeds list. Ask: 1) Do you have an excess proceeds or surplus funds list? 2) Can you email it to claim@usforeclosurerecovery.com? 3) Is it available online?,NOT STARTED,,
HIGH,VA,Amelia,EMAIL_FOIA,(804) 561-2145,stephanie.coleman@ameliacova.com,https://www.findcityoffice.com/offices/treasurer-tax-collector-office/VA/amelia-county/439991,"Send FOIA email requesting current excess proceeds/surplus funds list for Amelia, Virginia. Ask for Excel/PDF format. Template in county_email_outreach.py.",NOT STARTED,,
MEDIUM,VA,Amherst,EMAIL_FOIA,(434) 946-9318,jacarden@countyofamherst.com,https://www.countyofamherst.com/egov/apps/staff/directory.egov?view=detail;id=48,"Send FOIA email requesting current excess proceeds/surplus funds list for Amherst, Virginia. Ask for Excel/PDF format. Template in county_email_outreach.py.",NOT STARTED,,
MEDIUM,VA,Appomattox,EMAIL_FOIA,(434) 352-5200,vphelps@appomattoxcountyva.gov,https://www.appomattoxcountyva.gov/228/Treasurer,"Send FOIA email requesting current excess proceeds/surplus funds list for Appomattox, Virginia. Ask for Excel/PDF format. Template in county_email_outreach.py.",NOT STARTED,,
MEDIUM,VA,Arlington,EMAIL_FOIA,(703) 228-3255,treasurer@arlingtonva.us,https://www.arlingtonva.us/Government/Departments/Treasurers-Office,"Send FOIA email requesting current excess proceeds/surplus funds list for Arlington, Virginia. Ask for Excel/PDF format. Template in county_email_outreach.py.",NOT STARTED,,
MEDIUM,VA,Augusta,EMAIL_FOIA,(540) 245-5660,treasurer@co.augusta.va.us,https://www.co.augusta.va.us/government/departments-and-offices/treasurer,"Send FOIA email requesting current excess proceeds/surplus funds list for Augusta, Virginia. Ask for Excel/PDF format. Template in county_email_outreach.py.",NOT STARTED,,
MEDIUM,VA,Bath,EMAIL_FOIA,(540) 839-7257,Bathtreasurer.pwebb@bathcountyva.gov,https://www.bathcountyva.gov/government/treasurer,"Send FOIA email requesting current excess proceeds/surplus funds list for Bath, Virginia. Ask for Excel/PDF format. Template in county_email_outreach.py.",NOT STARTED,,
MEDIUM,VA,Bedford,EMAIL_FOIA,(540) 586-7670,taxinquiry@bedfordcountyva.gov,https://www.bedfordcountyva.gov/government/departments-offices-o-z/treasurer,"Send FOIA email requesting current excess proceeds/surplus funds list for Bedford, Virginia. Ask for Excel/PDF format. Template in county_email_outreach.py.",NOT STARTED,,
MEDIUM,VA,Bland,PHONE_REQUEST,(276) 688-3741,,https://www.blandcountyva.gov/departments/treasurer,Call county office and request excess proceeds list. Ask: 1) Do you have an excess proceeds or surplus funds list? 2) Can you email it to claim@usforeclosurerecovery.com? 3) Is it available online?,NOT STARTED,,
MEDIUM,VA,Botetourt,EMAIL_FOIA,(540) 928-2030,treasurer@botetourtva.gov,https://www.botetourtva.gov/367/Treasurers-Office,"Send FOIA email requesting current excess proceeds/surplus funds list for Botetourt, Virginia. Ask for Excel/PDF format. Template in county_email_outreach.py.",NOT STARTED,,
MEDIUM,VA,Bristol,PHONE_REQUEST,(276) 645-7311,,https://www.bristolva.gov/Directory.aspx?did=41,Call county office and request excess proceeds list. Ask: 1) Do you have an excess proceeds or surplus funds list? 2) Can you email it to claim@usforeclosurerecovery.com? 3) Is it available online?,NOT STARTED,,
MEDIUM,VA,Brunswick,EMAIL_FOIA,(434) 848-2512,bctreas@brunswickco.com,https://virginiacountyoffices.com/brunswick/treasurer-tax-collector-offices,"Send FOIA email requesting current excess proceeds/surplus funds list for Brunswick, Virginia. Ask for Excel/PDF format. Template in county_email_outreach.py.",NOT STARTED,,
LOW,VA,Buchanan,EMAIL_FOIA,(276) 935-6551,keith.boyd@buchanancounty-va.gov,https://buchanancountyvirginia.gov/office-of-treasurer,"Send FOIA email requesting current excess proceeds/surplus funds list for Buchanan, Virginia. Ask for Excel/PDF format. Template in county_email_outreach.py.",NOT STARTED,,
LOW,VA,Buckingham,EMAIL_FOIA,(434) 969-4744,cchristian@buckinghamcounty.virginia.gov,https://www.buckinghamcountyva.org/departments/treasurer/index.php,"Send FOIA email requesting current excess proceeds/surplus funds list for Buckingham, Virginia. Ask for Excel/PDF format. Template in county_email_outreach.py.",NOT STARTED,,
LOW,VA,Buena Vista,EMAIL_FOIA,(540) 261-8620,commissioner@bvcity.org,https://buenavistacounty.iowa.gov/elected-officials/treasurer,"Send FOIA email requesting current excess proceeds/surplus funds list for Buena Vista, Virginia. Ask for Excel/PDF format. Template in county_email_outreach.py.",NOT STARTED,,
LOW,VA,Campbell,EMAIL_FOIA,(434) 332-9590,treasurer@campbellcountyva.gov,https://www.co.campbell.va.us/Directory.aspx?did=38,"Send FOIA email requesting current excess proceeds/surplus funds list for Campbell, Virginia. Ask for Excel/PDF format. Template in county_email_outreach.py.",NOT STARTED,,
LOW,VA,Caroline,EMAIL_FOIA,(804) 633-5291,payments@co.caroline.va.us,https://co.caroline.va.us/280/Treasurer,"Send FOIA email requesting current excess proceeds/surplus funds list for Caroline, Virginia. Ask for Excel/PDF format. Template in county_email_outreach.py.",NOT STARTED,,
LOW,VA,Carroll,EMAIL_FOIA,(276) 730-3001,lienhelp@tax.virginia.gov,https://carrollcountyva.gov/government/treasurer/index.php,"Send FOIA email requesting current excess proceeds/surplus funds list for Carroll, Virginia. Ask for Excel/PDF format. Template in county_email_outreach.py.",NOT STARTED,,
LOW,VA,Charles City,PHONE_REQUEST,(804) 652-4738,,https://www.charlescityva.us/208/Treasurer,Call county office and request excess proceeds list. Ask: 1) Do you have an excess proceeds or surplus funds list? 2) Can you email it to claim@usforeclosurerecovery.com? 3) Is it available online?,NOT STARTED,,
LOW,VA,Charlotte,EMAIL_FOIA,(434) 542-5125,pberkeley@charlottecountyva.gov,https://www.charlottecountyva.gov/departments/treasurer/index.php,"Send FOIA email requesting current excess proceeds/surplus funds list for Charlotte, Virginia. Ask for Excel/PDF format. Template in county_email_outreach.py.",NOT STARTED,,
LOW,VA,Charlottesville,EMAIL_FOIA,(434) 970-3146,citytreas@charlottesville.org,https://www.charlottesville.gov/551/City-Treasurer,"Send FOIA email requesting current excess proceeds/surplus funds list for Charlottesville, Virginia. Ask for Excel/PDF format. Template in county_email_outreach.py.",NOT STARTED,,
LOW,VA,Chesapeake,PHONE_REQUEST,(757) 382-6281,,,Call county office and request excess proceeds list. Ask: 1) Do you have an excess proceeds or surplus funds list? 2) Can you email it to claim@usforeclosurerecovery.com? 3) Is it available online?,NOT STARTED,,
LOW,VA,Chesterfield,EMAIL_FOIA,(804) 748-1201,treasurer@chesterfield.gov,https://www.chesterfield.gov/727/Treasurer,"Send FOIA email requesting current excess proceeds/surplus funds list for Chesterfield, Virginia. Ask for Excel/PDF format. Template in county_email_outreach.py.",NOT STARTED,,
LOW,VA,Clarke,EMAIL_FOIA,(540) 955-5160,treasurer@clarkecounty.gov,https://www.clarkecounty.gov/government/treasurer-s-office,"Send FOIA email requesting current excess proceeds/surplus funds list for Clarke, Virginia. Ask for Excel/PDF format. Template in county_email_outreach.py.",NOT STARTED,,
LOW,VA,Colonial Heights,PHONE_REQUEST,(804) 520-9321,,https://www.colonialheightsva.gov/directory,Call county office and request excess proceeds list. Ask: 1) Do you have an excess proceeds or surplus funds list? 2) Can you email it to claim@usforeclosurerecovery.com? 3) Is it available online?,NOT STARTED,,
LOW,VA,Covington,EMAIL_FOIA,(540) 965-6340,GRoldan@covington.va.us,https://covington.va.us/covington-departments-and-services/treasurer.html,"Send FOIA email requesting current excess proceeds/surplus funds list for Covington, Virginia. Ask for Excel/PDF format. Template in county_email_outreach.py.",NOT STARTED,,
LOW,VA,Craig,EMAIL_FOIA,(540) 864-5641,treasurer@craigcountyva.gov,https://craigcountyva.gov/government/treasurer,"Send FOIA email requesting current excess proceeds/surplus funds list for Craig, Virginia. Ask for Excel/PDF format. Template in county_email_outreach.py.",NOT STARTED,,
LOW,VA,Culpeper,EMAIL_FOIA,(540) 727-3442,MissyNWhite@culpepercounty.gov,https://web.culpepercounty.gov/treasurer/custom-contact-page/treasurer-contact-information,"Send FOIA email requesting current excess proceeds/surplus funds list for Culpeper, Virginia. Ask for Excel/PDF format. Template in county_email_outreach.py.",NOT STARTED,,
LOW,VA,Cumberland,EMAIL_FOIA,(804) 492-4297,lienhelp@tax.virginia.gov,https://www.cumberlandcounty.virginia.gov/directory.aspx?did=25,"Send FOIA email requesting current excess proceeds/surplus funds list for Cumberland, Virginia. Ask for Excel/PDF format. Template in county_email_outreach.py.",NOT STARTED,,
LOW,VA,Danville,PHONE_REQUEST,(434) 799-5140,,https://www.danville-va.gov/493/City-Treasurer,Call county office and request excess proceeds list. Ask: 1) Do you have an excess proceeds or surplus funds list? 2) Can you email it to claim@usforeclosurerecovery.com? 3) Is it available online?,NOT STARTED,,
LOW,VA,Dickenson,EMAIL_FOIA,(276) 926-1610,rakes4treasurer@gmail.com,https://va-dickensoncounty.civicplus.com/Directory.aspx,"Send FOIA email requesting current excess proceeds/surplus funds list for Dickenson, Virginia. Ask for Excel/PDF format. Template in county_email_outreach.py.",NOT STARTED,,
LOW,VA,Dinwiddie,EMAIL_FOIA,(804) 469-4500,treasurer@dinwiddieva.us,https://www.dinwiddieva.us/Directory.aspx?did=22,"Send FOIA email requesting current excess proceeds/surplus funds list for Dinwiddie, Virginia. Ask for Excel/PDF format. Template in county_email_outreach.py.",NOT STARTED,,
LOW,VA,Emporia,PHONE_REQUEST,(434) 348-4229,,https://www.greensvillecountyva.gov/departments/adminstrative_building/treasurer/index.php,Call county office and request excess proceeds list. Ask: 1) Do you have an excess proceeds or surplus funds list? 2) Can you email it to claim@usforeclosurerecovery.com? 3) Is it available online?,NOT STARTED,,
LOW,VA,Essex,PHONE_REQUEST,(804) 443-3650,,https://www.essexva.gov/1214/Treasurer,Call county office and request excess proceeds list. Ask: 1) Do you have an excess proceeds or surplus funds list? 2) Can you email it to claim@usforeclosurerecovery.com? 3) Is it available online?,NOT STARTED,,
LOW,VA,Fairfax,EMAIL_FOIA,(703) 222-8234,DTAAdmin@fairfaxcounty.gov,https://www.fairfaxcounty.gov/taxes/contact-us,"Send FOIA email requesting current excess proceeds/surplus funds list for Fairfax, Virginia. Ask for Excel/PDF format. Template in county_email_outreach.py.",NOT STARTED,,
LOW,VA,Fairfax City,EMAIL_FOIA,(703) 385-7900,we.care@fairfaxva.gov,http://www.fairfaxva.gov,"Send FOIA email requesting current excess proceeds/surplus funds list for Fairfax City, Virginia. Ask for Excel/PDF format. Template in county_email_outreach.py.",NOT STARTED,,
LOW,VA,Falls Church,EMAIL_FOIA,(703) 248-5046,PublicInfo@fallschurchva.gov,https://www.fallschurchva.gov/147/Treasurer,"Send FOIA email requesting current excess proceeds/surplus funds list for Falls Church, Virginia. Ask for Excel/PDF format. Template in county_email_outreach.py.",NOT STARTED,,
LOW,VA,Fauquier,EMAIL_FOIA,(540) 422-8180,treasurer@fauquiercounty.gov,https://www.fauquiercounty.gov/about-us/contact-us,"Send FOIA email requesting current excess proceeds/surplus funds list for Fauquier, Virginia. Ask for Excel/PDF format. Template in county_email_outreach.py.",NOT STARTED,,
LOW,VA,Floyd,PHONE_REQUEST,(540) 745-9357,,https://www.floydcova.gov/treasurer,Call county office and request excess proceeds list. Ask: 1) Do you have an excess proceeds or surplus funds list? 2) Can you email it to claim@usforeclosurerecovery.com? 3) Is it available online?,NOT STARTED,,
LOW,VA,Fluvanna,EMAIL_FOIA,(434) 591-1945,drittenhouse@fluvannacounty.org,https://www.fluvannacounty.org/treasurer,"Send FOIA email requesting current excess proceeds/surplus funds list for Fluvanna, Virginia. Ask for Excel/PDF format. Template in county_email_outreach.py.",NOT STARTED,,
LOW,VA,Franklin,EMAIL_FOIA,(540) 483-3078,susan.wray@franklincountyva.gov,https://www.franklincountyva.gov/492/Treasurer,"Send FOIA email requesting current excess proceeds/surplus funds list for Franklin, Virginia. Ask for Excel/PDF format. Template in county_email_outreach.py.",NOT STARTED,,
LOW,VA,Frederick,EMAIL_FOIA,(540) 665-5607,lienhelp@tax.virginia.gov,https://www.fcva.us/departments/treasurer,"Send FOIA email requesting current excess proceeds/surplus funds list for Frederick, Virginia. Ask for Excel/PDF format. Template in county_email_outreach.py.",NOT STARTED,,
LOW,VA,Fredericksburg,PHONE_REQUEST,(540) 372-1001,,https://www.fredericksburgva.gov/directory.aspx?did=18,Call county office and request excess proceeds list. Ask: 1) Do you have an excess proceeds or surplus funds list? 2) Can you email it to claim@usforeclosurerecovery.com? 3) Is it available online?,NOT STARTED,,
LOW,VA,Galax,EMAIL_FOIA,(276) 236-2131,rfunk@GalaxVA.com,https://taxva.com/rs-tax-sales/grayson-county-real-estate-tax-sale,"Send FOIA email requesting current excess proceeds/surplus funds list for Galax, Virginia. Ask for Excel/PDF format. Template in county_email_outreach.py.",NOT STARTED,,
LOW,VA,Giles,EMAIL_FOIA,(540) 921-1240,ahigginbotham@gilescounty.org,https://treasurer.gilescounty.org,"Send FOIA email requesting current excess proceeds/surplus funds list for Giles, Virginia. Ask for Excel/PDF format. Template in county_email_outreach.py.",NOT STARTED,,
LOW,VA,Gloucester,EMAIL_FOIA,(804) 693-2141,tarathomastreasurer@gmail.com,https://gloucesterva.gov/treasurer,"Send FOIA email requesting current excess proceeds/surplus funds list for Gloucester, Virginia. Ask for Excel/PDF format. Template in county_email_outreach.py.",NOT STARTED,,
LOW,VA,Goochland,EMAIL_FOIA,(804) 556-5806,treasurer@goochlandva.us,https://www.goochlandva.us/290/Treasurers-Office,"Send FOIA email requesting current excess proceeds/surplus funds list for Goochland, Virginia. Ask for Excel/PDF format. Template in county_email_outreach.py.",NOT STARTED,,
LOW,VA,Grayson,PHONE_REQUEST,(276) 773-2371,,https://www.graysoncountyva.gov/201/Treasurers-Office,Call county office and request excess proceeds list. Ask: 1) Do you have an excess proceeds or surplus funds list? 2) Can you email it to claim@usforeclosurerecovery.com? 3) Is it available online?,NOT STARTED,,
LOW,VA,Greene,EMAIL_FOIA,(434) 985-1456,sdeal@gcva.us,https://www.greenecountyva.gov/246/Treasurer,"Send FOIA email requesting current excess proceeds/surplus funds list for Greene, Virginia. Ask for Excel/PDF format. Template in county_email_outreach.py.",NOT STARTED,,
LOW,VA,Greensville,PHONE_REQUEST,(434) 348-4229,,https://www.greensvillecountyva.gov/departments/adminstrative_building/treasurer/index.php,Call county office and request excess proceeds list. Ask: 1) Do you have an excess proceeds or surplus funds list? 2) Can you email it to claim@usforeclosurerecovery.com? 3) Is it available online?,NOT STARTED,,
LOW,VA,Halifax,EMAIL_FOIA,(434) 476-3314,shana.hetzell@halifaxcountyva.gov,https://www.halifaxcountyva.gov/203/Treasurer,"Send FOIA email requesting current excess proceeds/surplus funds list for Halifax, Virginia. Ask for Excel/PDF format. Template in county_email_outreach.py.",NOT STARTED,,
LOW,VA,Hampton,PHONE_REQUEST,(757) 727-6374,,http://hampton.gov/index.aspx?NID=262,Call county office and request excess proceeds list. Ask: 1) Do you have an excess proceeds or surplus funds list? 2) Can you email it to claim@usforeclosurerecovery.com? 3) Is it available online?,NOT STARTED,,
LOW,VA,Hanover,PHONE_REQUEST,(804) 365-6050,,https://www.hanovercounty.gov/directory.aspx?did=55,Call county office and request excess proceeds list. Ask: 1) Do you have an excess proceeds or surplus funds list? 2) Can you email it to claim@usforeclosurerecovery.com? 3) Is it available online?,NOT STARTED,,
LOW,VA,Harrisonburg,EMAIL_FOIA,(540) 432-7705,Jeff.Shafer@harrisonburgva.gov,https://www.harrisonburgva.gov/contact-treasurer,"Send FOIA email requesting current excess proceeds/surplus funds list for Harrisonburg, Virginia. Ask for Excel/PDF format. Template in county_email_outreach.py.",NOT STARTED,,
LOW,VA,Henrico,EMAIL_FOIA,(804) 501-4266,taxhelp@henrico.gov,https://www.countyoffice.org/henrico-county-treasurers-office-richmond-va-02b,"Send FOIA email requesting current excess proceeds/surplus funds list for Henrico, Virginia. Ask for Excel/PDF format. Template in county_email_outreach.py.",NOT STARTED,,
LOW,VA,Henry,PHONE_REQUEST,(276) 634-4675,,https://www.henrycountyva.gov/Directory.aspx?did=37,Call county office and request excess proceeds list. Ask: 1) Do you have an excess proceeds or surplus funds list? 2) Can you email it to claim@usforeclosurerecovery.com? 3) Is it available online?,NOT STARTED,,
LOW,VA,Highland,EMAIL_FOIA,(540) 468-2347,hcboard@htcnet.org,https://www.highlandcova.org/highland-county-treasurer%E2%80%99s-office,"Send FOIA email requesting current excess proceeds/surplus funds list for Highland, Virginia. Ask for Excel/PDF format. Template in county_email_outreach.py.",NOT STARTED,,
LOW,VA,Hopewell,EMAIL_FOIA,(804) 541-2200,treasurer@hopewellva.gov,https://hopewellva.gov/Directory.aspx?did=35,"Send FOIA email requesting current excess proceeds/surplus funds list for Hopewell, Virginia. Ask for Excel/PDF format. Template in county_email_outreach.py.",NOT STARTED,,
LOW,VA,Isle of Wight,EMAIL_FOIA,(757) 365-6228,lienhelp@tax.virginia.gov,https://www.isleofwight.gov/government/treasurer/index.php,"Send FOIA email requesting current excess proceeds/surplus funds list for Isle of Wight, Virginia. Ask for Excel/PDF format. Template in county_email_outreach.py.",NOT STARTED,,
LOW,VA,James City,EMAIL_FOIA,(757) 253-6705,treasurer@jamescitycountyva.gov,https://www.jamescitycountyva.gov/384/Treasurer,"Send FOIA email requesting current excess proceeds/surplus funds list for James City, Virginia. Ask for Excel/PDF format. Template in county_email_outreach.py.",NOT STARTED,,
LOW,VA,King George,PHONE_REQUEST,(540) 775-2571,,https://www.kinggeorgecountyva.gov/257/Treasurer,Call county office and request excess proceeds list. Ask: 1) Do you have an excess proceeds or surplus funds list? 2) Can you email it to claim@usforeclosurerecovery.com? 3) Is it available online?,NOT STARTED,,
LOW,VA,King William,EMAIL_FOIA,(804) 769-4930,abbi.carlton@kwc.gov,https://www.kwc.gov/192/Treasurer,"Send FOIA email requesting current excess proceeds/surplus funds list for King William, Virginia. Ask for Excel/PDF format. Template in county_email_outreach.py.",NOT STARTED,,
LOW,VA,King and Queen,EMAIL_FOIA,(804) 785-5978,ssears@kingandqueenco.net,https://kingandqueenco.net/2024-king-and-queen-county-tax-bills-mailed,"Send FOIA email requesting current excess proceeds/surplus funds list for King and Queen, Virginia. Ask for Excel/PDF format. Template in county_email_outreach.py.",NOT STARTED,,
LOW,VA,Lancaster,EMAIL_FOIA,(804) 462-5630,lienhelp@tax.virginia.gov,https://www.taxassessors.net/virginia/lancastercounty.htm,"Send FOIA email requesting current excess proceeds/surplus funds list for Lancaster, Virginia. Ask for Excel/PDF format. Template in county_email_outreach.py.",NOT STARTED,,
LOW,VA,Lee,EMAIL_FOIA,(276) 346-7716,lienhelp@tax.virginia.gov,https://www.leecountytreasurer.com,"Send FOIA email requesting current excess proceeds/surplus funds list for Lee, Virginia. Ask for Excel/PDF format. Template in county_email_outreach.py.",NOT STARTED,,
LOW,VA,Lexington,EMAIL_FOIA,(540) 462-3707,pdelaney@lexingtonva.gov,https://www.lexingtonva.gov/government/departments/treasurer,"Send FOIA email requesting current excess proceeds/surplus funds list for Lexington, Virginia. Ask for Excel/PDF format. Template in county_email_outreach.py.",NOT STARTED,,
LOW,VA,Loudoun,PHONE_REQUEST,(703) 777-0280,,https://www.loudoun.gov/129/Treasurers-Office,Call county office and request excess proceeds list. Ask: 1) Do you have an excess proceeds or surplus funds list? 2) Can you email it to claim@usforeclosurerecovery.com? 3) Is it available online?,NOT STARTED,,
LOW,VA,Louisa,EMAIL_FOIA,(540) 967-3435,lienhelp@tax.virginia.gov,https://www.louisacounty.gov/445/Treasurer,"Send FOIA email requesting current excess proceeds/surplus funds list for Louisa, Virginia. Ask for Excel/PDF format. Template in county_email_outreach.py.",NOT STARTED,,
LOW,VA,Lunenburg,EMAIL_FOIA,(434) 696-3354,wbarnes@lunenburgva.gov,https://lunenburgva.gov/government/treasurer/index.php,"Send FOIA email requesting current excess proceeds/surplus funds list for Lunenburg, Virginia. Ask for Excel/PDF format. Template in county_email_outreach.py.",NOT STARTED,,
LOW,VA,Lynchburg,PHONE_REQUEST,(434) 455-3850,,https://www.lynchburgva.gov/502/Treasurer,Call county office and request excess proceeds list. Ask: 1) Do you have an excess proceeds or surplus funds list? 2) Can you email it to claim@usforeclosurerecovery.com? 3) Is it available online?,NOT STARTED,,
LOW,VA,Madison,EMAIL_FOIA,(540) 948-7500,lienhelp@tax.virginia.gov,https://www.madisonco.virginia.gov/269/Treasurer,"Send FOIA email requesting current excess proceeds/surplus funds list for Madison, Virginia. Ask for Excel/PDF format. Template in county_email_outreach.py.",NOT STARTED,,
LOW,VA,Manassas,EMAIL_FOIA,(703) 257-8242,prichie-folks@manassasva.gov,https://www.manassasva.gov/how_do_i_/view/contacts/treasurer.php,"Send FOIA email requesting current excess proceeds/surplus funds list for Manassas, Virginia. Ask for Excel/PDF format. Template in county_email_outreach.py.",NOT STARTED,,
LOW,VA,Manassas Park,EMAIL_FOIA,(703) 335-8835,p.trimble@manassasparkva.gov,https://www.manassasparkva.gov/departments/treasurer/patricia_trimble.php,"Send FOIA email requesting current excess proceeds/surplus funds list for Manassas Park, Virginia. Ask for Excel/PDF format. Template in county_email_outreach.py.",NOT STARTED,,
LOW,VA,Martinsville,EMAIL_FOIA,(276) 403-5240,sclark@martinsvilleva.gov,https://www.martinsville-va.gov/337/Treasurer,"Send FOIA email requesting current excess proceeds/surplus funds list for Martinsville, Virginia. Ask for Excel/PDF format. Template in county_email_outreach.py.",NOT STARTED,,
LOW,VA,Mathews,PHONE_REQUEST,(804) 725-2341,,https://www.mathewscountyva.gov/243/Treasurer,Call county office and request excess proceeds list. Ask: 1) Do you have an excess proceeds or surplus funds list? 2) Can you email it to claim@usforeclosurerecovery.com? 3) Is it available online?,NOT STARTED,,
LOW,VA,Mecklenburg,EMAIL_FOIA,(434) 738-6191,taxbusiness@MecklenburgCountyNC.gov,https://cfas.mecknc.gov/Contact,"Send FOIA email requesting current excess proceeds/surplus funds list for Mecklenburg, Virginia. Ask for Excel/PDF format. Template in county_email_outreach.py.",NOT STARTED,,
LOW,VA,Middlesex,PHONE_REQUEST,(804) 758-5302,,https://www.co.middlesex.va.us/203/Treasurer,Call county office and request excess proceeds list. Ask: 1) Do you have an excess proceeds or surplus funds list? 2) Can you email it to claim@usforeclosurerecovery.com? 3) Is it available online?,NOT STARTED,,
LOW,VA,Montgomery,EMAIL_FOIA,(540) 382-5723,mctreasurer@montgomerycountyva.gov,https://my.lwv.org/virginia/montgomery-county-va/your-elected-officials/montgomery-county,"Send FOIA email requesting current excess proceeds/surplus funds list for Montgomery, Virginia. Ask for Excel/PDF format. Template in county_email_outreach.py.",NOT STARTED,,
LOW,VA,Nelson,EMAIL_FOIA,(434) 263-7060,info@nelsoncounty.org,https://www.nelsoncounty-va.gov/government/treasurer,"Send FOIA email requesting current excess proceeds/surplus funds list for Nelson, Virginia. Ask for Excel/PDF format. Template in county_email_outreach.py.",NOT STARTED,,
LOW,VA,New Kent,EMAIL_FOIA,(804) 966-9615,treasurer@newkent-va.us,https://www.newkent-va.us/344/Treasurers-Office,"Send FOIA email requesting current excess proceeds/surplus funds list for New Kent, Virginia. Ask for Excel/PDF format. Template in county_email_outreach.py.",NOT STARTED,,
LOW,VA,Newport News,EMAIL_FOIA,(757) 926-8731,lienhelp@tax.virginia.gov,https://www.nnva.gov/376/Treasurer,"Send FOIA email requesting current excess proceeds/surplus funds list for Newport News, Virginia. Ask for Excel/PDF format. Template in county_email_outreach.py.",NOT STARTED,,
LOW,VA,Norfolk,EMAIL_FOIA,(757) 664-7800,CT-BusinessPPINQUIRY@norfolk.gov,https://norfolk.gov/Directory.aspx?did=29,"Send FOIA email requesting current excess proceeds/surplus funds list for Norfolk, Virginia. Ask for Excel/PDF format. Template in county_email_outreach.py.",NOT STARTED,,
LOW,VA,Northampton,EMAIL_FOIA,(757) 678-0450,webmaster@co.northampton.va.us,https://www.co.northampton.va.us/government/departments_elected_offices/treasurer,"Send FOIA email requesting current excess proceeds/surplus funds list for Northampton, Virginia. Ask for Excel/PDF format. Template in county_email_outreach.py.",NOT STARTED,,
LOW,VA,Northumberland,EMAIL_FOIA,(804) 580-5201,pking@co.northumberland.va.us,https://www.co.northumberland.va.us/treasurer/custom-contact-page/treasurer-contact,"Send FOIA email requesting current excess proceeds/surplus funds list for Northumberland, Virginia. Ask for Excel/PDF format. Template in county_email_outreach.py.",NOT STARTED,,
LOW,VA,Norton,PHONE_REQUEST,(276) 679-1160,,http://nortonva.gov/directory.aspx?DID=,Call county office and request excess proceeds list. Ask: 1) Do you have an excess proceeds or surplus funds list? 2) Can you email it to claim@usforeclosurerecovery.com? 3) Is it available online?,NOT STARTED,,
LOW,VA,Nottoway,EMAIL_FOIA,(434) 645-9318,lienhelp@tax.virginia.gov,https://www.pwcva.gov/department/tax-administration/tax-enforcement-delinquent-tax-collections,"Send FOIA email requesting current excess proceeds/surplus funds list for Nottoway, Virginia. Ask for Excel/PDF format. Template in county_email_outreach.py.",NOT STARTED,,
LOW,VA,Orange,EMAIL_FOIA,(540) 672-2656,lienhelp@tax.virginia.gov,https://orangecountyva.gov/396/Treasurer,"Send FOIA email requesting current excess proceeds/surplus funds list for Orange, Virginia. Ask for Excel/PDF format. Template in county_email_outreach.py.",NOT STARTED,,
LOW,VA,Page,EMAIL_FOIA,(540) 743-3975,pgray@pagecounty.virginia.gov,https://www.pagecounty.virginia.gov/197/Treasurer,"Send FOIA email requesting current excess proceeds/surplus funds list for Page, Virginia. Ask for Excel/PDF format. Template in county_email_outreach.py.",NOT STARTED,,
LOW,VA,Patrick,PHONE_REQUEST,(276) 694-7257,,https://www.co.patrick.va.us/223/Treasurers-Office,Call county office and request excess proceeds list. Ask: 1) Do you have an excess proceeds or surplus funds list? 2) Can you email it to claim@usforeclosurerecovery.com? 3) Is it available online?,NOT STARTED,,
LOW,VA,Petersburg,EMAIL_FOIA,(804) 733-2322,treasurer@petersburg-va.org,https://www.petersburgva.gov/296/Treasurer,"Send FOIA email requesting current excess proceeds/surplus funds list for Petersburg, Virginia. Ask for Excel/PDF format. Template in county_email_outreach.py.",NOT STARTED,,
LOW,VA,Pittsylvania,EMAIL_FOIA,(434) 432-7960,chamber@dpchamber.org,https://www.pittsylvaniacountyva.gov/361/Treasurer,"Send FOIA email requesting current excess proceeds/surplus funds list for Pittsylvania, Virginia. Ask for Excel/PDF format. Template in county_email_outreach.py.",NOT STARTED,,
LOW,VA,Poquoson,EMAIL_FOIA,(757) 868-3015,steven.clarke@poquoson-va.gov,https://www.ci.poquoson.va.us/219/Treasurer,"Send FOIA email requesting current excess proceeds/surplus funds list for Poquoson, Virginia. Ask for Excel/PDF format. Template in county_email_outreach.py.",NOT STARTED,,
LOW,VA,Portsmouth,EMAIL_FOIA,(757) 393-8651,treasurerPP@portsmouthva.gov,https://www.portsmouthva.gov/188/City-Treasurer,"Send FOIA email requesting current excess proceeds/surplus funds list for Portsmouth, Virginia. Ask for Excel/PDF format. Template in county_email_outreach.py.",NOT STARTED,,
LOW,VA,Powhatan,PHONE_REQUEST,(804) 598-5627,,https://www.powhatanva.gov,Call county office and request excess proceeds list. Ask: 1) Do you have an excess proceeds or surplus funds list? 2) Can you email it to claim@usforeclosurerecovery.com? 3) Is it available online?,NOT STARTED,,
LOW,VA,Prince Edward,EMAIL_FOIA,(434) 392-3454,aswayne@co.prince-edward.va.us,https://www.co.prince-edward.va.us/Departments/Treasurer,"Send FOIA email requesting current excess proceeds/surplus funds list for Prince Edward, Virginia. Ask for Excel/PDF format. Template in county_email_outreach.py.",NOT STARTED,,
LOW,VA,Prince George,EMAIL_FOIA,(804) 722-8750,pgtreasurer@princegeorgecountyva.gov,https://www.princegeorgecountyva.gov/residents/property_and_taxes/treasurer_s_office/,"Send FOIA email requesting current excess proceeds/surplus funds list for Prince George, Virginia. Ask for Excel/PDF format. Template in county_email_outreach.py.",NOT STARTED,,
LOW,VA,Prince William,EMAIL_FOIA,(703) 792-6710,lienhelp@tax.virginia.gov,https://www.pwcva.gov/department/tax-administration/contact-us,"Send FOIA email requesting current excess proceeds/surplus funds list for Prince William, Virginia. Ask for Excel/PDF format. Template in county_email_outreach.py.",NOT STARTED,,
LOW,VA,Pulaski,EMAIL_FOIA,(540) 980-7785,lienhelp@tax.virginia.gov,https://www.pulaskicounty.org/treasurers-office.html,"Send FOIA email requesting current excess proceeds/surplus funds list for Pulaski, Virginia. Ask for Excel/PDF format. Template in county_email_outreach.py.",NOT STARTED,,
LOW,VA,Radford,PHONE_REQUEST,(540) 731-3661,,https://www.radfordva.gov/Directory.aspx?did=23,Call county office and request excess proceeds list. Ask: 1) Do you have an excess proceeds or surplus funds list? 2) Can you email it to claim@usforeclosurerecovery.com? 3) Is it available online?,NOT STARTED,,
LOW,VA,Rappahannock,EMAIL_FOIA,(540) 675-5360,dlknick@rappahannockcountyva.gov,https://www.rappahannockcountyva.gov/government/departments/treasurers_office/index.php,"Send FOIA email requesting current excess proceeds/surplus funds list for Rappahannock, Virginia. Ask for Excel/PDF format. Template in county_email_outreach.py.",NOT STARTED,,
LOW,VA,Richmond,PHONE_REQUEST,(804) 333-3555,,https://co.richmond.va.us,Call county office and request excess proceeds list. Ask: 1) Do you have an excess proceeds or surplus funds list? 2) Can you email it to claim@usforeclosurerecovery.com? 3) Is it available online?,NOT STARTED,,
LOW,VA,Richmond City,EMAIL_FOIA,(804) 646-6474,Treasurer@rva.gov,https://www.rva.gov/treasurer,"Send FOIA email requesting current excess proceeds/surplus funds list for Richmond City, Virginia. Ask for Excel/PDF format. Template in county_email_outreach.py.",NOT STARTED,,
LOW,VA,Roanoke,PHONE_REQUEST,(540) 772-2056,,https://www.roanokecountyva.gov/92/Treasurers-Office,Call county office and request excess proceeds list. Ask: 1) Do you have an excess proceeds or surplus funds list? 2) Can you email it to claim@usforeclosurerecovery.com? 3) Is it available online?,NOT STARTED,,
LOW,VA,Roanoke City,PHONE_REQUEST,(540) 853-2561,,https://www.roanokeva.gov/1260/Treasurers-Office,Call county office and request excess proceeds list. Ask: 1) Do you have an excess proceeds or surplus funds list? 2) Can you email it to claim@usforeclosurerecovery.com? 3) Is it available online?,NOT STARTED,,
LOW,VA,Rockbridge,PHONE_REQUEST,(540) 463-2613,,https://www.co.rockbridge.va.us/127/Treasurer,Call county office and request excess proceeds list. Ask: 1) Do you have an excess proceeds or surplus funds list? 2) Can you email it to claim@usforeclosurerecovery.com? 3) Is it available online?,NOT STARTED,,
LOW,VA,Rockingham,PHONE_REQUEST,(540) 564-2408,,https://www.rockinghamcountyva.gov/191/Treasurer,Call county office and request excess proceeds list. Ask: 1) Do you have an excess proceeds or surplus funds list? 2) Can you email it to claim@usforeclosurerecovery.com? 3) Is it available online?,NOT STARTED,,
LOW,VA,Russell,EMAIL_FOIA,(276) 889-8028,treasurer@russellcountyva.us,https://www.russellcountyva.us/175/Treasurer,"Send FOIA email requesting current excess proceeds/surplus funds list for Russell, Virginia. Ask for Excel/PDF format. Template in county_email_outreach.py.",NOT STARTED,,
LOW,VA,Salem,PHONE_REQUEST,(540) 375-3024,,https://www.salemva.gov/422/Treasurer,Call county office and request excess proceeds list. Ask: 1) Do you have an excess proceeds or surplus funds list? 2) Can you email it to claim@usforeclosurerecovery.com? 3) Is it available online?,NOT STARTED,,
LOW,VA,Scott,EMAIL_FOIA,(276) 386-7742,khelms@scottcountyva.com,https://www.scottcountyva.com/287/Treasurers-Office,"Send FOIA email requesting current excess proceeds/surplus funds list for Scott, Virginia. Ask for Excel/PDF format. Template in county_email_outreach.py.",NOT STARTED,,
LOW,VA,Shenandoah,EMAIL_FOIA,(540) 459-6180,cgeorge@shenandoahcountyva.us,https://www.shenandoahcountychamber.com/Sys/PublicProfile/51783289,"Send FOIA email requesting current excess proceeds/surplus funds list for Shenandoah, Virginia. Ask for Excel/PDF format. Template in county_email_outreach.py.",NOT STARTED,,
LOW,VA,Smyth,EMAIL_FOIA,(276) 782-4059,lienhelp@tax.virginia.gov,https://www.smythcounty.org/departments/treasurer/index.php,"Send FOIA email requesting current excess proceeds/surplus funds list for Smyth, Virginia. Ask for Excel/PDF format. Template in county_email_outreach.py.",NOT STARTED,,
LOW,VA,Southampton,EMAIL_FOIA,(757) 653-3025,lienhelp@tax.virginia.gov,https://www.southamptoncounty.org/departments/treas/index.php,"Send FOIA email requesting current excess proceeds/surplus funds list for Southampton, Virginia. Ask for Excel/PDF format. Template in county_email_outreach.py.",NOT STARTED,,
LOW,VA,Spotsylvania,PHONE_REQUEST,(540) 507-7058,,https://www.spotsylvania.va.us/407/Treasurer,Call county office and request excess proceeds list. Ask: 1) Do you have an excess proceeds or surplus funds list? 2) Can you email it to claim@usforeclosurerecovery.com? 3) Is it available online?,NOT STARTED,,
LOW,VA,Stafford,PHONE_REQUEST,(540) 658-8700,,https://staffordcountyva.gov/government/elected_and_appointed_officials/treasurer,Call county office and request excess proceeds list. Ask: 1) Do you have an excess proceeds or surplus funds list? 2) Can you email it to claim@usforeclosurerecovery.com? 3) Is it available online?,NOT STARTED,,
LOW,VA,Staunton,PHONE_REQUEST,(540) 332-3833,,https://www.ci.staunton.va.us/departments/city-treasurer,Call county office and request excess proceeds list. Ask: 1) Do you have an excess proceeds or surplus funds list? 2) Can you email it to claim@usforeclosurerecovery.com? 3) Is it available online?,NOT STARTED,,
LOW,VA,Suffolk,PHONE_REQUEST,(757) 514-4275,,https://www.suffolkva.us/785/Treasurer,Call county office and request excess proceeds list. Ask: 1) Do you have an excess proceeds or surplus funds list? 2) Can you email it to claim@usforeclosurerecovery.com? 3) Is it available online?,NOT STARTED,,
LOW,VA,Surry,EMAIL_FOIA,(757) 294-5206,lienhelp@tax.virginia.gov,https://www.surrycountyva.gov/157/Treasurers-Office,"Send FOIA email requesting current excess proceeds/surplus funds list for Surry, Virginia. Ask for Excel/PDF format. Template in county_email_outreach.py.",NOT STARTED,,
LOW,VA,Sussex,EMAIL_FOIA,(434) 246-1087,treasurer@sussexcountyva.gov,https://sussexcountyva.gov/department/treasurer,"Send FOIA email requesting current excess proceeds/surplus funds list for Sussex, Virginia. Ask for Excel/PDF format. Template in county_email_outreach.py.",NOT STARTED,,
LOW,VA,Tazewell,EMAIL_FOIA,(276) 385-1300,treasurer@tazewellcounty.org,https://tazewellcountyva.org/government/treasurer,"Send FOIA email requesting current excess proceeds/surplus funds list for Tazewell, Virginia. Ask for Excel/PDF format. Template in county_email_outreach.py.",NOT STARTED,,
LOW,VA,Virginia Beach,EMAIL_FOIA,(757) 385-4445,info@docupet.com,https://treasurer.virginiabeach.gov/locations,"Send FOIA email requesting current excess proceeds/surplus funds list for Virginia Beach, Virginia. Ask for Excel/PDF format. Template in county_email_outreach.py.",NOT STARTED,,
LOW,VA,Warren,PHONE_REQUEST,(540) 635-2215,,https://www.warrencountyva.gov/510/Treasurers-Office,Call county office and request excess proceeds list. Ask: 1) Do you have an excess proceeds or surplus funds list? 2) Can you email it to claim@usforeclosurerecovery.com? 3) Is it available online?,NOT STARTED,,
LOW,VA,Washington,EMAIL_FOIA,(276) 676-6272,lienhelp@tax.virginia.gov,https://virginiacountyoffices.com/washington/treasurer-tax-collector-offices,"Send FOIA email requesting current excess proceeds/surplus funds list for Washington, Virginia. Ask for Excel/PDF format. Template in county_email_outreach.py.",NOT STARTED,,
LOW,VA,Waynesboro,EMAIL_FOIA,(540) 942-6600,TR@co.augusta.va.us,https://www.waynesboro.va.us/133/Treasurers-Office,"Send FOIA email requesting current excess proceeds/surplus funds list for Waynesboro, Virginia. Ask for Excel/PDF format. Template in county_email_outreach.py.",NOT STARTED,,
LOW,VA,Westmoreland,EMAIL_FOIA,(804) 493-8061,lienhelp@tax.virginia.gov,https://www.westmoreland-county.org/treasurer,"Send FOIA email requesting current excess proceeds/surplus funds list for Westmoreland, Virginia. Ask for Excel/PDF format. Template in county_email_outreach.py.",NOT STARTED,,
LOW,VA,Williamsburg,PHONE_REQUEST,(757) 220-6155,,https://www.williamsburgva.gov/330/Treasurer,Call county office and request excess proceeds list. Ask: 1) Do you have an excess proceeds or surplus funds list? 2) Can you email it to claim@usforeclosurerecovery.com? 3) Is it available online?,NOT STARTED,,
LOW,VA,Winchester,EMAIL_FOIA,(540) 667-1815,Treasurer@winchesterva.gov,https://www.winchesterva.gov/Government/City-Leadership/Constitutional-Officers/Treasurer,"Send FOIA email requesting current excess proceeds/surplus funds list for Winchester, Virginia. Ask for Excel/PDF format. Template in county_email_outreach.py.",NOT STARTED,,
LOW,VA,Wise,EMAIL_FOIA,(276) 328-2321,scollins@townofwise.org,https://www.wisecounty.org/229/Treasurer,"Send FOIA email requesting current excess proceeds/surplus funds list for Wise, Virginia. Ask for Excel/PDF format. Template in county_email_outreach.py.",NOT STARTED,,
LOW,VA,Wythe,PHONE_REQUEST,(276) 223-3333,,https://henrico.gov/finance/faqs/taxes-revenue/property-tax-personal,Call county office and request excess proceeds list. Ask: 1) Do you have an excess proceeds or surplus funds list? 2) Can you email it to claim@usforeclosurerecovery.com? 3) Is it available online?,NOT STARTED,,
LOW,VA,York,PHONE_REQUEST,(757) 890-3420,,https://www.yorkcounty.gov/288/Treasurer,Call county office and request excess proceeds list. Ask: 1) Do you have an excess proceeds or surplus funds list? 2) Can you email it to claim@usforeclosurerecovery.com? 3) Is it available online?,NOT STARTED,,
HIGH,WA,Adams County,EMAIL_FOIA,(509) 659-3203,veronicar@co.adams.wa.us,https://www.co.adams.wa.gov/159/Assessor,"Send FOIA email requesting current excess proceeds/surplus funds list for Adams County, Washington. Ask for Excel/PDF format. Template in county_email_outreach.py.",NOT STARTED,,
HIGH,WA,Asotin County,EMAIL_FOIA,(509) 243-2010,sharman@asotincountywa.gov,https://www.asotincountywa.gov/159/Assessor,"Send FOIA email requesting current excess proceeds/surplus funds list for Asotin County, Washington. Ask for Excel/PDF format. Template in county_email_outreach.py.",NOT STARTED,,
HIGH,WA,Benton County,EMAIL_FOIA,(509) 783-3777,assessmentinfo@bentoncountyor.gov,https://www.bentoncountytax.com,"Send FOIA email requesting current excess proceeds/surplus funds list for Benton County, Washington. Ask for Excel/PDF format. Template in county_email_outreach.py.",NOT STARTED,,
HIGH,WA,Chelan County,EMAIL_FOIA,(509) 667-6365,assessor@co.chelan.wa.us,https://www.co.chelan.wa.us/assessor/contacts,"Send FOIA email requesting current excess proceeds/surplus funds list for Chelan County, Washington. Ask for Excel/PDF format. Template in county_email_outreach.py.",NOT STARTED,,
HIGH,WA,Clallam County,EMAIL_FOIA,(360) 417-2228,richelle.souza@clallamcountywa.gov,https://www.clallamcountywa.gov/553/Personal-Property-Tax-Information,"Send FOIA email requesting current excess proceeds/surplus funds list for Clallam County, Washington. Ask for Excel/PDF format. Template in county_email_outreach.py.",NOT STARTED,,
MEDIUM,WA,Clark County,EMAIL_FOIA,(564) 397-2252,treasoff@clark.wa.gov,https://clark.wa.gov/treasurer/contact-us,"Send FOIA email requesting current excess proceeds/surplus funds list for Clark County, Washington. Ask for Excel/PDF format. Template in county_email_outreach.py.",NOT STARTED,,
MEDIUM,WA,Columbia County,EMAIL_FOIA,(503) 397-2240,assessor@columbiacountyor.gov,https://www.columbiacountyor.gov/departments,"Send FOIA email requesting current excess proceeds/surplus funds list for Columbia County, Washington. Ask for Excel/PDF format. Template in county_email_outreach.py.",NOT STARTED,,
MEDIUM,WA,Cowlitz County,EMAIL_FOIA,(360) 577-3010,assessor@co.cowlitz.wa.us,https://www.co.cowlitz.wa.us/123/Assessor,"Send FOIA email requesting current excess proceeds/surplus funds list for Cowlitz County, Washington. Ask for Excel/PDF format. Template in county_email_outreach.py.",NOT STARTED,,
MEDIUM,WA,Douglas County,PHONE_REQUEST,(509) 745-8521,,https://www.douglascountywa.net/162/Assessor,Call county office and request excess proceeds list. Ask: 1) Do you have an excess proceeds or surplus funds list? 2) Can you email it to claim@usforeclosurerecovery.com? 3) Is it available online?,NOT STARTED,,
MEDIUM,WA,Ferry County,EMAIL_FOIA,(509) 775-5225,assessor@co.ferry.wa.us,https://www.ferry-county.com/departments/assessor/index.php,"Send FOIA email requesting current excess proceeds/surplus funds list for Ferry County, Washington. Ask for Excel/PDF format. Template in county_email_outreach.py.",NOT STARTED,,
MEDIUM,WA,Franklin County,EMAIL_FOIA,(509) 545-3506,assessor-persprop@co.franklin.wa.us,https://www.franklincountywa.gov/644/Assessor,"Send FOIA email requesting current excess proceeds/surplus funds list for Franklin County, Washington. Ask for Excel/PDF format. Template in county_email_outreach.py.",NOT STARTED,,
MEDIUM,WA,Garfield County,EMAIL_FOIA,(509) 843-1531,treasurer@co.garfield.wa.us,https://propertytax.dor.wa.gov/county-contacts?,"Send FOIA email requesting current excess proceeds/surplus funds list for Garfield County, Washington. Ask for Excel/PDF format. Template in county_email_outreach.py.",NOT STARTED,,
MEDIUM,WA,Grant County,PHONE_REQUEST,(509) 754-2011,,https://www.grantcountywa.gov/384/Treasurer,Call county office and request excess proceeds list. Ask: 1) Do you have an excess proceeds or surplus funds list? 2) Can you email it to claim@usforeclosurerecovery.com? 3) Is it available online?,NOT STARTED,,
MEDIUM,WA,Grays Harbor County,EMAIL_FOIA,(360) 249-4121,dlindgren@graysharbor.us,https://www.graysharbor.us/government/assessor/index.php,"Send FOIA email requesting current excess proceeds/surplus funds list for Grays Harbor County, Washington. Ask for Excel/PDF format. Template in county_email_outreach.py.",NOT STARTED,,
MEDIUM,WA,Island County,PHONE_REQUEST,(360) 679-7303,,https://www.islandcountywa.gov/158/Assessor,Call county office and request excess proceeds list. Ask: 1) Do you have an excess proceeds or surplus funds list? 2) Can you email it to claim@usforeclosurerecovery.com? 3) Is it available online?,NOT STARTED,,
LOW,WA,Jefferson County,EMAIL_FOIA,(360) 385-9105,jchapman@co.jefferson.wa.us,https://www.countyoffice.org/jefferson-county-assessor-port-townsend-wa-02a,"Send FOIA email requesting current excess proceeds/surplus funds list for Jefferson County, Washington. Ask for Excel/PDF format. Template in county_email_outreach.py.",NOT STARTED,,
LOW,WA,King County,EMAIL_FOIA,(206) 263-2890,propertytax.customerservice@kingcounty.gov,https://kingcounty.gov/en/independents/buildings-and-property/property-taxes/property-tax-,"Send FOIA email requesting current excess proceeds/surplus funds list for King County, Washington. Ask for Excel/PDF format. Template in county_email_outreach.py.",NOT STARTED,,
LOW,WA,Kitsap County,EMAIL_FOIA,(360) 337-5777,assessor@kitsap.gov,https://www.kitsap.gov/assessor,"Send FOIA email requesting current excess proceeds/surplus funds list for Kitsap County, Washington. Ask for Excel/PDF format. Template in county_email_outreach.py.",NOT STARTED,,
LOW,WA,Kittitas County,PHONE_REQUEST,(866) 279-1721,,https://www.co.kittitas.wa.us/contact.aspx,Call county office and request excess proceeds list. Ask: 1) Do you have an excess proceeds or surplus funds list? 2) Can you email it to claim@usforeclosurerecovery.com? 3) Is it available online?,NOT STARTED,,
LOW,WA,Klickitat County,EMAIL_FOIA,(509) 773-3715,realproperty@klickitatcounty.org,http://www.klickitatcounty.gov/149/Assessor,"Send FOIA email requesting current excess proceeds/surplus funds list for Klickitat County, Washington. Ask for Excel/PDF format. Template in county_email_outreach.py.",NOT STARTED,,
LOW,WA,Lewis County,EMAIL_FOIA,(360) 740-1392,ross.nielson@lewiscountywa.gov,https://lewiscountywa.gov/offices/assessor,"Send FOIA email requesting current excess proceeds/surplus funds list for Lewis County, Washington. Ask for Excel/PDF format. Template in county_email_outreach.py.",NOT STARTED,,
LOW,WA,Lincoln County,PHONE_REQUEST,(509) 725-7011,,https://www.lincolncountywa.com/Directory.aspx?did=18,Call county office and request excess proceeds list. Ask: 1) Do you have an excess proceeds or surplus funds list? 2) Can you email it to claim@usforeclosurerecovery.com? 3) Is it available online?,NOT STARTED,,
LOW,WA,Mason County,PHONE_REQUEST,(360) 427-9670,,https://www.masoncountywa.gov/departments/assessor/index.php,Call county office and request excess proceeds list. Ask: 1) Do you have an excess proceeds or surplus funds list? 2) Can you email it to claim@usforeclosurerecovery.com? 3) Is it available online?,NOT STARTED,,
LOW,WA,Okanogan County,EMAIL_FOIA,(509) 422-7190,assessor@co.okanogan.wa.us,https://www.okanogancounty.org/government/treasurer/index.php,"Send FOIA email requesting current excess proceeds/surplus funds list for Okanogan County, Washington. Ask for Excel/PDF format. Template in county_email_outreach.py.",NOT STARTED,,
LOW,WA,Pacific County,EMAIL_FOIA,(360) 875-9421,rgoodin@co.pacific.wa.us,https://www.pacificcountytreasurer.com,"Send FOIA email requesting current excess proceeds/surplus funds list for Pacific County, Washington. Ask for Excel/PDF format. Template in county_email_outreach.py.",NOT STARTED,,
LOW,WA,Pend Oreille County,PHONE_REQUEST,(509) 447-3612,,https://www.pendoreille.gov,Call county office and request excess proceeds list. Ask: 1) Do you have an excess proceeds or surplus funds list? 2) Can you email it to claim@usforeclosurerecovery.com? 3) Is it available online?,NOT STARTED,,
LOW,WA,Pierce County,EMAIL_FOIA,(253) 798-6111,PCATR@piercecountywa.gov,https://www.piercecountywa.gov/719/Contact-Us,"Send FOIA email requesting current excess proceeds/surplus funds list for Pierce County, Washington. Ask for Excel/PDF format. Template in county_email_outreach.py.",NOT STARTED,,
LOW,WA,San Juan County,EMAIL_FOIA,(360) 378-2172,assessor@sanjuancountywa.gov,https://www.sanjuancountywa.gov/149/Assessor,"Send FOIA email requesting current excess proceeds/surplus funds list for San Juan County, Washington. Ask for Excel/PDF format. Template in county_email_outreach.py.",NOT STARTED,,
LOW,WA,Skagit County,EMAIL_FOIA,(360) 416-1780,assessor@co.skagit.wa.us,https://www.skagitcounty.net/Departments/assessor/main.htm,"Send FOIA email requesting current excess proceeds/surplus funds list for Skagit County, Washington. Ask for Excel/PDF format. Template in county_email_outreach.py.",NOT STARTED,,
LOW,WA,Skamania County,EMAIL_FOIA,(509) 427-3720,spencer@co.skamania.wa.us,https://propertytax.dor.wa.gov/node/2042,"Send FOIA email requesting current excess proceeds/surplus funds list for Skamania County, Washington. Ask for Excel/PDF format. Template in county_email_outreach.py.",NOT STARTED,,
LOW,WA,Snohomish County,EMAIL_FOIA,(425) 388-3433,contact.assessor@snoco.org,https://snohomishcountywa.gov/1388/Customer-Service-Center,"Send FOIA email requesting current excess proceeds/surplus funds list for Snohomish County, Washington. Ask for Excel/PDF format. Template in county_email_outreach.py.",NOT STARTED,,
LOW,WA,Spokane County,EMAIL_FOIA,(509) 477-3698,assessor@spokanecounty.gov,https://www.spokanecounty.gov/5523/Treasurer,"Send FOIA email requesting current excess proceeds/surplus funds list for Spokane County, Washington. Ask for Excel/PDF format. Template in county_email_outreach.py.",NOT STARTED,,
LOW,WA,Stevens County,EMAIL_FOIA,(509) 684-6161,rjohnson@stevenscountywa.gov,https://www.stevenscountywa.gov/20835/assessor,"Send FOIA email requesting current excess proceeds/surplus funds list for Stevens County, Washington. Ask for Excel/PDF format. Template in county_email_outreach.py.",NOT STARTED,,
LOW,WA,Thurston County,EMAIL_FOIA,(360) 867-2200,asrinfo@co.thurston.wa.us,https://www.thurstoncountywa.gov/departments/assessor,"Send FOIA email requesting current excess proceeds/surplus funds list for Thurston County, Washington. Ask for Excel/PDF format. Template in county_email_outreach.py.",NOT STARTED,,
LOW,WA,Wahkiakum County,EMAIL_FOIA,(360) 795-3791,CoonsB@co.wahkiakum.wa.us,https://www.co.wahkiakum.wa.us/278/Assessor,"Send FOIA email requesting current excess proceeds/surplus funds list for Wahkiakum County, Washington. Ask for Excel/PDF format. Template in county_email_outreach.py.",NOT STARTED,,
LOW,WA,Walla Walla County,EMAIL_FOIA,(509) 524-2560,assessor@wwcowa.gov,https://www.wwcowa.gov/departments/assessor/index.php,"Send FOIA email requesting current excess proceeds/surplus funds list for Walla Walla County, Washington. Ask for Excel/PDF format. Template in county_email_outreach.py.",NOT STARTED,,
LOW,WA,Whatcom County,EMAIL_FOIA,(360) 778-5050,assessor@co.whatcom.wa.us,https://www.whatcomcounty.us/3468/Contact-Us,"Send FOIA email requesting current excess proceeds/surplus funds list for Whatcom County, Washington. Ask for Excel/PDF format. Template in county_email_outreach.py.",NOT STARTED,,
LOW,WA,Whitman County,PHONE_REQUEST,(509) 397-6220,,https://www.whitmancounty.gov/613/Contact-Us,Call county office and request excess proceeds list. Ask: 1) Do you have an excess proceeds or surplus funds list? 2) Can you email it to claim@usforeclosurerecovery.com? 3) Is it available online?,NOT STARTED,,
LOW,WA,Yakima County,EMAIL_FOIA,(509) 574-1100,assessor.info@co.yakima.wa.us,https://www.yakimacounty.us/218/Assessors-Office,"Send FOIA email requesting current excess proceeds/surplus funds list for Yakima County, Washington. Ask for Excel/PDF format. Template in county_email_outreach.py.",NOT STARTED,,
HIGH,WV,Barbour County,EMAIL_FOIA,(304) 457-2336,TaxHelp@WV.Gov,https://barbourcountywv.gov/assessor,"Send FOIA email requesting current excess proceeds/surplus funds list for Barbour County, West Virginia. Ask for Excel/PDF format. Template in county_email_outreach.py.",NOT STARTED,,
HIGH,WV,Berkeley County,PHONE_REQUEST,(304) 267-1904,,https://tax.wv.gov/Business/PropertyTax/Pages/PropertyTaxCountyAssessors.aspx,Call county office and request excess proceeds list. Ask: 1) Do you have an excess proceeds or surplus funds list? 2) Can you email it to claim@usforeclosurerecovery.com? 3) Is it available online?,NOT STARTED,,
HIGH,WV,Boone County,EMAIL_FOIA,(304) 369-7308,TaxHelp@WV.Gov,https://tax.wv.gov/Business/PropertyTax/Pages/PropertyTaxCountyAssessors.aspx,"Send FOIA email requesting current excess proceeds/surplus funds list for Boone County, West Virginia. Ask for Excel/PDF format. Template in county_email_outreach.py.",NOT STARTED,,
HIGH,WV,Braxton County,EMAIL_FOIA,(304) 765-2805,etichner@assessor.state.wv.us,https://www.braxtoncountywv.gov/county-assessor,"Send FOIA email requesting current excess proceeds/surplus funds list for Braxton County, West Virginia. Ask for Excel/PDF format. Template in county_email_outreach.py.",NOT STARTED,,
HIGH,WV,Brooke County,EMAIL_FOIA,(304) 737-3667,TaxHelp@WV.Gov,https://tax.brookecountysheriff.com,"Send FOIA email requesting current excess proceeds/surplus funds list for Brooke County, West Virginia. Ask for Excel/PDF format. Template in county_email_outreach.py.",NOT STARTED,,
MEDIUM,WV,Cabell County,EMAIL_FOIA,(304) 526-8687,TaxHelp@WV.Gov,https://www.cabellcounty.org/departments/assessors/index.php,"Send FOIA email requesting current excess proceeds/surplus funds list for Cabell County, West Virginia. Ask for Excel/PDF format. Template in county_email_outreach.py.",NOT STARTED,,
MEDIUM,WV,Calhoun County,EMAIL_FOIA,(304) 354-6958,TaxHelp@WV.Gov,https://tax.wv.gov/Business/PropertyTax/Pages/PropertyTaxCountyAssessors.aspx,"Send FOIA email requesting current excess proceeds/surplus funds list for Calhoun County, West Virginia. Ask for Excel/PDF format. Template in county_email_outreach.py.",NOT STARTED,,
MEDIUM,WV,Clay County,EMAIL_FOIA,(304) 587-4258,assesor@claycountywv.us,https://claycounty.wv.gov/countygovernmentagencies/Pages/assessor.aspx,"Send FOIA email requesting current excess proceeds/surplus funds list for Clay County, West Virginia. Ask for Excel/PDF format. Template in county_email_outreach.py.",NOT STARTED,,
MEDIUM,WV,Doddridge County,EMAIL_FOIA,(304) 558-3333,TaxHelp@WV.Gov,https://tax.wv.gov/Business/PropertyTax/Pages/PropertyTaxCountyAssessors.aspx,"Send FOIA email requesting current excess proceeds/surplus funds list for Doddridge County, West Virginia. Ask for Excel/PDF format. Template in county_email_outreach.py.",NOT STARTED,,
MEDIUM,WV,Fayette County,EMAIL_FOIA,(304) 574-4240,TaxHelp@WV.Gov,https://fayettecounty.wv.gov/taxdept,"Send FOIA email requesting current excess proceeds/surplus funds list for Fayette County, West Virginia. Ask for Excel/PDF format. Template in county_email_outreach.py.",NOT STARTED,,
MEDIUM,WV,Gilmer County,EMAIL_FOIA,(304) 462-7731,theassessor@gilmercountywv.gov,https://www.gilmercountywv.gov/cms.aspx?Name=Assessor,"Send FOIA email requesting current excess proceeds/surplus funds list for Gilmer County, West Virginia. Ask for Excel/PDF format. Template in county_email_outreach.py.",NOT STARTED,,
MEDIUM,WV,Grant County,EMAIL_FOIA,(304) 257-1050,TaxHelp@WV.Gov,https://www.grantcountywv.org/agencies/county-assessor.php,"Send FOIA email requesting current excess proceeds/surplus funds list for Grant County, West Virginia. Ask for Excel/PDF format. Template in county_email_outreach.py.",NOT STARTED,,
MEDIUM,WV,Greenbrier County,EMAIL_FOIA,(304) 647-6615,jdarnell@assessor.state.wv.us,https://greenbriercounty.net/departments/assessor,"Send FOIA email requesting current excess proceeds/surplus funds list for Greenbrier County, West Virginia. Ask for Excel/PDF format. Template in county_email_outreach.py.",NOT STARTED,,
MEDIUM,WV,Hampshire County,PHONE_REQUEST,(304) 822-3326,,https://tax.wv.gov/Business/PropertyTax/Pages/PropertyTaxCountyAssessors.aspx,Call county office and request excess proceeds list. Ask: 1) Do you have an excess proceeds or surplus funds list? 2) Can you email it to claim@usforeclosurerecovery.com? 3) Is it available online?,NOT STARTED,,
MEDIUM,WV,Hancock County,EMAIL_FOIA,(304) 564-3311,TaxHelp@WV.Gov,https://www.hancockcountywv.org/assessor.html,"Send FOIA email requesting current excess proceeds/surplus funds list for Hancock County, West Virginia. Ask for Excel/PDF format. Template in county_email_outreach.py.",NOT STARTED,,
LOW,WV,Hardy County,EMAIL_FOIA,(304) 530-0202,TaxHelp@WV.Gov,https://tax.wv.gov/About/Contact/Pages/TaxpayerAppointmentServices.aspx,"Send FOIA email requesting current excess proceeds/surplus funds list for Hardy County, West Virginia. Ask for Excel/PDF format. Template in county_email_outreach.py.",NOT STARTED,,
LOW,WV,Harrison County,EMAIL_FOIA,(304) 624-8510,aferree@harrisoncountywv.gov,https://www.harrisoncountyassessor.com,"Send FOIA email requesting current excess proceeds/surplus funds list for Harrison County, West Virginia. Ask for Excel/PDF format. Template in county_email_outreach.py.",NOT STARTED,,
LOW,WV,Jackson County,EMAIL_FOIA,(304) 373-2240,TaxHelp@WV.Gov,https://tax.wv.gov/Business/PropertyTax/Pages/PropertyTaxCountyAssessors.aspx,"Send FOIA email requesting current excess proceeds/surplus funds list for Jackson County, West Virginia. Ask for Excel/PDF format. Template in county_email_outreach.py.",NOT STARTED,,
LOW,WV,Jefferson County,EMAIL_FOIA,(304) 728-3224,assessor@jeffersoncountywv.org,https://www.jeffersoncountywv.org/community-links/taxes-fines-and-fees,"Send FOIA email requesting current excess proceeds/surplus funds list for Jefferson County, West Virginia. Ask for Excel/PDF format. Template in county_email_outreach.py.",NOT STARTED,,
LOW,WV,Kanawha County,EMAIL_FOIA,(304) 357-0250,assessor@kanawha.us,https://tax.wv.gov/Business/PropertyTax/Pages/PropertyTaxCountyAssessors.aspx,"Send FOIA email requesting current excess proceeds/surplus funds list for Kanawha County, West Virginia. Ask for Excel/PDF format. Template in county_email_outreach.py.",NOT STARTED,,
LOW,WV,Lewis County,EMAIL_FOIA,(304) 269-8205,jbreen@assessor.state.wv.us,https://tax.wv.gov/Business/PropertyTax/Pages/PropertyTaxCountyAssessors.aspx,"Send FOIA email requesting current excess proceeds/surplus funds list for Lewis County, West Virginia. Ask for Excel/PDF format. Template in county_email_outreach.py.",NOT STARTED,,
LOW,WV,Lincoln County,EMAIL_FOIA,(304) 824-7878,thewvtax@wv.gov,https://tax.wv.gov/Business/PropertyTax/Pages/PropertyTaxCountyAssessors.aspx,"Send FOIA email requesting current excess proceeds/surplus funds list for Lincoln County, West Virginia. Ask for Excel/PDF format. Template in county_email_outreach.py.",NOT STARTED,,
LOW,WV,Logan County,EMAIL_FOIA,(304) 792-8520,TaxHelp@WV.Gov,https://logancountyassessor.us,"Send FOIA email requesting current excess proceeds/surplus funds list for Logan County, West Virginia. Ask for Excel/PDF format. Template in county_email_outreach.py.",NOT STARTED,,
LOW,WV,Marion County,EMAIL_FOIA,(304) 367-5410,Assessor@Indy.gov,https://www.marioncountywv.com/departments/assessor/index.php,"Send FOIA email requesting current excess proceeds/surplus funds list for Marion County, West Virginia. Ask for Excel/PDF format. Template in county_email_outreach.py.",NOT STARTED,,
LOW,WV,Marshall County,EMAIL_FOIA,(304) 843-1400,taxoffice@marshallcountywv.gov,https://marshallcountywv.gov/agencies/tax-office,"Send FOIA email requesting current excess proceeds/surplus funds list for Marshall County, West Virginia. Ask for Excel/PDF format. Template in county_email_outreach.py.",NOT STARTED,,
LOW,WV,Mason County,EMAIL_FOIA,(304) 675-2840,TaxHelp@WV.Gov,https://tax.wv.gov/Business/PropertyTax/Pages/PropertyTaxCountyAssessors.aspx,"Send FOIA email requesting current excess proceeds/surplus funds list for Mason County, West Virginia. Ask for Excel/PDF format. Template in county_email_outreach.py.",NOT STARTED,,
LOW,WV,McDowell County,EMAIL_FOIA,(304) 436-8528,TaxHelp@WV.Gov,https://tax.wv.gov/Business/PropertyTax/Pages/PropertyTaxCountyAssessors.aspx,"Send FOIA email requesting current excess proceeds/surplus funds list for McDowell County, West Virginia. Ask for Excel/PDF format. Template in county_email_outreach.py.",NOT STARTED,,
LOW,WV,Mercer County,EMAIL_FOIA,(304) 487-8397,assessor@mercerassessor.com,https://mercercountywv.com/offices/assessor,"Send FOIA email requesting current excess proceeds/surplus funds list for Mercer County, West Virginia. Ask for Excel/PDF format. Template in county_email_outreach.py.",NOT STARTED,,
LOW,WV,Mineral County,EMAIL_FOIA,(304) 788-3753,TaxHelp@WV.Gov,https://tax.wv.gov/Business/PropertyTax/Pages/PropertyTaxCountyAssessors.aspx,"Send FOIA email requesting current excess proceeds/surplus funds list for Mineral County, West Virginia. Ask for Excel/PDF format. Template in county_email_outreach.py.",NOT STARTED,,
LOW,WV,Mingo County,EMAIL_FOIA,(304) 235-0310,TaxHelp@WV.Gov,https://www.taxsaleresources.com/counties/mingo-county-west-virginia,"Send FOIA email requesting current excess proceeds/surplus funds list for Mingo County, West Virginia. Ask for Excel/PDF format. Template in county_email_outreach.py.",NOT STARTED,,
LOW,WV,Monongalia County,EMAIL_FOIA,(304) 291-7222,personalproperty@assessor.org,https://tax.wv.gov/Business/PropertyTax/Pages/PropertyTaxCountyAssessors.aspx,"Send FOIA email requesting current excess proceeds/surplus funds list for Monongalia County, West Virginia. Ask for Excel/PDF format. Template in county_email_outreach.py.",NOT STARTED,,
LOW,WV,Monroe County,EMAIL_FOIA,(304) 772-3083,smartin@assessor.state.wv.us,https://www.monroecountywv.gov/assessor,"Send FOIA email requesting current excess proceeds/surplus funds list for Monroe County, West Virginia. Ask for Excel/PDF format. Template in county_email_outreach.py.",NOT STARTED,,
LOW,WV,Morgan County,EMAIL_FOIA,(304) 258-8570,dweaver1@assessor.state.wv.us,https://morgancountywv.gov/assessor,"Send FOIA email requesting current excess proceeds/surplus funds list for Morgan County, West Virginia. Ask for Excel/PDF format. Template in county_email_outreach.py.",NOT STARTED,,
LOW,WV,Nicholas County,EMAIL_FOIA,(304) 872-7800,TaxHelp@WV.Gov,https://nicholascountywv.org/assessor,"Send FOIA email requesting current excess proceeds/surplus funds list for Nicholas County, West Virginia. Ask for Excel/PDF format. Template in county_email_outreach.py.",NOT STARTED,,
LOW,WV,Ohio County,PHONE_REQUEST,(304) 234-3626,,https://tax.wv.gov/Business/PropertyTax/Pages/PropertyTaxCountyAssessors.aspx,Call county office and request excess proceeds list. Ask: 1) Do you have an excess proceeds or surplus funds list? 2) Can you email it to claim@usforeclosurerecovery.com? 3) Is it available online?,NOT STARTED,,
LOW,WV,Pendleton County,EMAIL_FOIA,(304) 358-2563,info@pendletoncountywv.gov,https://pencowv.com/departments/county-assessors-office,"Send FOIA email requesting current excess proceeds/surplus funds list for Pendleton County, West Virginia. Ask for Excel/PDF format. Template in county_email_outreach.py.",NOT STARTED,,
LOW,WV,Pleasants County,PHONE_REQUEST,(304) 684-3132,,https://tax.wv.gov/Business/PropertyTax/Pages/PropertyTaxCountyAssessors.aspx,Call county office and request excess proceeds list. Ask: 1) Do you have an excess proceeds or surplus funds list? 2) Can you email it to claim@usforeclosurerecovery.com? 3) Is it available online?,NOT STARTED,,
LOW,WV,Pocahontas County,EMAIL_FOIA,(304) 799-4750,TaxHelp@WV.Gov,https://pocahontascountycommission.com/officials/assessor,"Send FOIA email requesting current excess proceeds/surplus funds list for Pocahontas County, West Virginia. Ask for Excel/PDF format. Template in county_email_outreach.py.",NOT STARTED,,
LOW,WV,Preston County,EMAIL_FOIA,(304) 329-1220,cervin@prestoncountywv.gov,https://tax.wv.gov/Business/PropertyTax/Pages/PropertyTaxCountyAssessors.aspx,"Send FOIA email requesting current excess proceeds/surplus funds list for Preston County, West Virginia. Ask for Excel/PDF format. Template in county_email_outreach.py.",NOT STARTED,,
LOW,WV,Putnam County,EMAIL_FOIA,(304) 586-0206,TaxHelp@WV.Gov,https://putnamcountywv.gov/assessor,"Send FOIA email requesting current excess proceeds/surplus funds list for Putnam County, West Virginia. Ask for Excel/PDF format. Template in county_email_outreach.py.",NOT STARTED,,
LOW,WV,Raleigh County,EMAIL_FOIA,(304) 255-9120,TaxHelp@WV.Gov,https://raleighcountyassessor.com,"Send FOIA email requesting current excess proceeds/surplus funds list for Raleigh County, West Virginia. Ask for Excel/PDF format. Template in county_email_outreach.py.",NOT STARTED,,
LOW,WV,Randolph County,EMAIL_FOIA,(304) 636-2100,info@randolphwv.gov,https://randolphsheriffwv.gov/taxes,"Send FOIA email requesting current excess proceeds/surplus funds list for Randolph County, West Virginia. Ask for Excel/PDF format. Template in county_email_outreach.py.",NOT STARTED,,
LOW,WV,Ritchie County,EMAIL_FOIA,(304) 643-2164,TaxHelp@WV.Gov,https://tax.wv.gov/Business/PropertyTax/Pages/PropertyTaxCountyAssessors.aspx,"Send FOIA email requesting current excess proceeds/surplus funds list for Ritchie County, West Virginia. Ask for Excel/PDF format. Template in county_email_outreach.py.",NOT STARTED,,
LOW,WV,Roane County,EMAIL_FOIA,(304) 927-3020,TaxHelp@WV.Gov,https://tax.wv.gov/Business/PropertyTax/Pages/PropertyTaxCountyAssessors.aspx,"Send FOIA email requesting current excess proceeds/surplus funds list for Roane County, West Virginia. Ask for Excel/PDF format. Template in county_email_outreach.py.",NOT STARTED,,
LOW,WV,Summers County,EMAIL_FOIA,(304) 466-7101,TaxHelp@WV.Gov,https://www.summerscountywv.gov/assessorsoffice,"Send FOIA email requesting current excess proceeds/surplus funds list for Summers County, West Virginia. Ask for Excel/PDF format. Template in county_email_outreach.py.",NOT STARTED,,
LOW,WV,Taylor County,EMAIL_FOIA,(304) 265-2420,TaxHelp@WV.Gov,https://tax.wv.gov/Business/PropertyTax/Pages/PropertyTaxCountyAssessors.aspx,"Send FOIA email requesting current excess proceeds/surplus funds list for Taylor County, West Virginia. Ask for Excel/PDF format. Template in county_email_outreach.py.",NOT STARTED,,
LOW,WV,Tucker County,EMAIL_FOIA,(304) 478-3727,TaxHelp@WV.Gov,https://tuckercountycommission.com/assessors-office,"Send FOIA email requesting current excess proceeds/surplus funds list for Tucker County, West Virginia. Ask for Excel/PDF format. Template in county_email_outreach.py.",NOT STARTED,,
LOW,WV,Tyler County,EMAIL_FOIA,(304) 758-4781,lweigle@wvassessor.com,https://tylercountywv.com/tyler-county-assessor,"Send FOIA email requesting current excess proceeds/surplus funds list for Tyler County, West Virginia. Ask for Excel/PDF format. Template in county_email_outreach.py.",NOT STARTED,,
LOW,WV,Upshur County,EMAIL_FOIA,(304) 472-4650,TaxHelp@WV.Gov,https://www.upshurcounty.org/departments/contact_us.php,"Send FOIA email requesting current excess proceeds/surplus funds list for Upshur County, West Virginia. Ask for Excel/PDF format. Template in county_email_outreach.py.",NOT STARTED,,
LOW,WV,Wayne County,EMAIL_FOIA,(304) 272-6352,TaxHelp@WV.Gov,https://waynecountywv.org/assessor.php,"Send FOIA email requesting current excess proceeds/surplus funds list for Wayne County, West Virginia. Ask for Excel/PDF format. Template in county_email_outreach.py.",NOT STARTED,,
LOW,WV,Webster County,EMAIL_FOIA,(304) 847-5780,TaxHelp@WV.Gov,https://www.webstercountywv.com/blank-7/blank-6,"Send FOIA email requesting current excess proceeds/surplus funds list for Webster County, West Virginia. Ask for Excel/PDF format. Template in county_email_outreach.py.",NOT STARTED,,
LOW,WV,Wetzel County,EMAIL_FOIA,(304) 455-8214,bhayes@assessor.state.wv.us,https://www.wetzelcountywv.gov/county-assessor-faq,"Send FOIA email requesting current excess proceeds/surplus funds list for Wetzel County, West Virginia. Ask for Excel/PDF format. Template in county_email_outreach.py.",NOT STARTED,,
LOW,WV,Wirt County,EMAIL_FOIA,(304) 275-3192,kroot@wirtcountywvsheriff.gov,https://tax.wv.gov/Business/PropertyTax/Pages/PropertyTaxCountyAssessors.aspx,"Send FOIA email requesting current excess proceeds/surplus funds list for Wirt County, West Virginia. Ask for Excel/PDF format. Template in county_email_outreach.py.",NOT STARTED,,
LOW,WV,Wood County,EMAIL_FOIA,(304) 424-1875,auditor@woodcountyohio.gov,https://tax.wv.gov/Business/PropertyTax/Pages/PropertyTaxCountyAssessors.aspx,"Send FOIA email requesting current excess proceeds/surplus funds list for Wood County, West Virginia. Ask for Excel/PDF format. Template in county_email_outreach.py.",NOT STARTED,,
LOW,WV,Wyoming County,EMAIL_FOIA,(304) 732-8000,mecook2@assessor.state.wv.us,https://tax.wv.gov/Business/PropertyTax/Pages/PropertyTaxCountyAssessors.aspx,"Send FOIA email requesting current excess proceeds/surplus funds list for Wyoming County, West Virginia. Ask for Excel/PDF format. Template in county_email_outreach.py.",NOT STARTED,,
HIGH,WY,Albany County,EMAIL_FOIA,(307) 721-2511,cmathews@co.albany.wy.us,https://wyo-prop-div.wyo.gov/contacts/assessor-contacts,"Send FOIA email requesting current excess proceeds/surplus funds list for Albany County, Wyoming. Ask for Excel/PDF format. Template in county_email_outreach.py.",NOT STARTED,,
HIGH,WY,Big Horn County,EMAIL_FOIA,(307) 568-2547,gina.anderson@bighorncountywy.gov,https://www.bighorncountywy.gov/departments/assessor,"Send FOIA email requesting current excess proceeds/surplus funds list for Big Horn County, Wyoming. Ask for Excel/PDF format. Template in county_email_outreach.py.",NOT STARTED,,
HIGH,WY,Campbell County,PHONE_REQUEST,(307) 682-7266,,https://www.campbellcountywy.gov/Directory.aspx,Call county office and request excess proceeds list. Ask: 1) Do you have an excess proceeds or surplus funds list? 2) Can you email it to claim@usforeclosurerecovery.com? 3) Is it available online?,NOT STARTED,,
HIGH,WY,Carbon County,EMAIL_FOIA,(307) 328-2637,reneesnider@carbonwy.com,http://www.carboncountywy.gov/Directory.aspx?did=23,"Send FOIA email requesting current excess proceeds/surplus funds list for Carbon County, Wyoming. Ask for Excel/PDF format. Template in county_email_outreach.py.",NOT STARTED,,
HIGH,WY,Converse County,PHONE_REQUEST,(307) 358-3120,,https://www.conversecountywy.gov/177/County-Assessor,Call county office and request excess proceeds list. Ask: 1) Do you have an excess proceeds or surplus funds list? 2) Can you email it to claim@usforeclosurerecovery.com? 3) Is it available online?,NOT STARTED,,
MEDIUM,WY,Crook County,EMAIL_FOIA,(307) 283-2054,danielt@crookcounty.wy.gov,https://www.crookcounty.wy.gov/elected_officials/assessor,"Send FOIA email requesting current excess proceeds/surplus funds list for Crook County, Wyoming. Ask for Excel/PDF format. Template in county_email_outreach.py.",NOT STARTED,,
MEDIUM,WY,Fremont County,EMAIL_FOIA,(307) 332-1188,assessor@fremontcountywy.gov,https://fremontcountywy.gov/government/elected_officials/assessor/index.php,"Send FOIA email requesting current excess proceeds/surplus funds list for Fremont County, Wyoming. Ask for Excel/PDF format. Template in county_email_outreach.py.",NOT STARTED,,
MEDIUM,WY,Goshen County,EMAIL_FOIA,(307) 532-2349,dsurratt@goshencounty.org,https://www.countyoffice.org/goshen-county-assessors-office-torrington-wy-05b,"Send FOIA email requesting current excess proceeds/surplus funds list for Goshen County, Wyoming. Ask for Excel/PDF format. Template in county_email_outreach.py.",NOT STARTED,,
MEDIUM,WY,Hot Springs County,EMAIL_FOIA,(307) 864-3414,assessor@hscounty.com,https://hscounty.com/departments/assessor,"Send FOIA email requesting current excess proceeds/surplus funds list for Hot Springs County, Wyoming. Ask for Excel/PDF format. Template in county_email_outreach.py.",NOT STARTED,,
MEDIUM,WY,Johnson County,EMAIL_FOIA,(307) 684-7392,sesponda@johnsoncowy.gov,https://www.johnsoncowy.gov/departments/assessor,"Send FOIA email requesting current excess proceeds/surplus funds list for Johnson County, Wyoming. Ask for Excel/PDF format. Template in county_email_outreach.py.",NOT STARTED,,
MEDIUM,WY,Laramie County,EMAIL_FOIA,(307) 633-4307,assessor@laramiecountywy.gov,https://www.laramiecountywy.gov/County-Government/Elected-Officials/County-Assessor,"Send FOIA email requesting current excess proceeds/surplus funds list for Laramie County, Wyoming. Ask for Excel/PDF format. Template in county_email_outreach.py.",NOT STARTED,,
MEDIUM,WY,Lincoln County,EMAIL_FOIA,(307) 877-2030,debbie.larson@lincolncountywy.gov,https://www.taxassessors.net/wyoming/lincolncounty.htm,"Send FOIA email requesting current excess proceeds/surplus funds list for Lincoln County, Wyoming. Ask for Excel/PDF format. Template in county_email_outreach.py.",NOT STARTED,,
MEDIUM,WY,Natrona County,EMAIL_FOIA,(307) 235-9444,assessor@natronacounty-wy.gov,https://wyo-prop-div.wyo.gov/contacts/assessor-contacts,"Send FOIA email requesting current excess proceeds/surplus funds list for Natrona County, Wyoming. Ask for Excel/PDF format. Template in county_email_outreach.py.",NOT STARTED,,
MEDIUM,WY,Niobrara County,EMAIL_FOIA,(307) 334-3013,tstephens@niobraracounty.org,https://www.niobraracounty.org/_departments/_assessor/index.asp,"Send FOIA email requesting current excess proceeds/surplus funds list for Niobrara County, Wyoming. Ask for Excel/PDF format. Template in county_email_outreach.py.",NOT STARTED,,
MEDIUM,WY,Park County,EMAIL_FOIA,(307) 527-8630,Terry.Call@parkcounty-wy.gov,https://parkcounty-wy.gov/county-treasurer,"Send FOIA email requesting current excess proceeds/surplus funds list for Park County, Wyoming. Ask for Excel/PDF format. Template in county_email_outreach.py.",NOT STARTED,,
LOW,WY,Platte County,EMAIL_FOIA,(307) 322-2858,deppe@plattecountywyoming.com,https://www.plattecountywyoming.com/departments/Assessor,"Send FOIA email requesting current excess proceeds/surplus funds list for Platte County, Wyoming. Ask for Excel/PDF format. Template in county_email_outreach.py.",NOT STARTED,,
LOW,WY,Sheridan County,PHONE_REQUEST,(307) 674-2535,,https://www.sheridancountywy.gov/county_government/elected_offices/assessor/index.php,Call county office and request excess proceeds list. Ask: 1) Do you have an excess proceeds or surplus funds list? 2) Can you email it to claim@usforeclosurerecovery.com? 3) Is it available online?,NOT STARTED,,
LOW,WY,Sublette County,PHONE_REQUEST,(307) 367-4374,,https://www.sublettecountywy.gov/64/Assessor,Call county office and request excess proceeds list. Ask: 1) Do you have an excess proceeds or surplus funds list? 2) Can you email it to claim@usforeclosurerecovery.com? 3) Is it available online?,NOT STARTED,,
LOW,WY,Sweetwater County,EMAIL_FOIA,(307) 872-3720,taxes@sweet.wy.us,https://www.sweetwatercountywy.gov/staff_directory/treasurer_s_office.php,"Send FOIA email requesting current excess proceeds/surplus funds list for Sweetwater County, Wyoming. Ask for Excel/PDF format. Template in county_email_outreach.py.",NOT STARTED,,
LOW,WY,Teton County,EMAIL_FOIA,(307) 733-4770,Terry.Call@ParkCounty-wy.gov,https://tetoncountywy.gov/Directory.aspx?did=7,"Send FOIA email requesting current excess proceeds/surplus funds list for Teton County, Wyoming. Ask for Excel/PDF format. Template in county_email_outreach.py.",NOT STARTED,,
LOW,WY,Uinta County,EMAIL_FOIA,(307) 783-0338,assessor@uintacountywy.gov,https://uintacountywy.gov/18/County-Assessor,"Send FOIA email requesting current excess proceeds/surplus funds list for Uinta County, Wyoming. Ask for Excel/PDF format. Template in county_email_outreach.py.",NOT STARTED,,
LOW,WY,Washakie County,EMAIL_FOIA,(307) 347-2831,assessor@washakiecounty-wy.gov,https://wyo-prop-div.wyo.gov/contacts/assessor-contacts,"Send FOIA email requesting current excess proceeds/surplus funds list for Washakie County, Wyoming. Ask for Excel/PDF format. Template in county_email_outreach.py.",NOT STARTED,,
LOW,WY,Weston County,EMAIL_FOIA,(307) 746-4633,Terry.Call@ParkCounty-wy.gov,https://www.westongov.com/county-assessor,"Send FOIA email requesting current excess proceeds/surplus funds list for Weston County, Wyoming. Ask for Excel/PDF format. Template in county_email_outreach.py.",NOT STARTED,,
